Ia,Ib,Ic,Va,Vb,Vc,Fault_Type
56.19991801,-488.5100811,434.8485845,0.267754612,0.034817246,-0.302571858,LL
-734.0087575,-29.83662561,-41.57840776,-0.036775806,0.374464914,-0.337689108,LLG
669.085316,-842.8713173,173.7999112,-0.009486737,-0.030992586,0.040479323,LLLG
592.7925459,270.7626518,-863.5557037,0.041027427,-0.029649656,-0.011377771,LLLG
361.4751278,518.65782,-878.0862801,0.042253708,-0.018837727,-0.023415982,LLL
848.2669043,62.87742548,-11.132664,-0.154262661,-0.056247903,0.210510564,LG
-397.6202251,-483.3176358,883.0248479,-0.042369807,0.020661557,0.021708251,LLL
44.11913844,37.70838326,-84.98158589,-0.238595179,0.61934587,-0.380750691,Normal
665.5422393,-835.9263106,172.3762097,-0.00994505,-0.030667097,0.040612147,LLL
-463.748008,-68.09741282,41.4339668,0.352243221,-0.371984345,0.019741124,LG
360.790888,517.9015317,-878.6946834,0.0422464,-0.018822726,-0.023423674,LLLG
-1.612790202,646.653984,-642.4514119,0.399943951,0.021351339,-0.42129529,LL
716.9376761,54.49826983,22.73862611,0.054154944,-0.380265788,0.326110844,LLLG
706.6234244,-816.0032625,-22.00210022,-0.006010967,-0.101105386,0.107116354,LLG
40.69835854,-24.43239939,-19.5692443,0.457427694,0.114528605,-0.571956299,Normal
-48.56653704,98.11226254,-52.9176469,-0.557308109,0.059757537,0.497550572,Normal
743.6439949,-793.2151934,49.58214935,-0.003689829,-0.03472974,0.038419569,LLLG
53.70700034,-617.4603092,566.4629915,0.207259787,0.026054265,-0.233314052,LL
-33.12954743,94.60424881,-64.48426037,-0.607437893,0.215689437,0.391748456,Normal
-7.577992729,685.5715014,-675.4131587,0.369561331,0.017813374,-0.387374706,LL
-148.804393,-680.0862087,828.8883382,-0.040320953,0.008888228,0.031432725,LLLG
25.99181504,-28.57634781,-0.725107648,0.551976446,-0.075004283,-0.476972163,Normal
405.7893873,-18.01864378,45.07422589,0.308212343,-0.601040801,0.292828458,LG
-871.8704732,-46.4905495,-7.567120371,0.014486444,0.274387689,-0.288874132,LG
-417.6787899,16.94320667,-44.72940227,-0.30459096,0.599761815,-0.295170855,LG
3.076858276,609.9715452,-610.3551419,0.422403689,0.024151965,-0.446555654,LL
12.99905666,525.2974629,-535.6882259,0.459722838,0.029303231,-0.489026069,LL
-721.5837431,-70.1753505,26.96229686,0.26380393,-0.151437961,-0.112365969,LG
-30.84162448,779.9367745,-749.0974138,0.036782631,-0.000216107,-0.036566524,LLLG
844.540124,-195.8030821,-648.7355386,0.029982413,-0.040948396,0.010965984,LLLG
38.30633046,-750.1348253,714.3550349,-0.034575871,0.013981023,0.020594848,LL
-787.0506463,81.87922092,-36.22130264,-0.033852099,0.36656043,-0.332708331,LLG
-748.3322626,196.8029241,552.0519595,-0.014435475,0.031855261,-0.017419786,LLLG
-31.76893358,-463.23271,497.4519834,-0.483631345,-0.032320088,0.515951433,LL
-15.83861703,-16.18850701,28.70345898,0.559987552,-0.434381804,-0.125605748,Normal
10.93061796,759.322752,-770.2550073,0.037742773,-0.002222076,-0.035520697,LLLG
441.1863708,-883.0754667,443.8852588,-0.022747393,-0.019559177,0.042306569,LLL
28.78084634,57.25678978,-88.95184659,-0.421862789,0.609588838,-0.187726049,Normal
752.4593925,26.77285111,-777.1780882,0.036416931,-0.03688971,0.00047278,LLL
-695.9883165,-70.24364915,-37.16305637,-0.016930522,0.35857609,-0.341645569,LLG
-70.87296991,54.75714638,12.89250556,-0.030247257,-0.496208451,0.526455708,Normal
50.77888798,-19.50060025,-34.21668356,0.334035859,0.275528962,-0.609564822,Normal
21.05422274,67.97228876,-92.29443225,-0.476092119,0.590648749,-0.11455663,Normal
353.8081058,-878.3149062,524.5045401,-0.02653935,-0.015305094,0.041844444,LLLG
54.82892976,-6.382299584,-51.49519615,0.190119781,0.411849421,-0.601969202,Normal
44.73143046,-709.5261145,667.3497116,0.044657396,0.020064248,-0.064721644,LL
-61.80014161,29.89365563,28.81187097,0.194432902,-0.57754482,0.383111918,Normal
869.835318,58.92123414,-5.732235715,-0.114810842,-0.122110987,0.236921829,LG
-230.1079065,-623.9567508,854.0623938,-0.041370388,0.012747055,0.028623333,LLLG
843.0966883,63.85601929,-12.66789479,-0.165087598,-0.037270009,0.202357608,LG
120.5053959,-153.2668202,34.89522107,0.041306378,-0.528009342,0.486702964,LLL
-68.84200984,77.25132262,-11.4027186,-0.302440282,-0.297340521,0.599780804,Normal
-883.3712492,426.7306219,456.6384267,-0.020396601,0.042387991,-0.02199139,LLLG
505.5384474,374.612306,-880.1530171,0.041988721,-0.025594126,-0.016394596,LLLG
596.99834,-862.8636778,265.8630745,-0.014410781,-0.027264327,0.041675108,LLLG
-31.9780167,779.7288147,-745.1226753,0.21075139,0.001740624,-0.212492014,LL
857.088846,61.81782346,-9.605413124,-0.143087194,-0.075170243,0.218257437,LG
-9.589435982,89.60349031,-83.27194076,-0.607563601,0.421510909,0.186052692,Normal
-62.93996887,43.72630721,-49.89689811,-0.372983678,0.582074319,-0.209090641,LG
286.5347198,61.598669,-46.89645534,-0.376998625,0.473361332,-0.096362707,LG
583.2408466,-881.7683497,-33.12754727,-0.014471722,-0.019891213,0.034362934,LLG
-0.651255025,84.72709524,-87.33654567,-0.584669245,0.481492877,0.103176369,Normal
53.35245368,-585.1099194,534.364241,0.190338504,0.03014822,-0.220486724,LL
804.0755129,28.73925243,21.74492414,0.098658095,-0.421106605,0.322448511,LG
722.6654824,16.10699093,29.78101021,0.166173628,-0.495283143,0.329109515,LG
-540.4068943,-0.171898454,-38.91582684,-0.239215128,0.563080525,-0.323865398,LG
-43.39646435,97.41693172,-57.26710202,-0.579657606,0.115712385,0.463945221,Normal
883.2694037,-463.1877235,-420.0839434,0.018571575,-0.042209723,0.023638147,LLLG
-566.459833,-313.6545575,880.2758174,-0.036548658,0.027258548,0.00929011,LLLG
423.9368942,-893.1324585,471.3516613,-0.023346005,-0.018886987,0.042232992,LLL
59.22282055,-806.6274539,749.5665399,-0.035119273,-0.001461925,0.036581198,LLL
-249.3844327,858.4443489,-609.061771,0.030424787,0.010317957,-0.040742744,LLLG
-17.2547289,-593.2306908,612.8601908,-0.433791455,-0.024668794,0.458460249,LL
-62.12194063,31.16636116,27.73968745,0.193921133,-0.576792208,0.382871076,Normal
16.67619953,-29.52603232,9.661636187,0.581269624,-0.177206203,-0.40406342,Normal
-292.3124359,-568.697483,-57.44675551,-0.041942321,0.320103692,-0.278161371,LLG
555.6107609,-872.4078171,318.8694535,-0.016876474,-0.025192608,0.042069082,LLL
-68.21846979,45.82642038,18.92228416,0.082471995,-0.544938411,0.462466415,Normal
-29.12515891,92.83929443,-66.61131216,-0.613066835,0.250582014,0.362484821,Normal
-565.801661,-313.6957963,881.6701949,-0.036512668,0.027184675,0.009327993,LLL
870.5568574,-518.9522229,-39.26467013,0.016145511,-0.23603687,0.219891359,LLLG
659.9760689,-847.399243,187.4374445,-0.010098386,-0.030545299,0.040643685,LLLG
858.1907005,-590.1424664,2.834504176,0.012618636,-0.246047971,0.233429335,LLG
-636.658371,848.6791457,-212.0230384,0.011826527,0.029331988,-0.041158515,LLLG
49.98443096,-20.68131475,-32.24207688,0.34947694,0.258174193,-0.607651133,Normal
-402.3085526,211.0689838,193.4288702,0.158729138,-0.016970151,-0.141758986,LLL
29.25729094,-28.23894805,-4.326711269,0.537276211,-0.037253877,-0.500022334,Normal
-67.5031252,43.46089561,20.69677341,0.0924089,-0.549059739,0.456650839,Normal
-494.0250726,-387.6104775,881.6333021,-0.042121655,0.025149854,0.016971801,LLLG
36.0650408,53.393793,-92.49773329,-0.34160413,0.627232152,-0.285628021,Normal
-65.2036023,85.3758446,-23.28624895,-0.390120542,-0.202994438,0.59311498,Normal
-48.67363643,10.37435318,35.2106106,0.360219275,-0.580802512,0.220583237,Normal
51.03455773,26.73189331,-80.34933169,-0.102663754,0.585094409,-0.482430655,Normal
-393.2172171,19.0938761,-45.40414865,-0.311720778,0.602171704,-0.290450926,LG
-797.5936062,-27.71854888,-22.44746511,-0.104413369,0.427897867,-0.323484498,LG
48.36552275,30.43482268,-82.20969302,-0.148907682,0.600070437,-0.451162755,Normal
-59.45625877,702.7244725,-640.8233411,-0.075380042,-0.021768528,0.09714857,LL
-197.2050107,-58.16109934,48.22597968,0.381761812,-0.506855843,0.125094031,LG
-882.7084979,474.4796969,408.2265374,-0.018026006,0.04224733,-0.024221324,LLLG
39.70295721,-29.3012185,-5.64020414,0.552611761,-0.063832224,-0.488779537,Normal
-3.089410461,766.5231686,-763.4360219,0.037422568,-0.001546349,-0.035876219,LLLG
14.1573445,-26.5835838,8.983218029,0.583538415,-0.19352206,-0.390016354,Normal
47.7643506,49.31268807,-50.05320254,-0.379618926,0.560090942,-0.180472016,LG
22.04985346,-29.95698153,4.720769327,0.567731781,-0.122419562,-0.445312219,Normal
51.95430912,19.93363624,-75.04747032,-0.072746106,0.571532073,-0.498785967,Normal
52.41930685,-10.52678207,-45.18756634,0.26749541,0.344468801,-0.61196421,Normal
782.1263979,-746.0859479,-34.05007329,0.000606691,-0.052826393,0.052219703,LLL
-225.8938229,32.52019832,-48.67306954,-0.350281838,0.60330023,-0.253018393,LG
800.8442552,-724.0013212,-76.84519665,0.001929346,-0.037575112,0.035645766,LLLG
-59.94317531,95.09661649,-38.61731685,-0.473954908,-0.091051176,0.565006084,Normal
-4.593368006,666.8481834,-659.6696158,0.38518412,0.019604102,-0.404788223,LL
435.7801259,449.0039857,-882.7362634,0.042312743,-0.022322625,-0.019990118,LLL
881.8178892,-497.3641712,-382.3916512,0.016765707,-0.042040297,0.02527459,LLL
-586.3832911,0.429927387,-38.31399056,-0.242068179,0.563080486,-0.321012307,LG
-730.332279,74.13334463,656.5784558,0.009469629,0.026669714,-0.036139343,LLLG
755.7003014,-774.5095084,20.79924063,-0.002717996,-0.035227441,0.037945436,LLL
-70.9386542,58.43623749,9.627981298,-0.104556657,-0.45454065,0.559097307,Normal
19.0390825,-788.6281841,771.7516315,-0.035335965,0.000255306,0.035080658,LLL
861.1412084,42.15870672,11.41564979,0.015571937,-0.315927558,0.300355621,LG
-54.79281712,21.01979479,30.30834499,0.303986331,-0.584105857,0.280119526,Normal
-48.99481783,11.64461624,34.14048481,0.359708488,-0.580051345,0.220342857,Normal
-63.21427842,84.57206087,-24.24217978,-0.411078987,-0.177620879,0.588699866,Normal
-51.32731356,758.9906419,-705.1877752,0.027488826,-0.013950016,-0.01353881,LL
-48.89954224,13.4013181,32.0355253,0.366078484,-0.577058722,0.210980239,Normal
765.4417237,68.98947801,-22.88736946,-0.236528314,0.095553884,0.14097443,LG
-670.7023217,-40.46408501,15.5431089,0.101782601,0.177420906,-0.279203507,LG
294.6632829,-323.0615657,30.53860596,0.037998821,-0.536857054,0.498858233,LLL
-390.7131895,882.1792577,-489.3506095,0.024913882,0.01721564,-0.042129522,LLL
653.2084952,-631.9116683,-19.19321052,0.021507124,-0.404377043,0.382869918,LLL
471.1590514,411.4140159,-882.5739576,0.042225749,-0.02400271,-0.018223039,LLLG
212.5226048,-33.50394576,48.84158612,0.352666805,-0.602342208,0.249675403,LG
835.7364533,-660.5002956,-3.515494114,0.008121084,-0.213288581,0.205167497,LLG
-10.21437999,-21.57734916,28.71549838,0.574483168,-0.403121852,-0.171361316,Normal
857.9655926,61.27569513,-8.827507386,-0.137590776,-0.084604806,0.222195582,LG
56.17329855,-299.8428919,246.3413967,0.375702757,0.040169802,-0.415872559,LL
-66.17979322,-730.1812674,796.3587972,-0.038913869,0.004950902,0.033962967,LLLG
-601.8375231,-257.8407718,861.7688952,-0.04086292,0.030161983,0.010700938,LLL
43.01057144,-105.7343829,65.56997745,0.511216839,0.003798127,-0.515014966,LL
-21.74516396,-12.40360428,30.82318614,0.539175001,-0.470004809,-0.069170192,Normal
-19.67627468,745.0575949,-722.7261065,0.299028409,0.010288959,-0.309317367,LL
882.3565392,-389.5474116,-490.7488435,0.022077422,-0.042311934,0.020234512,LLL
-48.25119845,-242.7328739,293.3196781,-0.508573586,-0.039014743,0.547588329,LL
14.31802887,76.34609042,-93.92757257,-0.517381809,0.566368127,-0.048986318,Normal
-219.8097404,-647.311497,869.2875114,-0.03839335,0.011307644,0.027085705,LLL
835.8504771,-219.5481677,28.73259798,0.029442583,-0.348562697,0.319120114,LLG
37.08328688,-24.67807576,-15.83928639,0.485291649,0.068088469,-0.553380118,Normal
643.9698611,70.78608658,-32.61419455,-0.300240271,0.23259217,0.0676481,LG
368.3544265,-21.22560535,46.03395546,0.318548274,-0.603987255,0.285438981,LG
636.3127913,5.127316641,35.68563978,0.218087349,-0.543787422,0.325700073,LG
845.1218685,37.56706268,15.19413792,0.045529245,-0.355519714,0.309990469,LG
642.6795808,205.3263794,-845.9543695,0.040038787,-0.031913092,-0.008125695,LLL
-671.109555,373.7646487,299.5333537,-0.125404275,0.054171872,0.071232403,LLL
-43.22579205,7.028604042,32.73631937,0.415515134,-0.563141293,0.147626159,Normal
-71.23756813,59.61844074,8.632043733,-0.105032034,-0.453841557,0.558873591,Normal
237.4830047,-38.87038745,46.01549102,0.351408257,-0.607809286,0.256401029,LLG
-855.8367761,616.4848752,241.4562076,-0.009867897,0.040627397,-0.0307595,LLL
-739.5014541,788.4721733,-46.94167694,0.004004531,0.034531484,-0.038536015,LLL
-659.8364571,191.0668686,-9.82765108,0.074798479,0.229972236,-0.304770714,LLG
131.6160373,-39.22181374,49.60233097,0.365107892,-0.59348447,0.228376577,LG
682.8284465,-827.3064345,144.4757246,-0.008654107,-0.031553616,0.040207723,LLLG
-64.89199361,84.14343807,-22.24801638,-0.389624978,-0.203723218,0.593348196,Normal
-117.7954486,40.14440323,-49.68454178,-0.3668543,0.591493289,-0.22463899,LG
-31.51352434,-459.4688566,493.3346245,-0.483641873,-0.032021518,0.515663391,LL
-56.67732051,-101.2923505,160.4009477,-0.499820239,-0.041557531,0.54137777,LL
-41.48531464,100.2420833,-62.19984253,-0.590323245,0.145408187,0.444915058,Normal
-70.7825873,56.63269346,11.27601086,-0.085699118,-0.466229832,0.55192895,Normal
-51.58677114,15.80065053,32.44965441,0.33627554,-0.582584168,0.246308628,Normal
-315.6881412,-568.1422443,-56.82174359,-0.037306958,0.32910431,-0.291797352,LLG
-283.219262,-583.4286235,866.645622,-0.041866584,0.015259044,0.02660754,LLLG
240.4351801,610.1575859,57.7215446,0.041499123,-0.307024755,0.265525633,LLG
-387.4055148,15.89535016,-45.77726924,-0.303804438,0.599761783,-0.295957345,LG
-682.3366515,339.4200884,0.876155401,-0.063517538,0.258718325,-0.195200787,LLG
-585.9483012,866.0413881,-278.0607271,0.014987616,0.026826109,-0.041813725,LLL
-28.15461268,-8.776529264,33.72881981,0.509232485,-0.506819352,-0.002413134,Normal
-65.73978408,609.771349,-541.6180515,-0.182701592,-0.029167574,0.211869167,LL
29.90690879,-30.8081652,-2.162288144,0.538309323,-0.038773178,-0.499536145,Normal
737.2339376,-792.0951532,-18.60379729,-0.003366515,-0.123680572,0.127047086,LLG
173.9642927,659.1104782,57.74799115,0.040697687,-0.288972842,0.248275155,LLG
-145.0614903,38.29316508,-49.50471856,-0.363244903,0.595329362,-0.232084459,LG
-57.87421395,-76.84921486,137.1549009,-0.496630264,-0.041802792,0.538433056,LL
45.62128734,-22.41786209,-26.3796947,0.40653096,0.188020728,-0.594551689,Normal
-731.5737045,222.2433387,511.513987,-0.013315512,0.033844808,-0.020529296,LLL
-26.27740431,95.73702381,-72.71218774,-0.61829853,0.287459588,0.330838941,Normal
-824.6901825,140.2334709,686.5531463,-0.031764337,0.04018357,-0.008419233,LLL
646.4234311,-850.0434434,-27.73230901,-0.010575533,-0.060693093,0.071268627,LLG
766.6456732,-2.716927056,-763.9282575,0.0357792,-0.037560444,0.001781244,LLLG
-72.66051069,67.48221909,1.706199071,-0.135237542,-0.432355169,0.567592711,Normal
386.632463,495.9211356,-880.5065375,0.042315172,-0.020019528,-0.022295645,LLL
-45.62531353,778.1191649,-729.9023466,0.09029491,-0.008842772,-0.081452137,LL
835.425811,-660.6718668,-73.83228568,0.007216692,-0.117809406,0.110592714,LLLG
40.39837409,-26.09026882,-17.48712317,0.463873875,0.104343797,-0.568217673,Normal
876.4483345,54.97629837,-1.031125682,-0.080024263,-0.177420855,0.257445118,LG
802.4869158,67.19057436,-18.60973274,-0.207159966,0.038821536,0.168338431,LG
-731.7725554,794.6326644,-60.75134857,0.004669541,0.034138758,-0.038808299,LLL
-64.37640712,82.75548379,-15.94241348,-0.464198932,-0.042432824,0.506631756,LL
-809.6252709,98.20767838,711.4153646,-0.033057269,0.039519392,-0.006462123,LLLG
19.12052205,-32.20757195,10.13535167,0.578333984,-0.160578402,-0.417755582,Normal
-67.16836794,42.13694405,21.81213043,0.092941276,-0.549842655,0.456901379,Normal
-417.1090227,-454.613235,-55.7660932,-0.042353801,0.347182078,-0.304828277,LLG
839.6102199,-233.0672083,27.94160983,0.02896078,-0.346282762,0.317321981,LLG
-576.0454605,1.541913932,-38.81200907,-0.246695012,0.566525912,-0.3198309,LG
-429.7549883,15.86152319,-44.37538003,-0.300912808,0.598334744,-0.297421936,LG
622.522535,-868.7038152,-30.09228075,-0.012078859,-0.043396491,0.05547535,LLG
-68.74568697,524.8622255,-453.62609,-0.254480275,-0.033651318,0.288131593,LL
565.6500931,-870.9172088,305.2648541,-0.016271382,-0.025708954,0.041980337,LLLG
860.0613636,61.26877635,-8.834436522,-0.137496858,-0.084604829,0.222101687,LG
-54.9474414,740.8903989,-683.3822211,-0.012285215,-0.017063893,0.029349108,LL
11.39861242,-29.7983361,15.32999008,0.590036247,-0.230990797,-0.35904545,Normal
51.924528,20.26361665,-75.471806,-0.063791135,0.568306693,-0.504515557,Normal
-49.42499718,767.5523563,-715.5476703,0.051071779,-0.012067231,-0.039004548,LL
-10.69761413,-759.7561695,-56.36490659,-0.037760801,0.238616692,-0.20085589,LLG
554.9174699,-873.1719542,318.2522209,-0.016883828,-0.025177573,0.042061401,LLLG
76.66768555,-42.84653552,49.86195756,0.371593631,-0.584645936,0.213052305,LG
-12.08348848,-630.964341,645.3371695,-0.411581807,-0.021892243,0.433474051,LL
49.03118615,-16.91125596,-35.41813993,0.347960957,0.260403608,-0.608364565,Normal
-23.90382485,-752.0589283,778.044132,-0.038072548,0.002948599,0.035123949,LLL
624.9140938,70.72976226,-33.78560308,-0.307548519,0.25005159,0.057496929,LG
-33.45863444,99.72480337,-69.69657143,-0.611297514,0.227771937,0.383525577,Normal
21.18201611,-788.4855221,769.8692609,-0.195682303,-0.000992625,0.196674928,LL
216.0566913,-867.239141,-51.4075182,-0.031036295,0.158138032,-0.127101737,LLG
-440.9297711,-430.3586889,-55.2632659,-0.042310793,0.351589607,-0.309278814,LLG
41.39492343,144.8484807,-183.528877,0.496481618,0.04097267,-0.537454288,LL
393.2010307,-19.09388901,45.40391272,0.311725973,-0.60217163,0.290445656,LG
-215.9812609,-632.9442429,851.0096849,-0.041213261,0.012095686,0.029117575,LLL
-464.312711,-405.6843921,-54.7059787,-0.042225732,0.355649961,-0.31342423,LLG
-45.21511986,5.449327725,36.79474117,0.389948762,-0.575036149,0.185087386,Normal
5.765363453,-18.17859802,25.80941553,0.583762637,-0.326049072,-0.257713565,Normal
-52.29593476,-172.1164795,226.6519407,-0.506264206,-0.040389477,0.546653683,LL
852.4221819,-222.8472201,-629.5732858,0.029030354,-0.041274682,0.012244328,LLLG
-70.24280169,77.63492128,-10.62381224,-0.278057889,-0.31986671,0.597924599,Normal
-611.7800268,-252.8483539,864.8053206,-0.038073347,0.029524934,0.008548412,LLLG
-38.80478725,785.0582606,-743.7402195,0.151879209,-0.003567116,-0.148312092,LL
-68.24676871,45.09945568,19.92709129,0.06472115,-0.539501415,0.474780266,Normal
-70.86299546,55.98479199,11.89226786,-0.067244174,-0.476742466,0.54398664,Normal
-660.6822393,-177.9412389,838.6212147,-0.039634065,0.032844664,0.0067894,LLLG
53.05944106,16.07751785,-72.29769868,-0.034771488,0.554749668,-0.51997818,Normal
789.4118942,-738.8010978,-48.54376945,0.000606714,-0.036960286,0.036353572,LLL
108.5520612,705.977754,-812.4068213,0.039631004,-0.006866855,-0.03276415,LLL
-322.3282215,-551.5163803,873.8423494,-0.042130231,0.017103991,0.02502624,LLLG
679.5347333,150.952991,-828.4353447,0.039095992,-0.033596506,-0.005499486,LLL
22.4579878,67.6177721,-93.47238322,-0.464103991,0.597590085,-0.133486094,Normal
-428.0500798,-67.10977384,42.70153993,0.35890919,-0.394102025,0.035192835,LG
-604.165501,-236.630256,-49.79665075,-0.040667091,0.373342798,-0.332675707,LLG
53.80841037,18.02331881,-74.18341874,-0.017363051,0.547967883,-0.530604832,Normal
751.4550212,-778.9620294,-16.87626086,-0.002038686,-0.134790592,0.136829277,LLG
-69.78199152,396.4475284,-324.295508,-0.3380436,-0.038134048,0.376177648,LL
-27.83417086,-10.04386753,34.79648154,0.509742097,-0.507568789,-0.002173307,Normal
568.1105518,-876.3575044,-33.86711951,-0.01563266,-0.013638857,0.029271517,LLG
88.53399703,52.64648202,-49.46595223,-0.382197729,0.544471349,-0.162273621,LG
305.4273747,557.4364177,57.33919733,0.042044604,-0.323183753,0.281139149,LLG
19.73674585,48.77119412,-49.84631741,-0.379411961,0.563652723,-0.184240762,LG
-229.4091772,-623.1907875,854.684346,-0.04136289,0.012731905,0.028630986,LLL
-764.4699584,309.7792692,456.8757757,-0.093865567,0.053584295,0.040281272,LLL
810.643122,-135.9899374,20.03573945,0.032154477,-0.357031623,0.324877145,LLLG
-115.9410652,-54.10702689,49.22794904,0.382657855,-0.53585149,0.153193635,LG
827.9293073,65.23510656,-14.91717665,-0.18127013,-0.008740142,0.190010272,LG
367.0711975,8.567716507,9.656488315,0.305751269,-0.575931351,0.270180081,LLLG
25.64805093,-27.21526358,-1.871678131,0.551429134,-0.074199407,-0.477229727,Normal
-183.8546545,-57.52159644,48.4217505,0.382143169,-0.512008307,0.129865138,LG
-637.4350993,-186.4807064,-43.63974708,-0.020118824,0.366279432,-0.346160608,LLG
212.7414536,-33.50190016,48.84362145,0.352676216,-0.602342225,0.24966601,LG
-47.17533428,774.4622516,-724.7001292,0.074661634,-0.010140141,-0.064521493,LL
328.8686222,-874.0480129,547.1772808,-0.027556549,-0.014072509,0.041629058,LLL
-35.54148165,93.68047249,-61.03421916,-0.600836051,0.187769373,0.413066678,Normal
-69.42377999,77.78468266,-11.47132022,-0.294540155,-0.304696616,0.59923677,Normal
-398.3178997,-484.087319,882.4029681,-0.042377118,0.020676562,0.021700556,LLLG
-245.8201981,862.2243869,50.13121506,0.030447332,-0.14241461,0.111967278,LLG
49.32772738,-44.59355559,49.92080177,0.374299148,-0.579358903,0.205059755,LG
-877.5637217,-53.5481111,-0.537319563,0.068233794,0.195531484,-0.263765278,LG
35.15042678,53.04239405,-91.5946619,-0.349024175,0.625891153,-0.276866978,Normal
51.28497424,21.61081661,-75.93528806,-0.100578723,0.581953554,-0.481374831,Normal
58.62826496,-793.0523183,734.4217899,-0.036160809,-0.00102571,0.037186519,LLLG
48.78098786,29.44618705,-81.63684896,-0.139612634,0.597190909,-0.457578276,Normal
129.8282459,-46.60618045,49.94617161,0.368017955,-0.598208084,0.230190128,LLG
250.2082133,-858.309921,610.1007501,-0.030462905,-0.010251401,0.040714307,LLL
-48.36443624,94.09738525,-48.73730644,-0.551469248,0.047973972,0.503495277,Normal
698.9779628,12.84393457,31.6377607,0.182257004,-0.51117536,0.328918356,LG
631.5609478,-859.6529074,228.1073822,-0.012109814,-0.029108919,0.041218733,LLLG
-52.48281393,91.62292716,-42.02950444,-0.522504949,-0.009824619,0.532329568,Normal
-61.36211062,30.49277286,27.52805849,0.21117114,-0.579015893,0.367844753,Normal
752.3998986,25.08349361,-777.4830243,0.036470205,-0.036923703,0.000453498,LLLG
52.17664076,-111.4841155,62.00413831,0.446705621,0.042258523,-0.488964144,LL
39.232166,47.2438293,-89.87979408,-0.300012116,0.626726767,-0.32671465,Normal
877.5605213,53.54840916,0.537387689,-0.068228059,-0.195531417,0.263759476,LG
5.72255724,-732.3499392,728.9559301,-0.312402052,-0.010909273,0.323311325,LL
53.01735791,20.8922729,-76.34233004,-0.04588025,0.561550526,-0.515670276,Normal
216.7447816,633.2383199,-849.9853652,0.041166313,-0.012022151,-0.029144162,LLLG
-45.52407595,6.671244171,35.76534624,0.389457416,-0.574313572,0.184856155,Normal
-727.1536687,-16.38584727,-34.23100461,-0.046420606,0.369981978,-0.323561372,LLG
-67.31605321,41.41849209,23.02809378,0.066201307,-0.541678144,0.475476837,Normal
-202.4998731,-642.5413996,847.1252535,-0.041053468,0.01145649,0.029596978,LLL
-772.0395214,15.90986912,758.2242745,-0.035398476,0.037884757,-0.002486281,LLL
403.9589992,16.7213023,8.001666063,0.290580725,-0.566971396,0.276390671,LLLG
51.90274994,736.7831981,56.89961517,0.038628504,-0.252072345,0.213443841,LLG
876.2121817,56.34484056,-2.603729038,-0.091664249,-0.159135228,0.250799477,LG
488.830917,-10.39763069,42.44478887,0.281448002,-0.58899314,0.307545138,LG
-635.1744027,-13.26795819,-32.06202372,-0.176511832,0.511175522,-0.334663689,LG
-869.6883457,498.6163969,-10.05245188,-0.017397725,0.279724367,-0.262326643,LLG
-66.17834034,-730.1834365,796.3595204,-0.038913727,0.004950792,0.033962935,LLLG
-47.28904881,99.76885201,-55.93056544,-0.566041422,0.079555877,0.486485545,Normal
-503.3341842,886.8910295,38.12177499,0.019263864,-0.021826801,0.002562938,LLG
-565.5854864,315.2628611,4.418953708,0.005887164,0.194139815,-0.200026979,LLG
52.57471452,17.47994359,-72.98037384,-0.071759449,0.570081088,-0.498321639,Normal
42.66782185,120.6562271,-160.6104582,0.494022551,0.041291301,-0.535313852,LL
391.555109,-881.9769039,490.4195315,-0.024954023,-0.017147559,0.042101583,LLLG
34.25653349,-23.90926327,21.40804695,0.368257739,-0.561167799,0.19291006,Normal
-19.08098831,96.09020519,-80.40944569,-0.619708826,0.355136791,0.264572035,Normal
808.49349,-714.5819316,-8.927698597,0.004173393,-0.18313798,0.178964587,LLG
521.9108064,-878.6448149,356.7317473,-0.018695432,-0.023546755,0.042242187,LLLG
-66.45486511,83.64361303,-20.30185691,-0.367352394,-0.229304871,0.596657265,Normal
828.5489986,33.72557724,18.15058022,0.069301807,-0.385626551,0.316324744,LG
9.452477051,-25.64150767,12.74443496,0.589310163,-0.237298423,-0.35201174,Normal
381.1061578,-898.3102714,-45.01119776,-0.024528838,0.085553219,-0.061024381,LLG
26.53863117,375.1536297,-399.0736218,0.493904716,0.035636683,-0.529541399,LL
8.49680411,-25.40713353,13.46541999,0.590018493,-0.245870782,-0.344147711,Normal
-58.68515159,25.19425016,30.27686323,0.246581996,-0.584031023,0.337449027,Normal
35.84259059,239.99539,-273.1213503,0.501365653,0.039297637,-0.54066329,LL
-523.7040715,-355.0065382,-51.40375994,-0.038185924,0.367309295,-0.329123372,LLG
-843.5641864,193.9791652,649.5827576,-0.029949215,0.040965918,-0.011016704,LLLG
851.4673407,-221.4304984,-630.0391058,0.028938423,-0.041200205,0.012261783,LLLG
-872.4758,554.1381954,320.3613889,-0.013702766,0.041584319,-0.027881553,LLL
15.67589657,69.91252038,-88.4984295,-0.514771456,0.56254086,-0.047769404,Normal
-826.8790927,682.2741509,146.7106646,-0.005287717,0.039057828,-0.033770111,LLL
-71.64189803,62.62307366,5.914081128,-0.124292549,-0.440959435,0.565251984,Normal
-278.7093459,28.50801067,-47.87792142,-0.339904125,0.605641604,-0.26573748,LG
-487.6214671,881.6079392,-393.9884689,0.020417013,0.021947602,-0.042364615,LLLG
870.6018536,-300.1930236,-568.3499314,0.025909068,-0.04193881,0.016029743,LLL
-56.14460279,21.25178818,31.68001169,0.280434436,-0.585880548,0.305446112,Normal
-65.37911477,-729.1601877,-57.05246723,-0.038891512,0.256435688,-0.217544175,LLG
46.73202341,35.23791316,-79.26090702,0.481568691,0.042083995,-0.523652686,LL
-471.7001646,-427.2448514,899.0717273,-0.042300943,0.023853933,0.01844701,LLLG
-31.26764129,-459.6386889,493.1640854,-0.483508345,-0.032021491,0.515529836,LL
814.7627012,-152.5363116,32.57193217,0.031827782,-0.358718142,0.32689036,LLG
-868.216226,-44.79046275,-9.113272831,0.002466,0.291221281,-0.293687281,LG
323.5092095,-879.2590705,-47.2061103,-0.0275415,0.108984125,-0.081442625,LLG
-21.11174814,-11.69707463,29.35474202,0.542440392,-0.463553325,-0.078887067,Normal
-13.91903318,89.31157707,-78.40789295,-0.614165951,0.383149089,0.231016862,Normal
-7.829293467,685.6759175,-675.169704,0.369427622,0.017807824,-0.387235446,LL
51.40110786,25.7502599,-79.71188838,-0.093238944,0.581512412,-0.488273468,Normal
-67.54108352,83.70575635,-19.39916186,-0.352248257,-0.24578507,0.598033327,Normal
-692.6242755,-112.4773897,807.2779564,-0.034164462,0.033363877,0.000800585,LLL
712.180744,-817.2283847,105.0598392,-0.006341319,-0.033135436,0.039476755,LLLG
-372.6506199,-506.3016911,881.0388969,-0.04232924,0.019489514,0.022839726,LLL
882.329464,-511.1972953,-368.9890861,0.016314756,-0.042088956,0.025774201,LLL
-58.35424478,88.67975507,-33.21240348,-0.471372934,-0.094847826,0.56622076,Normal
35.49080471,51.69612892,-90.46051228,-0.348482826,0.625095042,-0.276612216,Normal
-36.46331484,-1.677537497,34.93575921,0.460837369,-0.543751911,0.082914542,Normal
65.56071194,728.8537722,57.05045465,0.038897394,-0.25643517,0.217537776,LLG
56.39797276,-322.2758235,268.5459279,0.365042478,0.039726827,-0.404769305,LL
-17.86969364,90.84676795,-75.99126446,-0.617593417,0.352027455,0.265565962,Normal
23.9535871,407.1065758,-428.4428958,0.489228209,0.034517728,-0.523745936,LL
-27.8553718,94.89004702,-70.16398178,-0.616209943,0.26948201,0.346727932,Normal
591.7445764,-873.2274057,281.4999209,-0.014504876,-0.027154023,0.041658899,LLLG
-812.1122208,707.2519904,104.8579667,-0.003311777,0.038256481,-0.034944704,LLLG
651.3916126,-850.9919209,201.7520583,-0.010735264,-0.030102561,0.040837825,LLL
-365.9713972,-522.879383,-56.09166113,-0.042302068,0.342009769,-0.299707702,LLG
511.1367689,-8.19533949,41.59554296,0.273145102,-0.584235751,0.311090649,LG
42.3047941,-727.9453138,688.1841976,0.012997503,0.017682045,-0.030679548,LL
46.86766988,31.28934384,-81.07879572,-0.201851966,0.611311854,-0.409459888,Normal
-838.6230063,181.1764746,659.5435709,-0.030408236,0.040773603,-0.010365367,LLL
54.150085,-0.06105535,-57.50914606,0.16143293,0.435447332,-0.596880262,Normal
-71.35436181,64.00207767,4.363764801,-0.151736604,-0.422605032,0.574341636,Normal
-69.24047631,84.49677189,-18.72688752,-0.329288842,-0.269540217,0.598829059,Normal
-693.2553955,-112.061032,805.5442538,-0.034191762,0.033419914,0.000771849,LLLG
820.4222379,-163.5222058,18.8660324,0.031273651,-0.353878502,0.322604851,LLLG
-70.99326605,59.32766406,8.79089032,-0.113952384,-0.448520498,0.562472882,Normal
302.2700211,-870.3991553,568.1268708,-0.02856112,-0.01279606,0.04135718,LLLG
-30.59749097,-469.2742053,502.2251851,-0.481120996,-0.031582398,0.512703395,LL
-803.3015786,85.16032972,720.15785,-0.033463039,0.039258991,-0.005795952,LLL
636.9809548,-621.3924049,-13.47864582,0.022642248,-0.420164436,0.397522188,LLL
-310.2705175,154.6170268,156.3709493,0.273148839,-0.047994494,-0.225154345,LLLG
31.82126809,-770.9848473,741.5693348,-0.1051543,0.008207766,0.096946534,LL
-42.54813627,4.33904416,35.0018421,0.416596703,-0.564731826,0.148135123,Normal
-616.500807,-2.904967897,-36.76313517,-0.227833285,0.551914121,-0.324080836,LG
-55.82260642,92.88521251,-40.18170439,-0.501954532,-0.046350142,0.548304674,Normal
-470.7717177,-412.3636688,883.1331378,-0.042248096,0.024065993,0.018182103,LLLG
-54.84889465,17.77846432,34.09566517,0.289724562,-0.587444719,0.297720157,Normal
788.3259022,-712.5961411,-73.72414842,0.006567628,-0.137607808,0.13104018,LLL
537.7531497,69.57377151,-38.66956056,-0.336298629,0.325322412,0.010976218,LG
-788.6288572,739.0520991,49.57462147,-0.00065116,0.03703184,-0.03638068,LLLG
-768.5699119,40.03562562,-38.30201246,-0.035013275,0.370210469,-0.335197194,LLG
781.1231785,-68.00797601,36.92400565,0.034238133,-0.367857392,0.333619259,LLG
-730.8728844,-37.25322272,0.051681202,0.016042159,0.28283933,-0.298881489,LG
-533.3167095,5.98271166,-40.70770903,-0.264583134,0.578901884,-0.31431875,LG
865.3042056,-273.9476728,-589.2980298,0.026948236,-0.04173875,0.014790513,LLL
-877.1882828,352.8039621,526.4048015,-0.023794833,0.042273199,-0.018478366,LLL
19.02581056,67.92046954,-89.97149786,-0.493005723,0.578875432,-0.085869709,Normal
-599.0635993,-267.9831102,867.2200219,-0.032230423,0.02759738,0.004633043,LLLG
820.7889747,-702.3473846,-116.2945909,0.004155133,-0.038662246,0.034507113,LLL
-644.5571321,-190.5229329,835.2894731,-0.020455345,0.0275004,-0.007045055,LLLG
18.3843159,70.45756246,-92.10885708,-0.494025917,0.580375736,-0.086349819,Normal
0.948085268,-16.76910884,27.96192999,0.578177889,-0.341458755,-0.236719134,Normal
-5.661418943,84.37136973,-81.61381735,-0.599732936,0.440254333,0.159478604,Normal
565.9817859,-2.651134107,39.30259837,0.251284854,-0.569831469,0.318546615,LG
-69.27582311,496.8501085,-425.0895159,-0.274849222,-0.034830776,0.309679998,LL
-68.23673851,45.43861908,19.45202019,0.073617804,-0.542304644,0.46868684,Normal
-703.6798442,327.2144491,377.1356432,-0.062758188,0.040622376,0.022135813,LLLG
4.583159814,80.28453442,-88.00694076,-0.566470273,0.510145421,0.056324852,Normal
336.4874662,-887.1598266,550.7017473,-0.02686753,-0.014687862,0.041555393,LLLG
-17.72255389,736.9374306,-716.5557982,0.311578721,0.011574844,-0.323153565,LL
881.9107903,-379.688299,-502.2195994,0.022768241,-0.042376551,0.01960831,LLLG
-70.43169388,53.8789891,13.67965025,-0.057282521,-0.482864397,0.540146918,Normal
9.799255388,-30.56072404,17.80693235,0.59209082,-0.248918353,-0.343172467,Normal
-458.3005067,-423.8410988,884.1508558,-0.042288676,0.023500331,0.018788346,LLL
790.9148944,67.85736705,-20.05587798,-0.217166964,0.057795576,0.159371388,LG
-592.3115294,-271.8516955,864.1609805,-0.041041337,0.029705756,0.01133558,LLLG
-11.21110036,-17.63133075,25.39134558,0.572896408,-0.400788365,-0.172108043,Normal
-422.2256592,-459.8782285,884.1125587,-0.04236885,0.021813453,0.020555397,LLL
387.550198,-891.748941,506.3554616,-0.024556201,-0.017204882,0.041761083,LLL
-876.2898564,532.2344561,346.0787957,-0.014955075,0.041821137,-0.026866061,LLL
56.93618963,-377.065285,322.6916581,0.336958958,0.038449511,-0.375408469,LL
-7.135330671,90.80963273,-87.03957217,-0.602332971,0.444073556,0.158259415,Normal
-101.8008721,-724.670089,-57.45944368,-0.037211942,0.271627823,-0.234415881,LLG
172.3694179,-36.40226063,49.27768807,0.359290927,-0.598577799,0.239286871,LG
-33.1887283,98.34507413,-68.53410354,-0.610738584,0.226950326,0.383788258,Normal
714.5423986,-810.3246645,-21.16014657,-0.00535167,-0.106790102,0.112141772,LLG
-571.1469515,-289.8772997,-48.46083296,-0.027565686,0.367791793,-0.340226107,LLG
-64.22508371,639.5290297,-572.8817463,-0.152698628,-0.027182543,0.17988117,LL
-51.72451733,-737.083868,-56.90159494,-0.038623058,0.252073134,-0.213450076,LLG
-794.0849552,732.137759,64.05413351,-0.001309021,0.037336367,-0.036027346,LLL
-32.67877958,-453.2236222,488.3515292,-0.486035719,-0.032747374,0.518783093,LL
-45.85413776,97.16742062,-54.5589816,-0.568830825,0.087415076,0.481415748,Normal
497.5705461,11.62758755,32.69013824,0.254039204,-0.555656296,0.301617091,LLG
-863.3936059,-60.13219176,7.279182813,0.126309216,0.103408991,-0.229718207,LG
-653.2353488,-70.78732543,32.01685107,0.29648157,-0.223775188,-0.072706383,LG
447.1214958,436.2340027,-883.3577621,0.042278708,-0.022869963,-0.019408745,LLLG
871.2244338,-501.1867102,10.04564672,0.017558669,-0.279822608,0.262263939,LLG
-834.8853069,166.7960423,668.087041,-0.030875232,0.040601929,-0.009726697,LLLG
-696.2101672,-123.2511901,819.4591185,-0.038613086,0.034462134,0.004150952,LLLG
17.1410316,72.61184106,-93.14754058,-0.500309014,0.577468281,-0.077159267,Normal
-689.0839187,225.7774631,465.490911,0.032573584,0.018201025,-0.050774609,LLL
9.699127915,78.75290475,-91.8440946,-0.541822306,0.542994207,-0.0011719,Normal
37.29709106,216.4991246,-251.0798646,0.500890381,0.039775684,-0.540666066,LL
869.7401137,-498.6976371,10.05214272,0.017389477,-0.279714617,0.26232514,LLG
38.16977854,50.49022958,-91.66298899,-0.3172018,0.627874757,-0.310672957,Normal
-883.1904127,462.6949427,420.4932739,-0.018624625,0.042297303,-0.023672678,LLLG
51.2100303,-17.06192793,-37.20106619,0.317767026,0.293344328,-0.611111353,Normal
12.04958759,534.367111,-543.8093962,0.456504632,0.028819025,-0.485323657,LL
-59.88179826,27.17911679,29.48802544,0.229262249,-0.582211563,0.352949315,Normal
-19.80623699,-16.86550529,33.7086754,0.544518706,-0.466609691,-0.077909014,Normal
751.455259,-778.9624954,-16.87626292,-0.002038658,-0.134790612,0.136829271,LLG
528.4111553,348.7628142,-877.1746968,0.041835842,-0.026668717,-0.015167126,LLLG
32.02616149,297.6688835,-326.978434,0.500373732,0.037934016,-0.538307747,LL
875.7000032,48.95351613,5.233531356,-0.032482316,-0.248634766,0.281117082,LG
-134.435513,-688.124929,824.5648707,-0.04010367,0.008221522,0.031882148,LLL
-44.47540295,-23.19938357,25.27313128,0.391999425,-0.530909673,0.138910249,Normal
-668.8589595,261.4366162,408.130293,0.015881747,0.025873671,-0.041755418,LLLG
-59.25057265,24.68263417,31.59117144,0.230266112,-0.583687852,0.35342174,Normal
517.209451,361.4788035,-878.6890158,0.041934007,-0.026148002,-0.015786005,LLLG
-69.38657981,296.7224308,-224.8813869,-0.388122953,-0.040416139,0.428539093,LL
-11.89837101,-21.71089006,30.64847142,0.570020213,-0.417280519,-0.152739694,Normal
210.7921631,-41.2304841,47.19522256,0.356297844,-0.606698967,0.250401123,LLG
669.880516,163.8522982,-833.7350778,0.039339011,-0.033172842,-0.006166168,LLLG
52.39686925,737.4398449,-789.8389779,0.038590972,-0.004200813,-0.034390159,LLLG
-15.506039,-17.50383961,29.81155481,0.560516463,-0.435159623,-0.125356839,Normal
-60.3919866,88.62333979,-31.23051803,-0.45271439,-0.122069731,0.574784121,Normal
-69.95952706,363.6336718,-291.2112649,-0.355604185,-0.039018197,0.394622382,LL
831.1675813,-154.8949751,-676.2713477,0.031361463,-0.04038507,0.009023607,LLLG
441.7059785,-14.77604334,44.01006859,0.297165503,-0.596759949,0.299594446,LG
-37.3162208,93.78065787,-59.35910897,-0.596027131,0.169412366,0.426614765,Normal
-63.70403065,71.69060336,-5.648271009,-0.467312046,-0.042337275,0.509649322,LL
-67.64608604,42.40039645,22.37594646,0.056752993,-0.53795401,0.481201017,Normal
260.8506809,-290.2261314,31.51486142,0.03883601,-0.537213083,0.498377073,LLL
-605.2598499,-70.60370618,34.92336826,0.31455835,-0.267264171,-0.047294179,LG
-598.4107148,-268.1211203,868.7054083,-0.032175446,0.027484533,0.004690913,LLL
52.18981241,-13.20230803,-42.15889356,0.284733507,0.327459008,-0.612192515,Normal
-575.497806,868.725949,-291.1955878,0.015607881,0.026307599,-0.04191548,LLL
-773.0047909,-23.57411579,-25.20381737,-0.127329106,0.45399044,-0.326661334,LG
-70.68117039,55.72101956,12.08654403,-0.076241957,-0.471895979,0.548137936,Normal
791.7248877,26.69213241,23.14513006,0.11018985,-0.434583372,0.324393522,LG
-49.75775235,12.58469501,33.96303208,0.352164095,-0.581304328,0.229140233,Normal
873.3635983,-315.6338124,-557.7274403,0.025478919,-0.042095666,0.016616747,LLLG
-34.86797632,-419.2972527,456.418423,-0.49240157,-0.03369787,0.526099439,LL
7.142339621,76.502416,-86.55225234,-0.557455894,0.51963225,0.037823644,Normal
-41.13437343,-344.6071983,388.0826819,-0.503437699,-0.036307712,0.539745411,LL
309.4335836,561.8192112,-871.2550584,0.041998417,-0.01640445,-0.025593966,LLLG
-698.0939449,-24.83010366,-23.00852146,-0.105769871,0.441161874,-0.335392003,LG
-761.6230144,-45.06257839,-15.98025082,-0.025736922,0.324009937,-0.298273015,LG
519.9680328,-894.8323517,-37.43502713,-0.018225033,0.015616382,0.002608651,LLG
-1.254294279,-25.78392636,23.96464947,0.589538253,-0.337692779,-0.251845475,Normal
-54.80320463,19.29807078,32.2929484,0.296933726,-0.585908796,0.288975071,Normal
310.3795615,562.2483387,-870.5018437,0.042029229,-0.016438305,-0.025590924,LLL
815.6329245,-149.7748939,19.48737562,0.031717981,-0.355519325,0.323801344,LLLG
-19.14741616,-12.98353324,28.67746148,0.549657862,-0.451910278,-0.097747584,Normal
-724.6359995,-33.14378583,-10.77109063,-0.030487631,0.355519849,-0.325032218,LG
52.14718284,-11.21806683,-44.22447425,0.275887981,0.336388516,-0.612276497,Normal
-869.8891555,-58.30539491,4.94467251,0.109149873,0.131418052,-0.240567925,LG
25.68167987,62.37300702,-91.20087994,-0.443421955,0.604181224,-0.160759269,Normal
-315.2093308,872.2293644,-557.0222973,0.028011505,0.013517129,-0.041528634,LLLG
4.242443385,-737.2425175,735.5193336,-0.31852745,-0.012319368,0.330846818,LL
-315.780595,-63.26662274,45.92187663,0.374067217,-0.455018312,0.080951095,LG
729.0652659,67.58889016,-796.6564196,0.037386372,-0.035855869,-0.001530503,LLLG
-861.5723441,260.9956932,600.5744342,-0.027504079,0.041696173,-0.014192093,LLLG
-780.3018826,164.468106,618.0153019,-0.053909352,0.043772898,0.010136454,LLL
774.495701,-755.7201548,-18.1224957,-0.000731177,-0.039747981,0.040479157,LLLG
520.7637498,342.2267873,53.07764164,0.041822398,-0.364247386,0.322424987,LLG
52.81254634,-15.66520915,-40.08403916,0.285723867,0.326002578,-0.611726445,Normal
21.79752262,-32.39896607,7.650596105,0.571345276,-0.133115062,-0.438230213,Normal
774.9643488,-54.06249657,37.61757956,0.034625442,-0.369074318,0.334448876,LLG
877.8063381,52.06765099,2.105357616,-0.056364517,-0.213449004,0.269813521,LG
46.58906624,36.64634909,-86.02657394,-0.195360633,0.613144504,-0.41778387,Normal
-458.972274,-424.5849117,883.5549222,-0.042295984,0.02351533,0.018780654,LLLG
871.6768501,-563.8480807,-305.7655132,0.013031657,-0.041391843,0.028360186,LLL
884.7641935,-465.4005083,-419.3599167,0.018723283,-0.042327881,0.023604597,LLLG
172.1651957,-36.40425445,49.27569951,0.359282124,-0.598577816,0.239295691,LG
724.0912239,46.54047584,23.36583884,0.049176753,-0.3764826,0.327305847,LLLG
-813.9885882,-30.75638896,-20.32187179,-0.08695176,0.4072143,-0.320262541,LG
-34.94479698,94.79781767,-62.86200129,-0.603501812,0.19759038,0.405911432,Normal
-720.3184592,167.3854375,553.4208126,0.024860278,0.021979986,-0.046840264,LLLG
56.54243921,-311.2629167,257.2947307,0.370553708,0.03995386,-0.410507567,LL
-43.03594602,-325.2474082,370.7209531,-0.50546477,-0.037217142,0.542681912,LL
553.0900124,303.1511814,51.94287212,0.04146205,-0.368337025,0.326874975,LLG
227.0563558,620.5888215,57.75780342,0.041338303,-0.303548802,0.262210499,LLG
-43.28628599,93.6385817,-53.24502097,-0.574695019,0.104106066,0.470588953,Normal
0.404834429,-25.30008428,21.70184022,0.590748943,-0.321389951,-0.269358991,Normal
-37.03425783,-2.111072837,36.06081089,0.45536642,-0.547922828,0.092556408,Normal
740.2447051,-788.1936168,47.94664837,-0.004051666,-0.034457802,0.038509468,LLLG
773.558935,-756.5848769,-14.98433856,-0.000723869,-0.042839905,0.043563774,LLL
721.8203172,82.17677219,-801.9437234,0.037700905,-0.035513427,-0.002187479,LLL
47.60599944,-22.53225065,-24.22431219,0.444306456,0.134867436,-0.579173891,Normal
528.3005411,-886.4512265,360.3049183,-0.018246539,-0.023988405,0.042234943,LLL
113.8720451,-815.9823144,702.108011,-0.034701901,-0.003682309,0.038384211,LLLG
55.44171614,-2.126838626,-54.7771803,0.196513003,0.407702685,-0.604215687,Normal
-38.87115551,-23.9109203,24.33038062,0.386885524,-0.535197303,0.14831178,Normal
-849.3297913,635.3324097,213.9951179,-0.008578354,0.040244893,-0.03166654,LLLG
731.0496614,17.1894206,29.14951359,0.160765265,-0.489739514,0.328974249,LG
3.155600157,-766.9969772,763.8391197,-0.037476885,0.001634934,0.035841951,LLLG
-417.1066162,-454.6177311,-55.76616474,-0.042353526,0.347181892,-0.304828366,LLG
5.5561915,79.61844127,-88.314181,-0.562521103,0.515671025,0.046850079,Normal
-336.1375951,881.2512118,46.67688921,0.027022885,-0.103298663,0.076275778,LLG
-57.88115903,793.3347027,-733.4129642,0.036113675,0.001099392,-0.037213067,LLL
-672.5800326,-9.548496504,-33.42064148,-0.197879219,0.525932785,-0.328053566,LG
-66.37696624,40.15125137,23.00704012,0.111627134,-0.556035244,0.44440811,Normal
45.61325782,-729.6359544,686.6814924,0.061268315,0.019257382,-0.080525698,LL
49.8884941,-18.9200644,-30.78313421,0.397508832,0.199503281,-0.597012112,Normal
-46.5227939,10.63159589,32.4292731,0.387864839,-0.571971549,0.18410671,Normal
762.1518087,-768.4863492,6.332278002,-0.002061017,-0.035576776,0.037637792,LLLG
869.1618569,-288.6936461,-578.3288322,0.026541079,-0.041930631,0.015389551,LLL
309.6692697,561.4699304,-871.1404378,0.042021763,-0.016422981,-0.025598782,LLLG
499.2576952,-881.2099898,381.9500335,-0.019880415,-0.022430194,0.042310609,LLLG
-47.11806073,8.510997574,35.51898412,0.375029834,-0.577852639,0.202822805,Normal
470.4481063,68.01486714,-41.51674422,-0.351963557,0.371984478,-0.020020921,LG
-870.1568487,-45.64630545,-8.341391089,0.008476989,0.282839362,-0.291316351,LG
-571.4258827,-298.1275297,869.5511672,-0.041353148,0.028741453,0.012611695,LLLG
849.2978679,-208.5802077,-638.5795148,0.029516693,-0.041132516,0.011615822,LLL
-6.136685972,90.2802295,-87.50535056,-0.599931739,0.450849709,0.149082031,Normal
40.35766357,-739.8663723,702.0438279,-0.010797198,0.015849112,-0.005051914,LL
-48.55562703,12.02986874,33.19057442,0.366630041,-0.577869812,0.211239771,Normal
330.6910912,535.7608513,57.08984599,0.042165574,-0.329078435,0.286912861,LLG
-839.3240206,180.403547,658.9182509,-0.030415551,0.040788616,-0.010373066,LLLG
1.357127159,625.0337365,-623.7967786,0.413808054,0.023051205,-0.436859259,LL
863.3745988,60.13208398,-7.279515611,-0.126304139,-0.103408916,0.229713055,LG
6.82588836,80.88531815,-91.10229159,-0.555276134,0.527910898,0.027365236,Normal
429.1010085,-882.9427655,455.8381117,-0.023305978,-0.018966905,0.042272883,LLL
296.6255547,572.1174969,-868.7443121,0.041933048,-0.01580741,-0.026125638,LLLG
-694.9219723,-99.52528694,-44.59846063,-0.038311618,0.376410683,-0.338099065,LLG
48.78128888,27.31736067,-79.02155493,-0.165345778,0.60238535,-0.437039572,Normal
-53.63696829,-148.1417613,204.0179943,-0.504544879,-0.040768542,0.545313421,LL
-34.3775589,99.84467319,-68.89910615,-0.609549128,0.218793903,0.390755225,Normal
-67.50342995,85.65137542,-21.5095148,-0.360635417,-0.236411473,0.59704689,Normal
-862.2671171,596.2855124,268.0061671,-0.011158886,0.040987928,-0.029829042,LLL
46.21947052,-24.37612985,-20.60270706,0.46883122,0.097279092,-0.566110311,Normal
25.80379439,-776.2156361,752.8929992,-0.158955422,0.003598175,0.155357247,LL
-39.45020115,2.171349906,33.94719123,0.442018837,-0.552813936,0.110795099,Normal
54.4077726,9.500849325,-67.07148871,0.031797188,0.5203433,-0.552140488,Normal
423.4754726,66.67780217,-43.17289713,-0.360589795,0.40128261,-0.040692815,LG
-17.00849142,-593.4006232,612.689261,-0.43365774,-0.024668756,0.458326497,LL
-51.85359141,-183.8704608,238.058033,-0.507071073,-0.040184981,0.547256054,LL
-4.968630324,85.03631937,-83.08564727,-0.597811525,0.44773643,0.150075095,Normal
-9.869803031,-19.5199502,26.06800412,0.575705054,-0.394720016,-0.180985038,Normal
770.1319875,-38.80624759,22.6016793,0.034981844,-0.364695494,0.32971365,LLLG
701.5418993,66.89998532,21.68330901,0.065815215,-0.39000394,0.324188726,LLLG
730.3640223,67.49474039,-795.7247229,0.037452687,-0.035917951,-0.001534736,LLL
-68.25756596,227.1950355,-156.4902297,-0.417229535,-0.041454673,0.458684208,LL
44.97935246,-709.6951228,667.1755256,0.044791942,0.020064453,-0.064856395,LL
-50.44497371,-207.5752448,260.3547258,-0.508045556,-0.039746257,0.547791814,LL
-126.8731565,821.4950962,-692.5823405,0.034268551,0.004418151,-0.038686702,LLL
520.4942325,49.73332269,5.786464899,0.225112867,-0.518711943,0.293599076,LLLG
865.1419747,-353.6306927,20.53024777,0.024433644,-0.322068507,0.297634863,LLG
54.75776158,-551.9800222,499.7437384,0.219369255,0.031958016,-0.251327271,LL
-17.52429078,93.01274145,-78.74383334,-0.61797655,0.361431055,0.256545495,Normal
-800.1013467,724.2789175,77.84971724,-0.001976459,0.037648778,-0.03567232,LLL
870.9362713,-475.3001109,11.83450507,0.01859392,-0.287494232,0.268900311,LLG
864.9870396,-598.9375087,-266.0439013,0.011313755,-0.04107151,0.029757755,LLLG
678.603277,126.3549496,45.72602016,0.03890297,-0.376562874,0.337659904,LLG
50.799434,-17.22968165,-33.66233192,0.376028247,0.226596643,-0.602624889,Normal
-14.89703676,93.17956952,-81.66646099,-0.615721315,0.385436418,0.230284897,Normal
-30.31449293,780.6843164,55.70309183,0.036804988,-0.224619741,0.187814753,LLG
850.9380409,-607.8593239,1.027014309,0.011134124,-0.236838727,0.225704602,LLG
15.76987919,-21.94879081,19.89172698,0.592840867,-0.286137765,-0.306703101,Normal
316.1044665,-0.621972545,12.14158566,0.322507257,-0.583849099,0.261341842,LLLG
-517.6808002,-373.5956925,891.4207373,-0.034477899,0.024159767,0.010318132,LLLG
-403.2031876,883.0438563,-477.8051815,0.024365948,0.017827131,-0.042193079,LLL
-9.217559105,-22.09955259,28.24117655,0.576742342,-0.396245459,-0.180496884,Normal
-852.5213522,286.4610678,-24.71088472,-0.026972009,0.336324579,-0.30935257,LLG
50.9836467,23.18139362,-77.4477551,-0.092177234,0.579878519,-0.487701285,Normal
-64.75827728,85.9274465,-24.28347515,-0.397526374,-0.194111681,0.591638055,Normal
-68.2368629,84.40825879,-19.53231924,-0.34484733,-0.253519849,0.598367179,Normal
-879.3271871,364.740758,514.5841655,-0.023248627,0.042331105,-0.019082479,LLLG
17.14816089,-767.751862,752.9626708,-0.232076549,-0.003047825,0.235124374,LL
-882.995539,414.5278172,468.4655198,-0.020977401,0.042397331,-0.021419929,LLLG
-74.68791894,-51.89506683,49.5678816,0.38183967,-0.548580154,0.166740485,LG
818.7596069,-164.9646354,31.82375687,0.031296014,-0.356817131,0.325521117,LLG
611.8893977,-866.8144071,254.9412425,-0.013393541,-0.028123902,0.041517443,LLLG
-47.77287839,11.10077843,33.33723659,0.373988453,-0.576321178,0.202332724,Normal
38.22611829,46.26952818,-87.52784984,-0.323298781,0.624681425,-0.301382644,Normal
391.5273154,65.9753638,-43.87230713,-0.36476707,0.41534475,-0.05057768,LG
423.6467118,460.9065648,-882.5056252,0.042329024,-0.021754771,-0.020574253,LLL
730.8482928,27.35441861,41.17598709,0.052107104,-0.386203725,0.334096622,LLG
867.6857698,-521.6032822,8.259862763,0.016167881,-0.271658963,0.255491082,LLG
42.68102901,43.60879203,-89.19614835,-0.25774746,0.624145947,-0.366398488,Normal
45.09249931,-22.88240748,-25.38666654,0.413338636,0.178859035,-0.592197671,Normal
-800.7534846,723.4910863,77.26025603,-0.001981227,0.037661766,-0.035680539,LLLG
-772.7397339,15.1377094,757.599792,-0.035405789,0.037899768,-0.002493979,LLLG
44.31336454,-25.02715449,-22.34357806,0.427142062,0.159676569,-0.586818631,Normal
773.7400122,-699.0226952,-72.69370833,0.009829999,-0.19849047,0.188660471,LLL
-216.0093338,-632.9676152,850.9825338,-0.041213447,0.012095833,0.029117613,LLL
50.08324698,-18.88863381,-34.24845731,0.341314102,0.267596959,-0.608911061,Normal
234.6320497,59.30679738,-47.88914225,-0.380181033,0.496177024,-0.115995991,LG
680.1579984,70.68924932,-30.17594941,-0.284742336,0.197002149,0.087740187,LG
808.7062703,29.75100019,21.03539281,0.092800887,-0.414211489,0.321410602,LG
-70.54864705,74.13247784,-6.692754095,-0.251564826,-0.343878787,0.595443613,Normal
-30.05947318,93.00595979,-65.84338484,-0.611761381,0.241763409,0.369997972,Normal
557.6649502,-878.6819565,-34.59832315,-0.016249024,-0.007726677,0.023975701,LLG
-746.9888783,782.0951788,-33.07745317,0.003341765,0.034913107,-0.038254872,LLL
25.19318575,-776.3872718,753.5774388,-0.166349529,0.002934948,0.163414581,LL
43.88707535,-742.7836409,701.5471262,0.037620449,0.017465493,-0.055085942,LL
-751.9515719,317.5010208,-9.245703088,-0.094669194,0.298699261,-0.204030068,LLG
102.5966872,-47.95562853,50.58388829,0.371026803,-0.593812696,0.222785892,LLG
-5.108686636,-25.98007929,20.90127304,0.372502458,-0.550938259,0.178435801,Normal
-861.1604145,-42.15882838,-11.41599079,-0.01556686,0.315927639,-0.300360779,LG
55.31425366,1.957990303,-60.31788157,0.098324191,0.479148679,-0.57747287,Normal
-21.44485238,-11.76623508,35.34708593,0.544532057,-0.399645506,-0.144886551,Normal
-35.58285019,97.32130096,-64.9878947,-0.604516533,0.199082636,0.405433897,Normal
113.1548805,-828.4076432,717.4138384,-0.033973014,-0.004005796,0.03797881,LLL
46.95556575,-688.2891049,643.899808,0.076126916,0.022367325,-0.098494241,LL
-620.7188487,423.2227901,0.613787281,-0.226917998,0.254650663,-0.027732665,LLG
133.3814298,686.8265198,57.59507135,0.040078893,-0.277267693,0.2371888,LLG
55.22368271,3.721712108,-61.9904471,0.07956266,0.491296991,-0.570859651,Normal
55.24604694,-534.4992856,481.7796691,0.233494493,0.032815908,-0.266310401,LL
759.6160277,11.18522867,-770.8008288,0.036128707,-0.037246535,0.001117828,LLLG
725.332374,70.1524975,-26.98538615,-0.26362642,0.151438106,0.112188315,LG
-705.084727,145.8851657,561.3819258,0.045089695,0.01674098,-0.061830674,LLL
-860.870929,261.7690007,601.200177,-0.027496764,0.041681158,-0.014184394,LLL
392.2495125,-881.2121107,491.0377856,-0.024946652,-0.017162609,0.042109261,LLL
55.6125497,-2.684674105,-55.85978362,0.135984544,0.452788837,-0.588773381,Normal
-682.201217,-101.8791785,-38.84699897,-0.022358486,0.364261776,-0.34190329,LLG
833.0015508,34.69902835,17.41773393,0.063380651,-0.378237983,0.314857332,LG
289.1912476,-867.8823803,578.6888692,-0.029049253,-0.012160505,0.041209757,LLLG
17.72938219,-773.0315295,757.3829262,-0.037154191,0.000954926,0.036199265,LLL
820.7708225,-684.5295279,-6.222030862,0.0059247,-0.198283318,0.192358618,LLG
11.93141511,75.93513774,-91.13133455,-0.531660583,0.551613945,-0.019953362,Normal
-30.06485763,96.55578339,-69.74224391,-0.614561277,0.25277975,0.361781527,Normal
23.31822743,66.7566127,-93.47178942,-0.457672482,0.600450391,-0.142777909,Normal
861.0107395,-565.8475477,4.6526173,0.013677987,-0.254751537,0.24107355,LLG
14.83297904,-29.25778626,11.23599776,0.58461375,-0.19510345,-0.3895103,Normal
853.9049552,62.35081952,-10.37481808,-0.148642646,-0.06571723,0.214359876,LG
603.2456776,-597.9366891,-3.188535031,0.024844302,-0.448004306,0.423160004,LLL
-871.0802458,439.2743731,-14.48558934,-0.020375535,0.298640076,-0.278264541,LLG
-45.21681959,94.64684417,-52.43553713,-0.567817272,0.085924539,0.481892733,Normal
-1.938717728,-26.58893421,25.56970635,0.588944884,-0.346058818,-0.242886067,Normal
0.368746628,632.3960365,-630.1721007,0.409288153,0.022490082,-0.431778235,LL
323.0794336,551.7972108,-872.8305667,0.042083319,-0.017030483,-0.025052836,LLL
736.0695892,-799.5278121,63.46947292,-0.004321565,-0.034352121,0.038673686,LLLG
759.5366428,21.46573701,26.54490064,0.138609034,-0.466370909,0.327761875,LG
196.5206602,-843.5467784,649.1042991,-0.032251762,-0.007651241,0.039903004,LLL
737.9620086,18.26427627,28.50750761,0.155261333,-0.484075117,0.328813783,LG
652.6381027,191.1143556,-841.6202634,0.039865857,-0.03238425,-0.007481606,LLL
-65.08311023,37.16156759,24.70379573,0.139418489,-0.564256504,0.424838014,Normal
393.1563323,-899.1125735,-44.43742251,-0.02416444,0.079873858,-0.055709418,LLG
31.65913555,54.80096428,-89.4896817,-0.393503058,0.617389452,-0.223886394,Normal
597.0103577,0.684122527,37.80825246,0.237406427,-0.55949604,0.322089613,LG
745.7118225,39.74851331,-783.3258858,0.036811198,-0.03660781,-0.000203389,LLL
3.00174412,-28.50175351,22.54348482,0.59286866,-0.306964134,-0.285904526,Normal
43.99543682,-23.76975852,-23.40286363,0.426636449,0.160420127,-0.587056576,Normal
180.4266328,-851.5256269,673.2590316,-0.032092555,-0.007192393,0.039284948,LLL
17.08957136,73.96608084,-94.29965262,-0.50087855,0.578294105,-0.077415555,Normal
627.022042,-852.8962187,225.8719149,-0.012518164,-0.028759127,0.041277292,LLLG
38.04952091,-773.2079998,737.783434,-0.033823068,0.012194753,0.021628316,LL
-751.7077158,-26.4860144,778.1914666,-0.036464061,0.03696339,-0.000499329,LLLG
54.76097955,-543.1397491,490.9982263,0.226325459,0.032390596,-0.258716055,LL
544.1878606,-4.874018792,40.24835876,0.26021156,-0.576020237,0.315808677,LG
-451.91421,-67.78414779,41.86760239,0.354554776,-0.379451151,0.024896375,LG
-867.6470653,521.5456867,-8.259845705,-0.016177597,0.271669685,-0.255492088,LLG
-62.25845566,32.86434732,25.92674658,0.201754294,-0.576774168,0.375019874,Normal
-750.0606453,113.905826,638.3357173,-0.010294868,0.030659121,-0.020364253,LLL
-70.58243716,54.13060774,13.46646767,-0.048260025,-0.487465273,0.535725298,Normal
-148.1341687,-679.3439392,829.4827293,-0.040313646,0.008873228,0.031440417,LLL
-71.71416965,70.69213888,-2.206867904,-0.198591775,-0.387165768,0.585757543,Normal
56.29339581,-311.0982889,257.4748495,0.370418759,0.039953242,-0.410372001,LL
853.1353896,-222.0779303,-628.9191085,0.029038286,-0.041290963,0.012252677,LLL
17.41927272,478.2026764,-492.9129222,0.47395,0.031610516,-0.505560516,LL
698.3884634,12.84193881,31.63577529,0.182231265,-0.511175387,0.328944121,LG
55.344863,-2.908105374,-53.84297413,0.205374256,0.400315041,-0.605689297,Normal
44.20222951,-95.0786425,53.70738196,0.487527065,0.045051809,-0.532578874,LL
256.8552144,603.5187154,-860.3761935,0.041584577,-0.013921259,-0.027663318,LLLG
-718.525142,230.1708281,-11.14889433,-0.013188597,0.287883976,-0.27469538,LLG
-455.2916832,-433.4996591,-53.94203617,-0.042865143,0.359320213,-0.316455071,LLG
55.62999945,7.043804687,-64.61088756,0.096042506,0.482297825,-0.578340331,Normal
-682.0847398,827.5854447,-143.4702973,0.008606973,0.031627298,-0.04023427,LLL
-416.0321635,-66.74889913,43.10156832,0.36095069,-0.401282477,0.040331787,LG
55.53767467,-555.8629065,503.0535992,0.26322478,0.029504069,-0.292728849,LL
35.4140522,50.10714344,-88.55223362,-0.355351988,0.622929879,-0.267577891,Normal
-58.34155018,713.3426822,-652.5516002,-0.059641986,-0.020616837,0.080258823,LL
-645.4564487,845.4413753,-197.8741387,0.011197768,0.029790694,-0.040988462,LLL
488.411573,-881.426652,395.0104747,-0.020458375,-0.021878487,0.042336863,LLL
-66.64488572,168.6409732,-99.6515578,-0.438596223,-0.041952568,0.48054879,LL
662.3910119,70.7726021,-31.41056156,-0.292635698,0.214903199,0.077732499,LG
-36.14259589,-2.945971768,36.0043443,0.46134742,-0.544501997,0.083154576,Normal
-33.11857274,-6.6178263,36.7693428,0.479073088,-0.534130221,0.055057133,Normal
853.77286,-597.5750173,1.934355212,0.01177461,-0.241407389,0.229632778,LLG
596.5528708,0.681894808,37.80603504,0.237386543,-0.559496021,0.322109477,LG
866.8264025,-366.474237,19.67932624,0.023893659,-0.318967129,0.29507347,LLG
391.32779,-16.15983672,37.57768475,0.307442551,-0.593268854,0.285826303,LLG
-29.42958805,-479.1325209,510.8223744,-0.478348734,-0.031135455,0.509484189,LL
-275.8898744,864.5516882,-588.6636865,0.029484344,0.011603831,-0.041088175,LLLG
882.4793814,-402.7131386,-479.7685061,0.021499826,-0.042308517,0.020808691,LLLG
40.07394139,-27.68443423,-15.44893263,0.470182575,0.094167109,-0.564349684,Normal
-730.3672969,-38.69841427,771.2432582,-0.041314944,0.036529981,0.004784963,LLL
47.91953107,-21.67983111,-29.29501188,0.378786568,0.22348674,-0.602273309,Normal
-21.78141185,92.14834236,-73.3799622,-0.618633753,0.319590396,0.299043357,Normal
52.0767968,-9.171694074,-46.32912828,0.266950513,0.345270128,-0.612220641,Normal
786.0310189,-750.699697,-33.18308436,0.000256977,-0.03687329,0.036616312,LLL
850.9378924,-607.8590297,1.027012744,0.011134107,-0.236838713,0.225704606,LLG
-754.2918189,775.5253409,-19.20486972,0.002678169,0.035286123,-0.037964292,LLL
28.304822,61.43617173,-93.13989926,-0.416843761,0.614588116,-0.197744355,Normal
193.5695619,-855.4092039,663.9994719,-0.031961116,-0.007762342,0.039723458,LLL
279.4250669,579.318045,57.53736153,0.041834499,-0.316939036,0.275104537,LLG
56.86729227,-355.4790261,301.1783171,0.348508244,0.038989588,-0.387497832,LL
-216.6780016,-633.7130041,850.3887515,-0.041220571,0.01211069,0.029109881,LLLG
-769.1643857,168.7830625,-20.54374551,-0.057097552,0.342103414,-0.285005862,LLG
-755.860827,-52.33045787,-5.46642417,0.032738472,0.231155997,-0.263894469,LG
43.72743928,-27.05452222,-14.40096585,0.507560903,0.030900383,-0.538461286,Normal
54.35016407,10.7735794,-68.05142806,-0.005239498,0.539321038,-0.53408154,Normal
880.2827812,-523.2871688,-356.9911288,0.015685572,-0.041980078,0.026294506,LLLG
844.6391442,-627.97521,-0.788205033,0.009845047,-0.227527217,0.21768217,LLG
-70.56202604,68.61193258,-0.927658773,-0.215142603,-0.37505069,0.590193293,Normal
584.1883199,263.4024399,50.69277646,0.041009635,-0.371608853,0.330599218,LLG
565.6496286,-870.9165035,305.2646115,-0.016271426,-0.025708922,0.041980348,LLLG
196.4936052,-843.5714916,649.0776974,-0.032251854,-0.00765117,0.039903023,LLL
866.5204538,-551.6883162,-49.23375871,0.014283552,-0.21297783,0.198694278,LLLG
871.6313518,57.66797918,-4.163540269,-0.10336818,-0.140692508,0.244060687,LG
885.7385707,-440.6633275,-442.933396,0.019898893,-0.042407253,0.02250836,LLL
-29.67551833,-478.9626725,510.9929628,-0.478482287,-0.031135483,0.50961777,LL
-0.872439225,639.7181571,-636.1579647,0.404532375,0.02191869,-0.426451064,LL
-663.6360528,-8.445567948,-33.99918498,-0.203000944,0.530593953,-0.327593008,LG
56.64699225,-322.4406134,268.3660044,0.365177421,0.03972743,-0.404904852,LL
-564.6058648,-299.924281,-49.04619494,-0.031017374,0.368786833,-0.337769459,LLG
855.365783,40.3516886,12.93680676,0.027576745,-0.332012113,0.304435369,LG
-874.4731756,-56.34962822,2.59870607,0.091747293,0.159135276,-0.250882569,LG
632.8322514,217.3716006,-850.204193,0.04028861,-0.031493197,-0.008795413,LLLG
53.73716652,12.15331623,-69.3060324,0.030730601,0.52191183,-0.55264243,Normal
-64.48514193,36.48693609,24.6549994,0.157229093,-0.568235321,0.411006229,Normal
-20.76729668,-13.06454134,30.5065755,0.542990295,-0.464362,-0.078628295,Normal
-875.7192092,-48.95363763,-5.233872399,0.032487393,0.248634847,-0.28112224,LG
53.12199194,15.78503745,-71.94827974,-0.043775986,0.558406351,-0.514630365,Normal
844.6392999,-627.975518,-0.788203766,0.009845065,-0.227527231,0.217682166,LLG
-90.4131665,41.95602364,-49.81533252,-0.370101653,0.587073484,-0.216971831,LG
-506.0064982,-386.4175686,892.5644404,-0.032426603,0.02321093,0.009215673,LLLG
-858.3908955,247.7056197,610.683058,-0.028006987,0.041570411,-0.013563424,LLLG
-189.6649475,-652.7485188,842.4112116,-0.04089086,0.010829478,0.030061382,LLLG
398.2051398,-888.2862107,-43.86063951,-0.024390726,0.074581632,-0.050190905,LLG
785.6717427,25.65899315,23.83718164,0.115933715,-0.441161738,0.325228024,LG
-69.48916403,331.1746644,-259.3245044,-0.372167431,-0.039696265,0.411863696,LL
877.1125577,54.26904303,-0.246902678,-0.0741353,-0.186499136,0.260634436,LG
771.3926004,-757.8264312,-14.25427089,-4.35e-05,-0.151202857,0.151246377,LLG
36.53316469,-29.4614411,-0.21683211,0.572931167,-0.119750566,-0.453180601,Normal
-775.7258376,753.8834022,21.84030448,0.000679523,0.036365408,-0.037044931,LLLG
-699.3633033,817.4111127,-116.017792,0.007300209,0.032497633,-0.039797841,LLL
-46.49143068,-266.0408525,314.7745014,-0.508169334,-0.038478799,0.546648133,LL
316.8650026,-344.5391785,29.81497774,0.037393677,-0.53599723,0.498603553,LLL
56.40381732,-444.0902935,390.442306,0.345433342,0.032870176,-0.378303519,LL
-691.4880875,821.8488951,-130.3630713,0.007947266,0.032081418,-0.040028684,LLLG
-657.1989037,311.6457441,-8.143679822,-0.046230597,0.23275769,-0.186527092,LLG
6.907394247,-29.76815866,19.90537616,0.593320884,-0.274232266,-0.319088618,Normal
-553.051403,-303.2085897,-51.94285336,-0.041471777,0.368347756,-0.326875978,LLG
-26.61561622,97.07465235,-73.83906602,-0.618836406,0.288250593,0.330585813,Normal
55.74631427,4.444583963,-62.01775225,0.123910602,0.463227351,-0.587137954,Normal
13.57101092,-27.78887719,10.9037699,0.585537272,-0.203198056,-0.382339216,Normal
-54.1369772,-149.8497568,206.4181114,-0.504734985,-0.0409315,0.545666486,LL
311.5754757,-882.6609077,573.2433946,-0.027954519,-0.013438625,0.041393144,LLL
571.707974,-878.0847248,308.5301558,-0.015626391,-0.026175822,0.041802213,LLL
-70.08352897,51.30304934,15.43245046,0.016799525,-0.518734585,0.50193506,Normal
-69.71767009,427.8141074,-355.7214895,-0.319848244,-0.037224972,0.357073216,LL
-131.4427789,39.22369859,-49.60067889,-0.365094582,0.593484528,-0.228389946,LG
793.8703207,67.83961865,-20.0736368,-0.217035611,0.057795607,0.159240004,LG
24.95677314,-31.22207061,3.199985888,0.559525976,-0.095267509,-0.464258466,Normal
-538.3480837,-336.2115997,876.6490785,-0.041737,0.027227194,0.014509805,LLL
40.74061961,156.8941377,-194.9198235,0.497526212,0.040798173,-0.538324385,LL
-422.1966983,-459.8560899,884.1401764,-0.04236858,0.021813238,0.020555342,LLL
-55.51374088,18.75674384,33.78194597,0.281437721,-0.587355986,0.305918265,Normal
-56.48399692,95.50099256,-42.38535509,-0.503006367,-0.044803306,0.547809673,Normal
224.0660835,59.40124964,-47.79467957,-0.380697559,0.496177052,-0.115479493,LG
197.8492406,-14.70168179,17.5807466,0.349714782,-0.586067633,0.236352851,LLLG
-449.6499057,-450.3104131,900.0821273,-0.041354034,0.022477947,0.018876087,LLLG
50.33457215,-644.6021594,596.8531463,0.1303676,0.026180171,-0.156547771,LL
28.40919663,-27.08513818,9.722663719,0.593035953,-0.209843871,-0.383192082,Normal
-318.7802749,-570.4238241,891.3720392,-0.037382976,0.015529381,0.021853595,LLL
328.6764898,63.75879737,-45.60732105,-0.37273847,0.448677528,-0.075939058,LG
-62.0131128,87.25275879,-28.23794627,-0.432601388,-0.149681381,0.582282769,Normal
-882.0323396,475.227902,408.8268609,-0.018018698,0.04223233,-0.024213632,LLL
-317.9485179,-546.91637,-57.2229728,-0.042107868,0.326174133,-0.284066265,LLG
67.10866432,730.258675,-795.2449573,0.038882132,-0.004889594,-0.033992538,LLL
-24.68034307,92.96805817,-71.29987824,-0.617844614,0.294476165,0.323368449,Normal
27.38434172,364.3161396,-389.0814645,0.49521859,0.035992211,-0.5312108,LL
549.7936617,-556.7908711,9.128815633,0.027960784,-0.481049176,0.453088392,LLL
747.7323565,-781.8171372,34.0825183,-0.003388873,-0.034839444,0.038228317,LLLG
-62.14626764,21.41597837,43.16416167,-0.479030552,-0.042396581,0.521427133,LL
-587.3197136,-282.2161707,869.7050885,-0.028149247,0.026193829,0.001955418,LLLG
-279.3864695,-579.375429,-57.53734313,-0.041844228,0.316949767,-0.275105539,LLG
-56.7951786,96.88227154,-43.54814624,-0.503563707,-0.043984088,0.547547794,Normal
39.10133385,-26.74735894,-15.53360389,0.475360171,0.08545999,-0.56082016,Normal
52.57759286,-608.7309844,558.6569138,0.168292618,0.028712983,-0.197005602,LL
-22.33054066,755.7892612,-730.9061782,0.279779586,0.008349398,-0.288128984,LL
-502.891583,-174.6480233,-80.92466346,0.265728444,-0.114300749,-0.151427695,LG
-68.6843627,516.0054188,-444.9298943,-0.261217571,-0.034010629,0.2952282,LL
-480.192647,-417.3010203,897.6225834,-0.039612867,0.023706273,0.015906593,LLLG
791.5000843,-721.8851217,-67.61711625,0.004589411,-0.104149669,0.099560258,LLL
453.1897079,-882.9649742,431.8494568,-0.022183144,-0.020146659,0.042329803,LLL
574.6180046,70.28379932,-36.56585258,-0.324476223,0.292583467,0.031892756,LG
-71.55072422,57.96015463,10.24028747,-0.049799929,-0.485200679,0.535000608,Normal
-32.63511659,781.0237575,-745.8595323,0.203673995,0.001085636,-0.204759631,LL
-54.78999566,-137.7593757,194.9806629,-0.503689897,-0.041105589,0.544795486,LL
1.645906892,82.21211396,-86.99636245,-0.577495067,0.492847845,0.084647222,Normal
11.96232212,-767.2104211,757.7872508,-0.266541275,-0.007219109,0.273760384,LL
-870.1442598,-45.64596332,-8.341054129,0.00847751,0.282839352,-0.291316863,LG
-45.80427582,-10.91358652,37.71735082,0.494718115,-0.451812766,-0.042905349,Normal
42.17301412,-21.93574787,-23.66875782,0.438428364,0.143418303,-0.581846667,Normal
284.2191056,583.4019791,-865.4954369,0.041841676,-0.015203307,-0.026638368,LLL
702.0499651,-827.3278942,-22.84275788,-0.006311682,-0.095628665,0.101940347,LLG
856.0513901,-236.2917374,-619.7578875,0.028546258,-0.041423345,0.012877087,LLLG
54.09939428,11.35410347,-68.61575667,0.012798088,0.530810383,-0.543608471,Normal
-24.94466138,97.95242853,-76.42158484,-0.620370754,0.306025897,0.314344857,Normal
27.01733024,61.89258815,-92.18003828,-0.430328093,0.609660344,-0.179332251,Normal
-863.8397154,274.994671,590.9434947,-0.026987072,0.041796641,-0.014809569,LLL
-785.8211358,42.88921464,742.9296576,-0.034657522,0.038478267,-0.003820745,LLLG
-717.0400167,-26.98825282,-19.9941643,-0.093807875,0.421106633,-0.327298758,LG
53.55602255,-4.031794708,-52.94597383,0.206376825,0.399484013,-0.605860838,Normal
-51.6346111,-737.1458739,790.862264,-0.038637967,0.004274385,0.034363582,LLL
-34.47908061,-432.8877032,469.8135941,-0.490479332,-0.033592663,0.524071995,LL
429.7357818,-15.86164587,44.37503938,0.300917902,-0.59833465,0.297416747,LG
46.98176121,35.08029998,-79.44900167,0.481703717,0.042085213,-0.52378893,LL
190.4150292,653.0293991,-841.4003159,0.040843901,-0.010755933,-0.030087968,LLL
-729.0003287,-68.06083176,797.0588969,-0.037440811,0.03594455,0.001496261,LLLG
-46.40522271,776.3860074,-727.3916362,0.082488884,-0.009492602,-0.072996282,LL
-44.58353281,779.6636493,-732.5831999,0.098207686,-0.008176596,-0.09003109,LL
-650.7129436,-190.7694316,843.495104,-0.039857599,0.032404713,0.007452886,LLL
541.5374111,25.65356838,31.8640085,0.224148683,-0.531730082,0.307581399,LLG
-55.81947028,95.81392547,-43.3631383,-0.508571971,-0.035332009,0.54390398,Normal
-14.77213667,723.4041382,-705.9673021,0.329817164,0.013481832,-0.343298997,LL
-69.90293046,352.6893309,-280.3250026,-0.361249394,-0.039274963,0.400524357,LL
-762.0360067,26.07753407,-38.97669509,-0.035384056,0.371245424,-0.335861368,LLG
707.2590228,13.93575071,31.02704783,0.176948249,-0.506002408,0.329054159,LG
-60.79841184,92.89976703,-35.46744979,-0.46075092,-0.110518105,0.571269026,Normal
56.58741224,-459.4391574,405.3970719,0.287521178,0.035915793,-0.323436971,LL
182.935864,-839.363824,658.4279632,-0.03267948,-0.006995972,0.039675452,LLL
2.018034537,-28.1482181,23.17337485,0.592382039,-0.314951431,-0.277430608,Normal
873.1424099,46.48918017,7.565521175,-0.014424024,-0.274387563,0.288811588,LG
53.39070827,-4.797138277,-52.01564177,0.21521096,0.392004156,-0.607215116,Normal
-51.35265884,93.30107391,-44.95161781,-0.532994892,0.009907699,0.523087194,Normal
-63.27187702,59.46557315,6.143999445,-0.470395312,-0.04233841,0.512733722,LL
-332.6556389,-559.6931508,892.4451142,-0.038831353,0.016498168,0.022333185,LLLG
-34.42528301,-1.442472003,32.40963131,0.476991972,-0.53106974,0.054077769,Normal
44.61930833,-26.23715835,-21.32421918,0.427628618,0.158961036,-0.586589655,Normal
29.44498492,59.18066999,-91.89671772,-0.409140439,0.615639463,-0.206499024,Normal
-43.06452944,3.95981961,36.01811432,0.410349673,-0.567908037,0.157558364,Normal
-591.6127198,-271.0808982,864.7840173,-0.041034025,0.02969075,0.011343276,LLL
-62.84136798,31.89186673,27.85429138,0.176446504,-0.57395041,0.397503905,Normal
-63.99821988,35.48732787,25.16800685,0.166338168,-0.570398297,0.404060129,Normal
-56.82204253,23.94590563,29.41075343,0.279350984,-0.584287261,0.304936277,Normal
-877.1907661,-50.53526102,-3.671222073,0.044451026,0.231156018,-0.275607044,LG
-729.0438702,293.7354869,437.4936788,-0.056756038,0.044689334,0.012066704,LLL
-36.62670265,-398.4894622,437.3673116,-0.496126405,-0.034486558,0.530612963,LL
-419.7393607,13.19618163,-44.12509091,-0.291961714,0.595038123,-0.303076409,LG
836.727263,-221.0345518,28.7269061,0.029532984,-0.348621987,0.319089003,LLG
-71.35458016,62.27127417,6.095361014,-0.133141677,-0.435437202,0.568578879,Normal
-36.7965964,-0.359422576,33.82531936,0.460307339,-0.542972446,0.082665107,Normal
-53.53060344,-12.344944,36.62292263,0.473187943,-0.469688825,-0.003499117,Normal
882.7491379,-485.8373258,-394.8499434,0.017374441,-0.042112175,0.024737734,LLL
-43.7190327,6.548357039,33.83741434,0.409308792,-0.566377311,0.157068518,Normal
50.9206378,-671.2269435,622.995577,0.147701055,0.02272667,-0.170427725,LL
-860.0339281,325.8298527,-22.22298534,-0.025403526,0.327974958,-0.302571432,LLG
453.1630496,-882.990158,431.8230794,-0.0221832,-0.020146615,0.042329815,LLL
272.0754081,-868.898899,-49.20534541,-0.029507787,0.131400199,-0.101892412,LLG
-4.644501358,-690.0859841,697.229167,-0.371058415,-0.017782718,0.388841133,LL
53.24786763,-10.41474527,-46.00329264,0.251028313,0.359616586,-0.6106449,Normal
-861.1489333,-42.15850977,-11.41567734,-0.015566385,0.31592763,-0.300361244,LG
-796.7895726,-67.53178856,19.33547858,0.21219594,-0.04831444,-0.1638815,LG
861.9380965,-609.1755008,-252.7567863,0.010662841,-0.04089756,0.030234719,LLLG
-716.5956004,805.629703,-89.03620714,0.005982278,0.033348259,-0.039330537,LLLG
586.8111305,-0.427808181,38.3158811,0.242092699,-0.563080365,0.320987666,LG
-516.0925002,-361.7046697,879.8861635,-0.041946361,0.026193932,0.015752429,LLL
-401.0643034,-497.3901853,898.5671405,-0.036404279,0.01921237,0.017191909,LLLG
789.8456424,-715.6025285,-72.24033623,0.005909631,-0.126196953,0.120287322,LLL
56.22821364,-414.4996588,361.0324167,0.360439509,0.03748993,-0.397929439,LL
-68.93776351,515.6506826,-444.2243871,-0.261334128,-0.034052772,0.2953869,LL
-56.80802726,20.72230225,33.11010207,0.264648482,-0.586730141,0.322081659,Normal
674.6278286,-831.3245359,158.766716,-0.009297035,-0.031121725,0.040418761,LLL
-634.539222,-70.76676253,33.20366386,0.303936985,-0.241351566,-0.062585419,LG
44.76218172,-21.5760142,-26.48723122,0.41281332,0.179631568,-0.592444888,Normal
54.08836967,-171.8635461,120.3692432,0.427515097,0.041888866,-0.469403964,LL
-28.77819532,98.89337469,-73.5369224,-0.617824578,0.271855941,0.345968637,Normal
56.26523069,-503.3906367,449.8673414,0.300861891,0.035027191,-0.335889081,LL
-576.1291653,867.9029794,-291.7758549,0.015605367,0.026318808,-0.041924175,LLLG
583.1237087,284.7266844,-865.7196322,0.041195286,-0.029185971,-0.012009314,LLL
54.64941263,-195.6672911,143.6089927,0.419033649,0.041668169,-0.460701817,LL
3.244083088,79.14404658,-85.29450893,-0.572978039,0.497291024,0.075687016,Normal
-836.8941489,663.5091466,173.3828423,-0.006612599,0.039570353,-0.032957754,LLLG
749.0352939,0.792051481,40.29253127,0.036152364,-0.373070485,0.336918121,LLG
-276.9369379,-61.70189751,46.79299476,0.377467931,-0.473361282,0.095893351,LG
-19.49097663,93.7218886,-77.48566899,-0.619093997,0.345531291,0.273562705,Normal
-50.8534814,97.58307555,-50.10054376,-0.5440429,0.031224472,0.512818427,Normal
854.9433032,61.82489871,-9.598327461,-0.143183858,-0.075170273,0.218354131,LG
-879.8979716,378.0827457,503.8360949,-0.022682075,0.042348578,-0.019666503,LLL
-376.5882584,-513.0672845,-55.86998961,-0.04090671,0.343687767,-0.302781057,LLG
-71.17226547,71.02542245,-2.960885412,-0.216113094,-0.373623479,0.589736573,Normal
-68.56730431,79.84383474,-14.38784486,-0.319509096,-0.280212462,0.599721558,Normal
27.9713317,353.5345092,-378.7902673,0.496274573,0.036336575,-0.532611148,LL
19.19661549,-23.25316498,17.60451182,0.594597535,-0.269650962,-0.324946573,Normal
35.6936178,-25.21536527,-13.91297225,0.495802131,0.04909396,-0.544896091,Normal
131.4254953,-39.22374152,49.60040841,0.365099726,-0.593484456,0.22838473,LG
23.65812207,65.41228604,-92.33927117,-0.457131912,0.599655426,-0.142523514,Normal
-724.6259278,799.8417108,-75.21789117,0.005322912,0.033755189,-0.039078101,LLLG
55.26689863,-2.317935997,-55.99606407,0.144707734,0.446818114,-0.591525847,Normal
-39.98651247,1.712789489,35.06739753,0.436225805,-0.556592237,0.120366432,Normal
-626.6990898,279.8368187,1.088645581,0.029988488,0.217838757,-0.247827244,LLG
632.1466966,52.04601808,34.51857343,0.146355234,-0.466631819,0.320276585,LLG
-871.1735007,463.3666479,-12.72140183,-0.019199063,0.291288844,-0.272089781,LLG
-405.4964474,18.02082155,-45.07228152,-0.308193799,0.601040931,-0.292847133,LG
50.14124356,-651.5049826,603.8512146,0.122837528,0.025654051,-0.148491579,LL
-857.6895472,248.4788641,611.3087301,-0.027999672,0.041555397,-0.013555724,LLL
-758.6976401,235.5596643,-13.37906288,-0.054219233,0.31634408,-0.262124847,LLG
328.8954587,-874.0230341,547.2037602,-0.027556477,-0.014072566,0.041629043,LLL
-722.6846889,-16.10711308,-29.78135104,-0.16616855,0.495283224,-0.329114674,LG
252.642602,-30.52717359,48.30109292,0.345278588,-0.604769211,0.259490623,LG
-775.0213578,754.6594654,22.46943717,0.00068685,0.036350368,-0.037037218,LLL
791.7248097,26.6921246,23.14512732,0.110189854,-0.434583368,0.324393513,LG
-755.3083072,12.10239591,-39.64192008,-0.035745453,0.372188344,-0.336442891,LLG
815.841857,-111.7110906,-702.0746359,0.032590347,-0.039682508,0.007092161,LLL
588.5795075,-871.0621116,-32.37984257,-0.014388426,-0.025451724,0.03984015,LLG
-37.61011349,-2.488522004,37.13015319,0.449760773,-0.551925694,0.102164921,Normal
827.6708932,-682.0046051,-145.668551,0.005242882,-0.038985984,0.033743102,LLLG
863.2462372,-340.7026628,21.37610322,0.024970219,-0.32509174,0.300121521,LLG
880.996489,-522.5293512,-356.3238493,0.015693951,-0.041997275,0.026303325,LLL
-580.0513531,-277.4050923,-47.90276085,-0.027910337,0.368588212,-0.340677875,LLG
135.8536992,689.1504267,-822.9607992,0.040063844,-0.00816284,-0.031901004,LLL
48.16147913,29.76869771,-81.08666687,-0.166331488,0.603834942,-0.437503454,Normal
796.7992054,67.53230201,-19.33519066,-0.21218965,0.04831451,0.16387514,LG
-855.2458154,299.6755122,-23.88717533,-0.026456686,0.333624137,-0.307167452,LLG
-39.11682355,0.85285512,35.05795111,0.442549019,-0.553593625,0.111044606,Normal
737.2336883,-792.0946653,-18.60379478,-0.003366544,-0.12368055,0.127047094,LLG
-720.4540531,-31.13119565,-35.26524415,-0.041361075,0.368559707,-0.327198632,LLG
20.17129784,68.80929366,-92.24819821,-0.482186111,0.587364047,-0.105177936,Normal
-16.63391033,773.8795187,55.9375226,0.037129537,-0.229338784,0.192209247,LLG
54.90738562,-207.4966097,155.1788082,0.414636027,0.04154239,-0.456178417,LL
482.5258983,399.5599327,-882.0880947,0.042135937,-0.024522509,-0.017613428,LLLG
-501.0586281,237.9918271,264.0220269,0.130939425,-0.012374639,-0.118564785,LLLG
-67.03770244,88.22532363,-24.65686061,-0.376637881,-0.21823149,0.594869372,Normal
-717.6300261,-6.394877383,726.2034966,0.001532358,0.026640198,-0.028172556,LLL
481.9591589,68.31286667,-41.07134361,-0.349562695,0.364425846,-0.014863151,LG
-63.30594393,92.4798604,-32.64051087,-0.4347047,-0.146588643,0.581293342,Normal
30.21347035,-32.02061213,-1.140871049,0.538796861,-0.039490155,-0.499306706,Normal
-68.87030051,46.76212496,19.00850056,0.036839744,-0.528671794,0.49183205,Normal
34.77132395,52.64911473,-90.69370274,-0.356374143,0.624433068,-0.268058924,Normal
33.58269229,274.7967422,-305.6626931,0.50114414,0.038508026,-0.539652167,LL
-877.2052197,-50.53564128,-3.671597167,0.044450426,0.231156027,-0.275606453,LG
-24.03180125,-534.5071827,560.9022354,-0.460214014,-0.028296574,0.488510588,LL
-392.8743236,-478.4234533,-56.21395445,-0.042354754,0.34243175,-0.300076996,LLG
324.3717288,-884.6575559,562.4435823,-0.027473815,-0.014060378,0.041534193,LLL
229.2714297,-871.0150359,-50.98694335,-0.030342717,0.152633457,-0.12229074,LLG
-686.3800316,-86.1266722,-37.69498036,-0.010490532,0.356343312,-0.34585278,LLG
-732.5098232,793.904274,-61.39671453,0.004658997,0.034156349,-0.038815346,LLLG
-509.6891728,-355.1447649,-53.42980843,-0.041931638,0.362714684,-0.320783046,LLG
860.7761895,60.71137267,-8.054509311,-0.131963731,-0.094018451,0.225982182,LG
-738.0776356,-16.20728073,754.5744776,-0.04077068,0.037400579,0.003370102,LLLG
-6.375538495,-670.6823881,679.4540575,-0.381915938,-0.018383752,0.400299691,LL
44.83146935,-25.97751606,-17.01802635,0.491638488,0.059403681,-0.551042169,Normal
866.0667819,43.92411922,9.883226791,0.003551764,-0.29953122,0.295979456,LG
54.85526183,7.331030641,-65.23017441,0.041784583,0.514183512,-0.555968096,Normal
839.3233511,-667.4717335,-171.8446468,0.006815039,-0.039672542,0.032857502,LLLG
-200.4827255,-640.3759451,-57.78259466,-0.041038416,0.296411554,-0.255373139,LLG
-70.0298329,406.4928741,-333.9939321,-0.332169173,-0.037895627,0.3700648,LL
-853.7341332,597.5173787,-1.934338803,-0.011784324,0.241418109,-0.229633785,LLG
41.31670908,-24.06734099,-20.5523358,0.451390927,0.123917089,-0.575308016,Normal
-41.91836418,1.848309701,37.10014541,0.417598255,-0.566204716,0.148606461,Normal
-403.7633019,-66.36916954,43.49333721,0.362909415,-0.408363967,0.045454552,LG
4.977179713,-25.68239247,17.38824867,0.59190746,-0.280286529,-0.311620931,Normal
187.1803718,649.9431042,57.7735606,0.04085895,-0.292716876,0.251857926,LLG
253.3657225,600.2496344,57.67604212,0.041606934,-0.310397084,0.26879015,LLG
-445.9830224,889.7681461,41.41104064,0.022164737,-0.051253181,0.029088444,LLG
-22.5822032,755.8647646,-730.6333104,0.279646849,0.00834151,-0.28798836,LL
11.5919405,77.27778668,-92.26244048,-0.532200478,0.552407918,-0.02020744,Normal
19.73822475,48.77125557,-49.8462611,-0.37941189,0.563652733,-0.184240843,LG
-711.1504248,143.1238628,568.4449092,0.036858983,0.020289519,-0.057148502,LLLG
694.9651486,99.45944469,44.59835034,0.038302411,-0.376400302,0.338097891,LLG
48.53354589,32.66529374,-83.9123843,-0.158685689,0.603640316,-0.444954627,Normal
-36.81840444,98.73067951,-65.28873503,-0.602866797,0.190755801,0.412110996,Normal
-11.57945176,90.54006264,-82.21787119,-0.611053753,0.407048832,0.204004921,Normal
-296.3283719,-572.9337309,869.2598499,-0.041964684,0.015877876,0.026086807,LLLG
-768.5003624,-50.20716439,-19.46433724,-0.02191406,0.315927607,-0.294013547,LG
-720.3637984,-81.12644757,803.5834597,-0.037740194,0.03557168,0.002168514,LLL
222.7932259,-852.1029247,629.3074395,-0.031380072,-0.008940785,0.040320858,LLLG
-8.872660067,-20.02897923,25.58020939,0.577818821,-0.387741289,-0.190077532,Normal
-13.56657381,91.42103658,-81.11109708,-0.613954441,0.392205007,0.221749434,Normal
55.3623943,-562.5689828,509.9330883,0.255397789,0.031185454,-0.286583242,LL
39.9329751,-743.643331,706.1474178,-0.018593352,0.015230288,0.003363064,LL
348.7608227,-883.1418055,-46.13613305,-0.02651699,0.097609127,-0.071092137,LLG
858.8246567,-314.6076988,23.05177646,0.026033513,-0.330901276,0.304867762,LLG
44.02723372,-787.3558519,-55.45493007,-0.036480964,0.219855922,-0.183374959,LLG
-604.1619049,-236.6369246,-49.79675494,-0.040666681,0.373342523,-0.332675842,LLG
-678.7788851,-150.6738185,829.4504635,-0.039142653,0.033669815,0.005472838,LLLG
20.15244766,448.4456506,-465.8869088,0.481158632,0.032904256,-0.514062888,LL
-373.6284624,886.0933091,45.02061025,0.025456728,-0.086127173,0.060670445,LLG
-813.9334688,151.1382884,-32.5775567,-0.031749276,0.358672055,-0.326922779,LLG
-58.98723397,42.76345611,-49.94526972,-0.370677688,0.584645985,-0.213968296,LG
-41.96196844,-333.595623,377.8979276,-0.504504512,-0.036645401,0.541149912,LL
-65.63593393,617.2139924,-549.0651371,-0.175383996,-0.028713896,0.204097892,LL
-7.222958673,-19.64062709,23.41371798,0.581058624,-0.37267572,-0.208382904,Normal
-475.8377328,-393.1881831,-54.40693568,-0.042168022,0.357549064,-0.315381042,LLG
32.36203903,-769.2764003,739.418056,-0.097506325,0.008859338,0.088646988,LL
-68.56990841,45.78628252,19.68424877,0.046319802,-0.53266937,0.486349569,Normal
-633.4536226,416.9420906,218.7021182,-0.245983938,0.084683305,0.161300633,LLL
26.90102458,-776.1908902,751.6787686,-0.151254463,0.00426074,0.146993723,LL
51.8877406,-13.87093849,-41.18849608,0.292981066,0.319224762,-0.612205828,Normal
-54.48177633,18.02683129,33.36389681,0.297444906,-0.586660541,0.289215635,Normal
-596.5675062,-0.681863588,-37.8062273,-0.237381283,0.559496094,-0.322114811,LG
-825.2225843,675.4551721,5.318944954,-0.006592406,0.203297461,-0.196705055,LLG
55.1384887,-3.970508444,-54.21566743,0.163004966,0.433135486,-0.596140452,Normal
581.456842,-876.1202958,294.6809902,-0.015051289,-0.026661711,0.041713,LLLG
-536.3238032,882.6202793,36.03493398,0.017459985,-0.004091312,-0.013368672,LLG
-44.10566804,93.55576116,-52.3425404,-0.571085938,0.094673065,0.476412873,Normal
226.4696021,-256.7360813,32.40477879,0.039586931,-0.536484162,0.496897232,LLL
45.71625098,-25.34933337,-23.30842137,0.414330614,0.177400225,-0.591730839,Normal
43.86198599,41.62467055,-88.36023143,-0.240189294,0.6217406,-0.381551305,Normal
740.3701302,-797.3117695,-18.60935742,-0.003039512,-0.123893252,0.126932764,LLG
789.6173017,-735.0078696,-11.60063085,0.001951704,-0.167279381,0.165327677,LLG
-620.1411477,-42.15086616,27.95210601,0.143300043,0.084604859,-0.227904902,LG
-61.36474754,92.47058297,-34.47160661,-0.454261411,-0.119794672,0.574056082,Normal
-266.3878516,-589.9173998,-57.61384536,-0.041735386,0.313717352,-0.271981966,LLG
54.35431691,4.131474157,-61.90427704,0.115404715,0.468856904,-0.584261619,Normal
2.09253093,617.6370221,-617.0376199,0.418090837,0.02360225,-0.441693087,LL
795.3045105,-727.0364451,-10.71006783,0.002616032,-0.172557425,0.169941394,LLG
814.8402909,30.75680119,20.32205466,0.08699444,-0.40721424,0.3202198,LG
-25.33734446,92.01910672,-69.58005282,-0.616803514,0.285261008,0.331542506,Normal
46.05146056,33.48412894,-82.57158347,-0.211350374,0.613889412,-0.402539038,Normal
870.3366367,-512.7576323,9.15063931,0.016949575,-0.27582914,0.258879565,LLG
44.14339474,-714.3981159,672.8069198,0.036755398,0.019475753,-0.056231152,LL
-742.4392962,-34.86805324,-19.29328571,-0.070478374,0.385626687,-0.315148313,LG
-42.41158143,783.1382064,-738.1257496,0.121268065,-0.006223218,-0.115044847,LL
115.9231284,54.1069617,-49.22824132,-0.382652737,0.535851562,-0.153198825,LG
566.3163303,-870.1777574,305.8554809,-0.016264118,-0.025723922,0.04198804,LLL
-531.629578,-329.3448416,-52.71243068,-0.041721945,0.36571144,-0.323989495,LLG
56.43682454,-449.3503426,395.5566792,0.293833733,0.036263923,-0.330097656,LL
-608.9390099,223.4988083,387.6259122,0.089937053,0.004903628,-0.094840681,LLL
862.3350572,-260.7217915,-599.5549605,0.027457903,-0.041623248,0.014165345,LLL
-453.586332,13.68668327,-43.63457882,-0.29333471,0.595038084,-0.301703374,LG
162.7134848,670.3955732,-833.11052,0.040484447,-0.009463367,-0.03102108,LLLG
-30.71831898,-4.581380076,31.84270947,0.49826844,-0.514375746,0.016107306,Normal
35.71736247,48.9075542,-87.54164879,-0.35486962,0.622220505,-0.267350886,Normal
-283.2171522,-583.4317657,866.6466647,-0.041866377,0.015258883,0.026607495,LLLG
-641.9244249,-205.0468333,846.9690161,-0.04008549,0.031986435,0.008099056,LLLG
10.67947816,74.875613,-88.57769348,-0.540263203,0.540701379,-0.000438176,Normal
-816.0183773,693.2824549,7.123144146,-0.005272635,0.193240156,-0.18796752,LLG
-783.6964779,742.7401815,12.48834592,-0.001296599,0.161970776,-0.160674177,LLG
-340.9812,876.1871975,-535.2082612,0.027000528,0.014771776,-0.041772304,LLLG
52.2609704,18.45297665,-73.63938163,-0.081222405,0.573938894,-0.492716489,Normal
-244.7789847,-625.6206623,-57.53336872,-0.040972828,0.312975041,-0.272002213,LLG
-68.56012525,45.53538714,20.04195738,0.037333029,-0.529397223,0.492064193,Normal
-67.50515656,204.4107145,-134.5580777,-0.426031029,-0.041637005,0.467668034,LL
29.49294332,-27.44207003,8.70591789,0.591905652,-0.20105727,-0.390848382,Normal
166.5924338,-848.0687968,681.5164579,-0.032150657,-0.006614064,0.038764721,LLLG
-640.3485374,-13.95284145,-31.04437798,-0.170012721,0.506002437,-0.335989716,LG
-12.89291004,-21.14931867,31.08115449,0.56732805,-0.423839461,-0.143488589,Normal
-2.629973232,85.90157203,-86.53167759,-0.590761016,0.468919474,0.121841542,Normal
-295.3681254,-590.5476921,886.0065243,-0.038068006,0.014722772,0.023345234,LLLG
44.43338427,40.63051363,-87.92121708,-0.231325795,0.620315808,-0.388990014,Normal
-40.31482743,-10.83309614,37.4990207,0.508351475,-0.439370621,-0.068980854,Normal
709.5027051,61.34959759,22.28035001,0.059720363,-0.38481054,0.325090178,LLLG
21.58998218,68.47104768,-93.45732723,-0.470424528,0.594587536,-0.124163009,Normal
55.33607936,1.087132484,-59.46914216,0.107664963,0.472903431,-0.580568394,Normal
798.4374152,-109.7299174,34.78931146,0.0330259,-0.363663335,0.330637435,LLG
-179.7493654,-673.5449538,-57.69040717,-0.038203838,0.2947064,-0.256502562,LLG
12.02561081,-28.73941706,13.52407729,0.588522384,-0.221546198,-0.366976186,Normal
-784.8546392,-68.1658101,20.77127563,0.222095785,-0.067262289,-0.154833496,LG
37.91080611,47.51658063,-88.57842124,-0.323800235,0.625418867,-0.301618632,Normal
749.9752937,-0.642328429,40.77749223,0.039100002,-0.375241162,0.33614116,LLG
740.2450041,-788.194077,47.9468105,-0.004051639,-0.034457822,0.038509461,LLLG
-60.21607362,28.50116226,28.37427422,0.228730639,-0.581429774,0.352699136,Normal
-63.68742498,84.04708844,-23.2437836,-0.40386473,-0.186606625,0.590471356,Normal
-59.15814855,708.0064591,-646.3039797,-0.067644681,-0.02121833,0.088863011,LL
-646.3484453,849.9212765,27.73158916,0.010569865,0.060701155,-0.071271019,LLG
-656.9457637,322.3887891,335.1473276,-0.04574782,0.040329576,0.005418243,LLLG
56.51939203,-439.3161082,385.4421105,0.300207757,0.036603554,-0.33681131,LL
836.5445336,-167.8024561,-666.6045484,0.030918042,-0.040599296,0.009681255,LLL
-745.0419835,-37.53688395,-23.67225676,-0.077414874,0.392920032,-0.315505158,LG
883.7621822,-414.2577755,-467.4437265,0.020931535,-0.042324653,0.021393117,LLL
29.05055258,342.3774058,-368.8083062,0.497476902,0.036676551,-0.534153453,LL
788.6976081,-80.548583,21.76624061,0.033820014,-0.362014793,0.328194779,LLLG
613.8337115,76.44720495,10.81494003,0.148612197,-0.456765108,0.308152911,LLLG
38.43513746,-27.05368786,-14.56138418,0.480923119,0.075992598,-0.556915717,Normal
38.25824374,204.5191042,-240.1572971,0.500600965,0.040001707,-0.540602673,LL
-879.3155945,364.7235686,514.5898185,-0.02324748,0.042330198,-0.019082718,LLLG
880.6386097,-377.8070932,-502.8337798,0.022634949,-0.042274902,0.019639953,LLLG
18.71122445,69.16465064,-91.01965023,-0.493506022,0.579611175,-0.086105154,Normal
-71.33077957,64.8555126,3.48646041,-0.160983724,-0.416024874,0.577008598,Normal
-14.51416748,-18.09128912,29.40744016,0.563494152,-0.428820639,-0.134673512,Normal
856.4622443,40.35093001,12.93603784,0.027624158,-0.332012135,0.304387977,LG
12.53083976,76.52471946,-92.44859823,-0.527197295,0.556918695,-0.0297214,Normal
53.5212992,14.1738391,-70.85648564,-0.015743082,0.545562038,-0.529818956,Normal
-654.6121773,380.6143899,276.1866547,-0.147356542,0.064596067,0.082760474,LLL
6.572636448,-24.89285947,14.87468727,0.59098751,-0.262815569,-0.328171941,Normal
621.7839643,-863.3259057,241.5577655,-0.012773795,-0.028614723,0.041388518,LLLG
-60.21927989,93.31475021,-36.46188839,-0.467130254,-0.101209113,0.568339367,Normal
54.83083656,13.34404504,-70.36581536,0.03012889,0.522750888,-0.552879778,Normal
-330.4271764,24.3832295,-46.89390175,-0.328185058,0.605592777,-0.27740772,LG
8.108336261,75.8132356,-86.829348,-0.553236592,0.524911534,0.028325058,Normal
-47.32451778,11.54878452,32.31354856,0.380699665,-0.573814302,0.193114637,Normal
-67.55683895,568.9433486,-498.8861455,-0.219316227,-0.031523171,0.250839398,LL
-67.44107448,87.63483183,-23.66325976,-0.368958425,-0.226943386,0.595901811,Normal
-868.3050048,389.7940232,-17.96962142,-0.022665823,0.312450628,-0.289784805,LLG
-777.6210727,750.3469846,13.37296519,-0.000631469,0.156611493,-0.155980024,LLG
-867.9503581,-58.92922409,5.724015529,0.11489793,0.122111044,-0.237008974,LG
-167.917829,835.9715904,-666.0147501,0.033059221,0.006397723,-0.039456944,LLL
-61.40429926,10.45984447,53.28011837,-0.481569291,-0.042238481,0.523807772,LL
-113.1241284,816.2628325,-701.0989089,0.034654871,0.003755911,-0.038410782,LLL
-703.6292446,-74.05396752,777.9430434,-0.017268885,0.029686489,-0.012417604,LLLG
54.30823329,-11.41704942,-45.82619297,0.234765704,0.373744434,-0.608510138,Normal
-21.4123942,-13.71969511,31.93192075,0.539704216,-0.470783077,-0.068921139,Normal
7.787856671,80.18545316,-91.3647205,-0.550923555,0.533065411,0.017858144,Normal
46.35526653,32.28257937,-81.55934713,-0.210867217,0.613178879,-0.402311662,Normal
-818.3495583,-66.06580657,16.40677815,0.191775467,-0.010294426,-0.181481041,LG
520.7785537,69.40448342,-39.12068697,-0.339403472,0.333311432,0.00609204,LG
440.9683745,430.3012927,55.26328455,0.042301065,-0.351578877,0.309277811,LLG
206.2959142,-851.129664,-51.43041324,-0.031801226,0.158681023,-0.126879797,LLG
-594.2309159,-250.0759019,-50.25090354,-0.040848265,0.372527148,-0.331678883,LLG
-61.91814702,92.02730311,-33.47460387,-0.447663325,-0.129036525,0.576699849,Normal
19.24770467,458.4775101,-475.0147078,0.478874604,0.032480989,-0.511355592,LL
-69.97128775,427.3354964,-354.8918095,-0.319959996,-0.037276964,0.35723696,LL
-220.500038,-647.6940524,868.2732807,-0.038420248,0.011362856,0.027057392,LLLG
86.9885817,-804.1479477,719.2391453,-0.035441468,-0.002370241,0.037811708,LLL
-679.0999314,-144.7068152,824.0274271,-0.038773377,0.033107808,0.005665569,LLLG
-781.0845435,67.95051682,-36.92398697,-0.034247857,0.36786812,-0.333620263,LLG
-35.83396607,-4.166597902,37.03265217,0.461838248,-0.545223811,0.083385563,Normal
840.0850687,-180.12816,-657.8997901,0.030369248,-0.040715592,0.010346343,LLL
-819.6369953,126.5123488,695.2208797,-0.032200854,0.039967009,-0.007766156,LLL
-28.96256186,774.4988981,-742.9984662,0.232186502,0.003742154,-0.235928656,LL
782.703233,-66.64815117,22.07621678,0.034215772,-0.363002654,0.328786883,LLLG
509.6151031,69.17708785,-39.60315949,-0.342140487,0.341218269,0.000922218,LG
-759.5487002,-21.46563366,-26.54502636,-0.13860362,0.466371024,-0.327767404,LG
-218.0046452,-646.1401245,-57.64883583,-0.038337959,0.305131966,-0.266794007,LLG
-67.61445076,42.59865323,22.03387664,0.065726751,-0.540980259,0.475253508,Normal
-24.60098727,-752.8247412,777.423465,-0.038079989,0.002963704,0.035116285,LLLG
20.40305004,448.307519,-466.0956816,0.481293325,0.03290708,-0.514200405,LL
-451.9833866,-67.78528972,41.86646566,0.354551836,-0.37945114,0.024899304,LG
-68.63708923,263.0014111,-192.0112097,-0.403019198,-0.040905997,0.443925195,LL
35.32557982,-26.82088006,-11.81052555,0.501415829,0.038781308,-0.540197136,Normal
-465.3321297,12.5941863,-43.24786491,-0.289436499,0.5931693,-0.303732802,LG
54.37966733,-8.708845057,-48.72026731,0.216783903,0.389690977,-0.60647488,Normal
54.09693301,-12.15217669,-44.88004749,0.243423558,0.365995478,-0.609419036,Normal
837.2485699,35.66391798,16.68059002,0.05744387,-0.370756078,0.313312209,LG
-44.70801651,786.3556492,-741.6498964,0.036448999,0.000449193,-0.036898192,LLLG
-879.238421,509.8059716,371.4554559,-0.016192646,0.042016711,-0.025824065,LLL
45.29100148,-21.11159427,-27.48015367,0.406005695,0.188793187,-0.594798882,Normal
-67.11457641,42.46882815,21.30061357,0.101766177,-0.552226798,0.450460621,Normal
399.0443497,-893.0624762,494.0441937,-0.024202262,-0.017734068,0.04193633,LLLG
52.19364228,-16.99130342,-38.13960535,0.302143584,0.309459901,-0.611603485,Normal
-737.9745433,-18.26418486,-28.50764516,-0.155255992,0.484075186,-0.328819193,LG
-863.3736547,-60.13170695,7.279662439,0.126310051,0.103408981,-0.229719032,LG
31.31682859,-789.5416592,760.8239715,-0.104659289,0.006668556,0.097990733,LL
-882.8663525,439.5958451,445.2923477,-0.019804788,0.042354247,-0.022549459,LLL
-69.52745219,81.77787322,-15.61005277,-0.3123081,-0.286907625,0.599215725,Normal
12.29102873,-26.25290618,10.51822535,0.586292103,-0.211206919,-0.375085185,Normal
-3.974619657,84.49380599,-83.53743461,-0.595265515,0.454406432,0.140859084,Normal
457.7791501,-889.7874455,-40.7739914,-0.021598491,0.04539408,-0.023795589,LLG
868.5418099,-575.2189017,-293.3251712,0.012389833,-0.041232819,0.028842986,LLLG
23.1080777,-27.30394482,0.756019015,0.56099123,-0.1022726,-0.458718631,Normal
-788.6557281,739.0919218,49.56154272,-0.000653825,0.037033951,-0.036380125,LLLG
-44.40424341,4.538985627,36.89449233,0.397014426,-0.573046667,0.176032242,Normal
-51.66219648,-737.1699032,790.835373,-0.038638106,0.004274496,0.034363611,LLL
660.7471675,177.4693113,-838.2187424,0.039579625,-0.032755983,-0.006823642,LLLG
550.2654603,-882.6913702,334.5797288,-0.016941312,-0.025097102,0.042038415,LLL
729.7518042,68.347477,-796.0457179,0.03739368,-0.03587087,-0.00152281,LLL
-505.8166181,3.007235995,-42.11537529,-0.259237596,0.576020379,-0.316782783,LG
-27.09201995,770.0946405,-740.4604668,0.246100843,0.005065552,-0.251166396,LL
525.5114817,-884.3494254,-36.73997031,-0.018073648,0.010015604,0.008058045,LLG
-52.38567914,94.29878024,-45.03369853,-0.528549038,0.001120973,0.527428064,Normal
-29.4119309,-9.754756849,36.20077187,0.500348755,-0.51743505,0.017086295,Normal
2.679675048,-23.68403874,17.55758042,0.591132397,-0.29584724,-0.295285157,Normal
54.16748576,8.519839175,-66.10417982,0.068576004,0.499506684,-0.568082688,Normal
-69.9381731,71.71806054,-4.658746124,-0.250593962,-0.345306546,0.595900508,Normal
-737.1951056,792.037312,18.60381039,0.003356814,0.123691283,-0.127048097,LLG
-880.8885303,390.5921223,492.3966741,-0.022116028,0.04236964,-0.020253612,LLL
799.6373774,-71.38436083,-726.116925,0.03389958,-0.039003524,0.005103944,LLL
-341.4405662,-64.23415068,45.28215399,0.371331757,-0.44222584,0.070894084,LG
440.5195658,-883.8158216,443.293995,-0.022754644,-0.01954422,0.042298864,LLLG
-873.152412,553.3895365,319.7606118,-0.013710074,0.041599319,-0.027889245,LLLG
48.48545854,-670.562167,624.6513128,0.099529365,0.024037226,-0.123566592,LL
864.7748978,-543.9937063,6.459426045,0.014930297,-0.263335187,0.24840489,LLG
-47.93545839,772.3483656,-721.8284829,0.066815072,-0.010785192,-0.056029881,LL
483.5636711,399.8533524,-881.2881046,0.042175686,-0.024563634,-0.017612052,LLL
-380.7135649,-516.3174483,899.1999955,-0.040945999,0.019293298,0.021652701,LLL
367.1759881,-878.9870923,513.8866905,-0.026009947,-0.015938257,0.041948204,LLL
75.54084683,-22.27893916,20.90374964,0.365181144,-0.569928422,0.204747278,LLLG
0.1176387,632.5121638,-629.940624,0.409154077,0.022485475,-0.431639552,LL
-869.3287428,402.3306228,-17.10452622,-0.02210219,0.309112143,-0.287009953,LLG
-42.78081817,-322.5006441,367.6210648,-0.505447721,-0.036974043,0.542421765,LL
-28.07016208,-502.1550315,532.6807665,-0.472808713,-0.030586891,0.503395603,LL
-764.8961953,765.0033276,15.13208756,0.000699091,0.145778339,-0.14647743,LLG
-882.4143781,402.241096,480.1710185,-0.021554259,0.042397193,-0.020842934,LLLG
885.0249428,-441.4252759,-443.5961633,0.019890677,-0.042390389,0.022499712,LLLG
-820.7118892,684.4355452,6.221586987,-0.005932152,0.198292543,-0.192360391,LLG
-70.15344344,51.71042382,14.97237263,0.025748307,-0.522187528,0.496439221,Normal
870.9870809,-564.6098973,-306.3794468,0.013024349,-0.041376842,0.028352494,LLLG
673.935449,-832.0880498,158.1503374,-0.009304377,-0.0311067,0.040411077,LLLG
49.35084821,26.53774202,-78.92662726,-0.147340621,0.597765907,-0.450425286,Normal
-717.61174,-38.33916184,0.58425701,0.03190515,0.274387727,-0.306292876,LG
-480.7468465,888.7000209,39.46685634,0.020439491,-0.033623695,0.013184204,LLG
-142.4075882,-698.3950092,-57.65372034,-0.039910165,0.284562334,-0.244652169,LLG
-335.2127524,-540.5989011,875.80939,-0.042197659,0.017710988,0.024486671,LLLG
-69.476762,79.76175146,-13.51761396,-0.303449754,-0.295855985,0.59930574,Normal
348.0772109,529.0795702,-877.1590448,0.042200018,-0.01822477,-0.023975248,LLLG
-8.540305582,-21.34342777,26.68756043,0.578347376,-0.388518586,-0.189828791,Normal
35.55108078,-45.45160272,49.93081927,0.375509856,-0.576500579,0.200990723,LG
-69.25261441,48.78203969,17.00034892,0.054186607,-0.534179949,0.479993342,Normal
797.7055808,-736.0424016,-61.65439368,0.00157263,-0.037492768,0.035920138,LLLG
-72.26114697,64.34210338,4.56650701,-0.115968747,-0.445555221,0.561523968,Normal
209.3353926,-848.3128653,638.9752135,-0.031823495,-0.00828954,0.040113035,LLLG
54.49223172,-1.414582326,-56.36889318,0.161977199,0.434646927,-0.596624126,Normal
573.0881516,-884.5335237,-33.86680822,-0.015016874,-0.014021602,0.029038475,LLG
-380.8439177,20.16211178,-45.72491566,-0.315170918,0.603153942,-0.287983025,LG
-26.24897344,-10.24384304,33.2911098,0.518600527,-0.497154771,-0.021445757,Normal
33.30037272,54.54132154,-91.11432924,-0.371901292,0.622662155,-0.250760863,Normal
-622.5417699,-231.937393,854.4768994,-0.04049824,0.031097357,0.009400883,LLLG
-549.3075067,-323.3598317,874.6781339,-0.041617215,0.027734101,0.013883114,LLL
-19.60803355,-48.76957981,49.84770431,0.379423411,-0.563652606,0.184229195,LG
827.4818866,-679.2121208,-5.325408641,0.006842547,-0.203451349,0.196608802,LLG
-833.5917243,656.9241404,3.509028483,-0.007903362,0.213152613,-0.205249251,LLG
55.21888146,-525.3911336,472.7966368,0.240335487,0.033232389,-0.273567877,LL
-69.1158927,47.47607635,18.65646225,0.018338395,-0.520997657,0.502659262,Normal
723.2967981,16.10875832,29.78276729,0.166201027,-0.495283163,0.329082136,LG
-280.8132607,-597.3359407,-57.28164827,-0.039541502,0.321562941,-0.282021439,LLG
-18.15015814,-16.93257383,32.0041352,0.551245844,-0.454245559,-0.097000285,Normal
-72.32370458,66.10413289,2.866390704,-0.134682913,-0.43317065,0.567853563,Normal
-761.3525376,768.7465228,-5.286035213,0.002016843,0.035648083,-0.037664926,LLL
-373.5627863,885.977515,45.01945313,0.025463993,-0.086131939,0.060667946,LLG
-543.3037822,875.4919392,-330.1550157,0.017444936,0.024713683,-0.042158619,LLL
25.45527342,60.80643538,-89.17479923,-0.44908832,0.600162907,-0.151074587,Normal
-876.5562289,-49.75040344,-4.452915716,0.038474278,0.239925059,-0.278399337,LG
-70.0430802,73.65360817,-6.602495762,-0.25979131,-0.336941607,0.596732918,Normal
310.8677239,-883.2955223,572.4586563,-0.027966213,-0.013414622,0.041380836,LLLG
-68.20460292,86.41627511,-21.68165374,-0.353339241,-0.244181002,0.597520243,Normal
206.2967069,-851.1311773,-51.43043534,-0.031801135,0.158680959,-0.126879825,LLG
49.18232658,-693.2984598,646.7942546,0.115726079,0.023404883,-0.139130962,LL
552.2769853,-889.3339374,-35.31982499,-0.016241169,-0.002202069,0.018443238,LLG
883.1682259,-401.9522461,-479.1554977,0.021507134,-0.042323518,0.020816384,LLL
13.69296727,516.2312546,-527.2186068,0.462692222,0.029776885,-0.492469106,LL
-715.9509778,806.4306027,-88.44999754,0.00598622,0.033335925,-0.039322146,LLL
381.1199027,-20.16003907,45.72676018,0.315188743,-0.603153823,0.28796508,LG
61.05610784,51.13398858,-49.65489925,-0.381365583,0.552553816,-0.171188233,LG
6.014454674,586.0863157,-589.403723,0.434707423,0.025764836,-0.460472259,LL
-266.3896639,-589.9139956,-57.61379111,-0.041735594,0.313717493,-0.2719819,LLG
-874.4479439,543.2550261,333.2958095,-0.014329044,0.041706555,-0.027377511,LLL
-370.6274975,-66.72024929,19.07982753,0.323889037,-0.038821408,-0.285067629,LG
217.6549773,633.7201697,-849.2505202,0.041193784,-0.012053219,-0.029140565,LLL
121.4385094,697.0062691,-818.4470422,0.039836669,-0.007494111,-0.032342558,LLLG
-70.72771338,73.37059722,-5.751508384,-0.242784707,-0.351454019,0.594238725,Normal
-870.904791,564.1122284,306.7903816,-0.013077067,0.041464162,-0.028387096,LLLG
323.6637335,-885.2958473,561.6622143,-0.027485399,-0.014036602,0.041522001,LLLG
-71.83124718,73.63167263,-5.156507765,-0.217161097,-0.372082278,0.589243376,Normal
765.1664472,-693.7788279,-69.3555785,0.011119059,-0.223428873,0.212309814,LLL
-874.4907994,543.2532823,333.2611069,-0.014330686,0.04170787,-0.027377183,LLL
-732.0780665,224.2258335,508.3919442,-0.013377144,0.033971313,-0.02059417,LLLG
-718.904233,-57.75823682,-42.8182694,-0.037417899,0.375521255,-0.338103356,LLG
5.309087563,-26.99507469,18.49411162,0.592435305,-0.281062781,-0.311372524,Normal
2.280423378,-727.9039355,728.1380471,-0.33083187,-0.013460638,0.344292508,LL
49.03492969,27.78719232,-79.9792188,-0.147843039,0.598504767,-0.450661727,Normal
863.3904635,-262.2377715,-599.0137245,0.027565317,-0.041706726,0.014141409,LLL
-531.632626,-329.3391721,-52.71234126,-0.041722293,0.365711674,-0.323989381,LLG
-492.1012492,887.9051048,38.79910249,0.01985411,-0.027728661,0.007874551,LLG
-58.45381557,-64.59935671,125.4848038,-0.494851589,-0.041912041,0.53676363,LL
34.36862557,52.30231711,-89.82046342,-0.363660096,0.622856082,-0.259195985,Normal
2.301400915,82.872334,-88.4353806,-0.574477226,0.499495737,0.074981489,Normal
-68.55646449,77.93764459,-12.37487361,-0.3107639,-0.289178535,0.599942435,Normal
-303.4855013,-578.6588942,-56.98830851,-0.037038637,0.326157811,-0.289119173,LLG
-263.8184033,-61.14925587,47.06081054,0.378416879,-0.479243976,0.100827097,LG
-20.78401194,-16.20493333,34.02559362,0.540703559,-0.472252716,-0.068450842,Normal
-10.02760256,-759.2378306,771.346612,-0.037775719,0.002284543,0.035491176,LLL
-65.1696815,107.1707377,-39.56300422,-0.457465945,-0.042373246,0.499839191,LL
-503.3848228,886.980709,38.12272557,0.019258263,-0.021823119,0.002564856,LLG
341.1334643,-25.5614886,40.46798592,0.324993462,-0.602440045,0.277446583,LLG
44.02618124,-787.3538539,-55.45489938,-0.036481085,0.219856006,-0.183374921,LLG
671.0894671,163.8910932,-832.8479556,0.039395089,-0.033227452,-0.006167637,LLL
-429.7382257,12.17705775,-43.66499878,-0.287345461,0.593169276,-0.305823814,LG
-746.9315264,782.0753083,-33.03542677,0.003344845,0.034910637,-0.038255482,LLL
-16.58341789,89.29160908,-75.60898962,-0.616480241,0.359230573,0.257249668,Normal
-219.5279321,855.0496395,51.01036873,0.031348073,-0.153287099,0.121939026,LLG
635.8114961,5.125248153,35.6835816,0.218065718,-0.543787403,0.325721684,LG
-72.28683589,62.11098063,6.704070228,-0.078811832,-0.468116833,0.546928666,Normal
156.7838942,56.19712586,-48.78066961,-0.38262712,0.521933167,-0.139306047,LG
-216.6798792,-633.7102059,850.3878217,-0.041220755,0.012110833,0.029109921,LLLG
98.57630152,-811.8443256,-54.326037,-0.035057414,0.20022767,-0.165170257,LLG
-765.2153664,2.031550818,765.2782366,-0.035759887,0.037581719,-0.001821832,LLL
-736.6044016,-32.80984188,-15.52877705,-0.06064433,0.378238031,-0.317593702,LG
48.06825087,33.65996849,-84.46052346,-0.167913002,0.606233176,-0.438320174,Normal
-598.5178801,867.9615751,31.6233373,0.013755708,0.031357214,-0.045112923,LLG
22.82611289,417.7027601,-437.8158679,0.487290943,0.034124959,-0.521415902,LL
864.0308781,-351.7546455,20.53639262,0.024317713,-0.321992805,0.297675092,LLG
690.2641543,-826.7545595,-23.66951108,-0.007324987,-0.089662496,0.096987483,LLG
379.1380662,65.56418966,-44.24131558,-0.366543046,0.422222971,-0.055679925,LG
-208.5880963,848.5931682,-637.9666484,0.031776448,0.008363155,-0.040139603,LLL
-4.886410074,-21.92842836,23.49468509,0.584808934,-0.358836395,-0.225972539,Normal
-657.2229761,-155.2292428,-42.04398778,-0.030041527,0.370925043,-0.340883516,LLG
809.9906375,-719.1679036,-88.675322,0.002856817,-0.038101693,0.035244876,LLL
716.6944241,-806.1518518,89.45516432,-0.006033355,-0.033262244,0.039295598,LLLG
-881.5906132,389.8181892,491.7702193,-0.022123345,0.042384658,-0.020261313,LLLG
-70.24401088,51.90331369,15.11830839,-0.001693047,-0.510585809,0.512278856,Normal
96.93862262,-825.7560553,-54.58581964,-0.034650687,0.204629164,-0.169978477,LLG
38.74463939,-770.3062308,734.18942,-0.026051106,0.01311955,0.012931557,LL
841.2891068,36.62001687,15.93933413,0.0514929,-0.363182711,0.311689811,LG
688.1699917,135.7278727,-823.8979287,0.038879559,-0.03402266,-0.0048569,LLLG
551.132727,323.8517631,-872.8543434,0.041615738,-0.027705739,-0.013909999,LLL
-792.8162114,95.7760794,-35.5098543,-0.033447272,0.365161818,-0.331714546,LLG
528.0521232,349.2947493,-877.3491362,0.041800041,-0.02664044,-0.015159601,LLLG
-304.7211911,26.45857943,-47.40939642,-0.334209623,0.605916163,-0.27170654,LG
3.657895421,-24.00860063,16.90423316,0.591320411,-0.28770169,-0.303618721,Normal
56.90954601,-366.3178806,311.9729227,0.342776315,0.038724325,-0.38150064,LL
286.0489362,-878.2482906,594.3577318,-0.028512348,-0.012293093,0.040805441,LLL
-859.8389321,605.684218,254.152541,-0.010521081,0.040826982,-0.030305901,LLLG
-66.08212052,601.9538278,-533.4603238,-0.190096408,-0.029646133,0.219742541,LL
758.5968222,69.2300911,-23.58157508,-0.241225735,0.104940314,0.136285421,LG
387.1642477,65.50544383,-44.30007182,-0.366149597,0.422222943,-0.056073346,LG
-64.15060963,35.16387438,25.76960676,0.157761111,-0.569017712,0.4112566,Normal
26.19022704,62.78326011,-92.24329278,-0.437187403,0.607375784,-0.170188381,Normal
-54.53523309,-135.9269879,192.7956422,-0.503632794,-0.040943015,0.544575809,LL
-403.8391589,-66.3703793,43.49213266,0.362906185,-0.408363955,0.04545777,LG
-16.52982397,-606.5952564,625.5998266,-0.429505477,-0.024560782,0.454066259,LL
687.1247281,112.4847118,45.16552649,0.038635457,-0.376546191,0.337910734,LLG
-655.4808303,845.7434274,26.9326564,0.009920272,0.066533401,-0.076453672,LLG
-695.4910436,-24.87587619,-29.95527411,-0.138532062,0.466371051,-0.32783899,LG
-67.75925491,203.5417986,-133.3374335,-0.426126633,-0.041721824,0.467848457,LL
-63.33913076,87.50293199,-27.27900516,-0.419167646,-0.167156246,0.586323892,Normal
-9.217057954,-18.66307111,24.42965115,0.577269555,-0.386933546,-0.190336009,Normal
-668.4233712,258.6256451,411.9832294,0.016077117,0.025472652,-0.04154977,LLL
805.3172361,67.17741593,-18.62290159,-0.207031008,0.038821567,0.168209442,LG
-58.65445358,89.86707907,-34.21265514,-0.47185037,-0.094145706,0.565996076,Normal
-737.964956,200.3531248,-15.82795962,-0.014242968,0.299069409,-0.284826441,LLG
-499.8793505,9.298771499,-42.02443953,-0.277317646,0.586686915,-0.30936927,LG
637.167958,-854.0763763,-28.52513508,-0.011218457,-0.054848543,0.066067,LLG
-366.6744678,-65.13695826,44.59906697,0.368233662,-0.42899693,0.060763268,LG
46.56307561,34.40014832,-84.37126574,-0.185733174,0.610153616,-0.424420442,Normal
25.26351143,-32.43521645,4.221991808,0.560013795,-0.0959849,-0.464028895,Normal
-237.3893143,-59.99884971,47.56154414,0.38003443,-0.490653229,0.110618799,LG
673.2239699,-836.6905129,-25.31356647,-0.008631751,-0.078131137,0.086762888,LLG
-458.2713409,-423.8192493,884.1785803,-0.042288386,0.023500099,0.018788287,LLL
-39.66567026,0.4438678,36.13639325,0.436736053,-0.557342611,0.120606558,Normal
-45.04383352,97.26618671,-55.46836387,-0.572577942,0.096867216,0.475710726,Normal
871.8513947,46.49043811,7.566784417,-0.014481337,-0.274387584,0.288868921,LG
49.23654231,-20.02053088,-28.90428487,0.411364924,0.181219378,-0.592584302,Normal
39.39289135,745.5480531,-782.8189703,0.038334971,-0.003565166,-0.034769805,LLL
-47.90074647,9.439839126,35.37253152,0.367671522,-0.579401421,0.211729899,Normal
40.07462677,168.9021821,-206.2615093,0.498447158,0.040613615,-0.539060772,LL
827.1405527,-678.3796621,-73.2874597,0.005902323,-0.100620356,0.094718032,LLLG
-378.2213708,881.1730207,-500.8359879,0.025448844,0.016605375,-0.042054218,LLL
55.01598356,0.621436477,-58.8033279,0.125751176,0.460819379,-0.586570554,Normal
-52.97221389,-160.1494029,215.3609918,-0.50546648,-0.040584018,0.546050498,LL
-877.1317634,-54.2691644,0.246561581,0.074140395,0.186499233,-0.260639628,LG
576.9353664,-867.6821887,292.8188213,-0.015647665,-0.02624895,0.041896615,LLL
862.7115833,-568.7003917,4.645951003,0.013858309,-0.254868678,0.241010369,LLG
738.1285269,53.62861868,-789.6229007,0.037136473,-0.036267339,-0.000869134,LLL
49.4830797,-14.37513606,-38.53457099,0.331974851,0.278559893,-0.610534745,Normal
844.3247438,-657.3988138,-184.7799623,0.007467788,-0.039918574,0.032450786,LLL
9.886356965,552.2398578,-559.4245993,0.449594129,0.027825768,-0.477419896,LL
755.964703,-13.21114866,39.63703561,0.035802913,-0.37222118,0.336418267,LLG
-789.5552723,734.9084153,11.60013025,-0.001958816,0.167288382,-0.165329566,LLG
-729.7655479,72.78863128,659.1571857,0.009693712,0.026209761,-0.035903472,LLL
-602.9357346,221.6507026,-2.214337065,0.091146389,0.198729974,-0.289876363,LLG
21.17179061,-29.92420862,5.565753037,0.570350148,-0.131651621,-0.438698527,Normal
126.243926,-834.2001052,707.9992605,-0.033236516,-0.00471824,0.037954757,LLLG
626.7161926,4.017744878,36.22984706,0.223000868,-0.54791829,0.324917422,LG
744.3795308,-682.6271093,-59.70237492,0.013662939,-0.272106003,0.258443064,LLL
224.1730407,-40.08906365,46.62400301,0.353928124,-0.607369425,0.253441301,LLG
-11.5523418,708.1765242,-694.0506931,0.34744878,0.015364968,-0.362813748,LL
521.0983023,341.6520421,53.07412024,0.041858938,-0.364271148,0.322412209,LLG
-45.18288482,-288.742761,336.2632907,-0.507533553,-0.037904899,0.545438452,LL
166.191883,-837.9418519,-52.61406184,-0.033084,0.174590431,-0.141506431,LLG
-482.4609844,-400.0318376,882.4905585,-0.042190378,0.024611191,0.017579187,LLLG
6.839989282,77.69820906,-87.55963897,-0.557936735,0.520339379,0.037597357,Normal
-691.1555113,-25.18340674,-31.98598059,-0.143833563,0.472389407,-0.328555844,LG
32.80929379,286.2675815,-316.3601787,0.500821166,0.038225737,-0.539046903,LL
775.6281478,-55.19040252,37.6125138,0.034698709,-0.369121639,0.33442293,LLG
9.725938371,75.5976706,-88.34592083,-0.544879623,0.535800986,0.009078637,Normal
230.377886,623.1810993,-853.5603521,0.041336531,-0.012674561,-0.02866197,LLLG
149.0473406,679.3504332,-828.3992536,0.040284121,-0.008813546,-0.031470575,LLLG
-35.33701883,-0.633956345,32.51257096,0.47136626,-0.534904895,0.063538635,Normal
-12.24759201,89.69861135,-80.58514134,-0.612059674,0.398911517,0.213148157,Normal
28.47779817,58.45534251,-89.96155817,-0.42234474,0.610297599,-0.187952859,Normal
-347.3411155,-528.8082305,878.1568592,-0.042247152,0.018298452,0.0239487,LLL
-99.91204263,809.9018775,-709.9915752,0.035036945,0.003098545,-0.03813549,LLLG
-34.22373485,-429.375856,465.9483284,-0.490491431,-0.033291023,0.523782454,LL
-787.9778183,739.8418787,50.1636173,-0.000646517,0.037018951,-0.036372433,LLL
7.820328684,-47.13562477,49.91212079,0.377646309,-0.570358047,0.192711737,LG
366.4814204,-879.7519715,513.2682877,-0.026017322,-0.015923205,0.041940527,LLLG
-59.24633212,89.46676791,-33.22017714,-0.465582936,-0.103484609,0.569067545,Normal
-762.05715,767.9703494,-5.915324098,0.002009515,0.035663125,-0.03767264,LLLG
232.7829552,-858.8733647,-50.57770345,-0.030906642,0.147876816,-0.116970174,LLG
-689.2600134,-99.79317455,789.2977971,-0.013247981,0.028501272,-0.015253291,LLLG
56.47373792,-469.2471076,415.3164199,0.281001966,0.03555835,-0.316560317,LL
871.4186802,-416.9159812,16.22912363,0.021657562,-0.305773504,0.284115942,LLG
554.9179454,-873.1726756,318.2524688,-0.016883783,-0.025177606,0.042061389,LLLG
-99.25246306,52.71797417,48.34153421,0.410059123,-0.086914367,-0.323144756,LLLG
381.7101244,-406.6476969,27.07907639,0.035359278,-0.530230452,0.494871174,LLL
-568.0279995,876.2221114,33.86628338,0.015627824,0.013646373,-0.029274198,LLG
44.39129294,-714.5671672,672.6328099,0.036889934,0.019475953,-0.056365887,LL
224.6387128,-12.2505343,16.49913188,0.344882173,-0.587304484,0.242422311,LLLG
-785.690949,-25.65911514,-23.83752255,-0.11592862,0.441161834,-0.325233214,LG
-129.5944422,-54.81733194,49.09085767,0.382743774,-0.531342723,0.148598949,LG
46.97649118,-160.0581824,115.9083211,0.496603095,0.007173852,-0.503776946,LL
-515.747572,2.092235454,-41.45142782,-0.25505448,0.572996613,-0.317942132,LG
-69.63970251,319.3468201,-247.2499768,-0.377649074,-0.039989083,0.417638156,LL
50.64234256,24.5314145,-78.58506338,-0.092720093,0.58067685,-0.487956757,Normal
-6.942146173,89.4366364,-85.88101951,-0.601769738,0.443249666,0.158520072,Normal
868.820062,-510.2132773,9.157131112,0.016780743,-0.2757208,0.258940057,LLG
54.63102441,5.39021893,-63.3099577,0.087929008,0.48679065,-0.574719659,Normal
-52.32672826,97.15349392,-48.19706755,-0.534543994,0.012185819,0.522358176,Normal
-36.1964174,100.0377483,-67.27631974,-0.60561261,0.20069424,0.40491837,Normal
4.334074613,-26.68562396,19.15936708,0.592396885,-0.289284751,-0.303112134,Normal
-584.9895718,-70.40787763,36.02698933,0.321252666,-0.284213069,-0.037039597,LG
-67.87741946,85.03595368,-20.51978054,-0.352783145,-0.24499846,0.597781605,Normal
264.1996817,-7.868585924,14.73493976,0.336293894,-0.587364868,0.251070974,LLLG
744.4364351,-785.6257412,-17.74221892,-0.002702919,-0.129251538,0.131954458,LLG
-260.7114753,-617.941469,878.7378454,-0.0415235,0.013898566,0.027624934,LLLG
533.0456036,-877.0369554,343.9890904,-0.018095957,-0.024096373,0.042192331,LLLG
531.6712341,329.2817665,52.71236,0.041712566,-0.365700944,0.323988378,LLG
-54.09368246,20.05170456,30.57754048,0.31204356,-0.583746465,0.271702905,Normal
-553.0763987,-333.6922444,886.9242815,-0.043190509,0.027926701,0.015263808,LLLG
47.99246032,-170.6644189,125.4858114,0.486010127,0.01872362,-0.504733747,LL
795.3043088,-727.0360485,-10.71006721,0.002616008,-0.172557407,0.169941399,LLG
849.802966,-621.1933567,0.112833639,0.010689228,-0.232340948,0.221651721,LLG
-686.8798795,-136.2079226,825.1802113,-0.03887535,0.034055164,0.004820186,LLL
-556.2161265,-1.944753796,-37.44040359,-0.228153128,0.555773728,-0.327620601,LG
36.55644572,51.12409599,-91.08303529,-0.332995894,0.626767475,-0.293771581,Normal
-112.1228499,817.4124731,54.01014624,0.03466992,-0.195183291,0.160513371,LLG
-20.64844424,748.8439979,-725.542306,0.29264046,0.009642128,-0.302282588,LL
110.4967477,-831.3448113,-54.28504202,-0.033942445,0.19948432,-0.165541875,LLG
880.6692434,-508.7681699,-369.8388085,0.016152832,-0.041958038,0.025805206,LLL
-813.9404375,151.1510565,-32.57736877,-0.031750066,0.358672582,-0.326922516,LLG
627.755278,-857.8985857,-29.310923,-0.011858614,-0.048990458,0.060849072,LLG
-71.87098032,62.12357049,6.521612732,-0.106039375,-0.452360155,0.55839953,Normal
4.632955891,-24.31830781,16.23919154,0.591358935,-0.279479872,-0.311879063,Normal
80.2346734,721.5639719,-801.8002082,0.039134,-0.005534878,-0.033599122,LLLG
29.10486451,60.52590091,-93.02999705,-0.409681371,0.616434962,-0.206753591,Normal
32.96009128,55.88719875,-92.24815244,-0.372442484,0.623458037,-0.251015552,Normal
-847.8545366,617.9360055,-0.119403808,-0.010500602,0.232222347,-0.221721744,LLG
411.0083918,471.5180766,-882.5275043,0.04235549,-0.021188828,-0.021166661,LLLG
37.14560466,46.99658973,-87.05948719,-0.339004123,0.623394811,-0.284390687,Normal
531.8141235,69.614785,-38.62853662,-0.336582663,0.325322378,0.011260285,LG
870.1376426,45.64618386,8.341050068,-0.008471912,-0.282839281,0.291311193,LG
-440.3903319,883.2485903,-442.8602302,0.022706587,0.019627845,-0.042334432,LLLG
-19.82941525,95.06041683,-78.61330502,-0.619632234,0.346322828,0.273309407,Normal
-309.5539403,152.1954541,159.5482172,0.268976685,-0.053702775,-0.21527391,LLL
48.04167823,-23.40110771,21.27306551,0.367340759,-0.56425701,0.196916251,Normal
-69.55624724,83.83311642,-17.74764159,-0.321114167,-0.277852342,0.59896651,Normal
100.7902283,-809.781509,711.0708601,-0.035072354,-0.003034154,0.038106508,LLL
-365.7358212,880.0328631,-512.2609678,0.025970187,0.015996887,-0.041967074,LLL
-10.34818105,-644.7354281,657.4715382,-0.402172483,-0.020742876,0.422915359,LL
145.0423018,-38.29328348,49.5043777,0.363250002,-0.595329261,0.232079259,LG
844.6139967,63.38045998,-11.89582066,-0.159745681,-0.046764751,0.206510432,LG
-242.1778353,28.93841706,-48.67837945,-0.341811115,0.605280094,-0.263468979,LG
-841.2405245,654.2676106,186.9707516,-0.007269026,0.039804499,-0.032535473,LLLG
398.2056959,-888.2872802,-43.86065343,-0.024390662,0.074581586,-0.050190924,LLG
31.79050901,-31.75785675,-2.980098509,0.530626669,-0.020519631,-0.510107038,Normal
-876.4675402,-54.97641972,1.030784597,0.08002934,0.177420936,-0.257450275,LG
-55.51048847,91.65079204,-39.14177512,-0.501458157,-0.047080114,0.548538271,Normal
827.7134272,-192.3512363,30.29312262,0.03038429,-0.35286403,0.32247974,LLG
-59.33802853,95.48292402,-39.6082445,-0.480109249,-0.081684148,0.561793397,Normal
4.745459564,-728.1977391,725.7784278,-0.318638502,-0.011550694,0.330189196,LL
46.45454403,-23.19646915,-26.31426781,0.400125089,0.196397624,-0.596522714,Normal
-768.2818316,761.7969259,8.592653077,0.001352021,0.036003663,-0.037355683,LLL
752.5301167,20.40352264,27.20586724,0.144195826,-0.472389359,0.328193533,LG
13.22694606,-26.42596629,9.75568337,0.584989222,-0.202392096,-0.382597125,Normal
592.8716506,42.08619257,32.44349396,0.181868078,-0.496879937,0.315011859,LLG
27.6594414,59.35305722,-90.04062509,-0.429306918,0.608158598,-0.178851679,Normal
5.935842208,-29.47387628,20.58236178,0.593432059,-0.282528614,-0.310903445,Normal
51.62822977,20.63208721,-75.30010631,-0.091152129,0.578370992,-0.487218863,Normal
-697.200327,-23.93926107,-27.29422995,-0.131799542,0.460237462,-0.32843792,LG
-573.1662569,205.7486158,-2.469624172,0.128320722,0.178334359,-0.306655081,LLG
884.4278314,-417.0293814,-467.3951996,0.021053979,-0.042415401,0.021361422,LLLG
815.4842024,-710.8400941,-102.4969028,0.003498884,-0.03838459,0.034885706,LLL
882.6243232,-378.9239299,-501.559575,0.022776438,-0.042393374,0.019616937,LLL
315.274222,-872.7012306,557.4247451,-0.028065947,-0.013428447,0.041494394,LLLG
-48.68540765,770.0448751,-718.7774097,0.058951151,-0.011427629,-0.047523522,LL
-882.8266322,439.6022437,445.3254621,-0.019803461,0.042353183,-0.022549723,LLL
-20.06594672,96.43758252,-79.77433247,-0.620192717,0.347145628,0.273047089,Normal
-554.1729157,873.4518075,-317.2459459,0.016836693,0.025251255,-0.042087948,LLL
53.29662792,19.93223386,-75.63322019,-0.03637824,0.557154656,-0.520776415,Normal
-864.7363163,543.9363558,-6.459411548,-0.014940027,0.263345921,-0.248405894,LLG
13.94373806,516.0992803,-527.43377,0.462826754,0.029780211,-0.492606965,LL
-651.3858704,-191.5144043,842.8980111,-0.039864907,0.032419713,0.007445194,LLLG
676.9918772,-842.9510401,-25.31720966,-0.008269488,-0.078370655,0.086640143,LLG
-0.621307201,639.6033785,-636.3908234,0.404666405,0.021923413,-0.426589818,LL
-564.1419891,-70.14256506,37.09505595,0.327629946,-0.300881483,-0.026748464,LG
-62.82571511,47.22696113,17.93588249,-0.473363387,-0.042329094,0.515692481,LL
3.355901321,-26.36131851,19.81292812,0.592208974,-0.297430454,-0.294778521,Normal
834.8215542,-676.6287516,-158.1856234,0.006157181,-0.039431959,0.033274778,LLLG
-500.7335672,233.4197342,269.5018605,0.131713664,-0.013963848,-0.117749816,LLL
-864.7218254,543.9101444,-6.459761514,-0.014938403,0.263344844,-0.248406441,LLG
-161.7682053,-670.3715935,834.2231788,-0.040513511,0.009522619,0.030990892,LLL
361.7603346,518.2961807,-877.9296414,0.042279763,-0.018858507,-0.023421256,LLL
-44.14594607,-300.2411357,346.6309861,-0.506829089,-0.037603852,0.544432941,LL
-363.2409423,18.48664682,-46.01138326,-0.310416319,0.602171679,-0.291755361,LG
-825.3987913,139.4722978,685.9242299,-0.031772423,0.040199191,-0.008426769,LLLG
-495.4965788,-397.6961723,895.3640274,-0.033003339,0.022838422,0.010164917,LLL
374.3909813,506.9813326,-879.2452356,0.042316015,-0.019452215,-0.0228638,LLL
708.3468462,45.19349197,40.73712126,0.070015654,-0.402365837,0.332350183,LLG
441.705947,-14.77604877,44.01006821,0.297165508,-0.596759945,0.299594437,LG
328.6773602,63.75883749,-45.60728604,-0.372738443,0.448677522,-0.075939079,LG
29.41077449,-32.12869725,-0.230373405,0.542678436,-0.048955196,-0.49372324,Normal
-700.0064412,816.6076846,-116.6033407,0.007296416,0.032509842,-0.039806258,LLLG
701.2256741,70.50252338,-28.94517406,-0.27639891,0.178906662,0.097492248,LG
54.88231494,7.968615085,-65.77945882,0.023289642,0.524186886,-0.547476529,Normal
-501.1661994,183.2739086,-0.253211561,0.16684023,0.114825982,-0.281666212,LLG
825.816757,65.64472332,-15.67786379,-0.186429853,0.000777312,0.185652541,LG
-355.8124601,22.28361629,-46.33231825,-0.321836858,0.604671723,-0.282834866,LG
-6.590062148,-14.37603479,31.35464859,0.567676566,-0.3639426,-0.203733966,Normal
53.83764284,12.92270757,-69.8024777,-0.015239988,0.544822184,-0.529582196,Normal
809.27712,-719.9088525,-89.35996696,0.002847781,-0.038083145,0.035235365,LLLG
-729.509819,295.9404415,434.2163207,-0.056563483,0.044294094,0.012269389,LLLG
709.4332283,70.40214461,-28.29990484,-0.272207973,0.16979166,0.102416313,LG
-746.4500891,-39.14069498,-3.463510161,0.000792353,0.291221307,-0.29201366,LG
2.941848898,80.33938031,-86.30150859,-0.573458696,0.497997881,0.075460815,Normal
36.89688793,49.77757218,-89.94866802,-0.332454441,0.625971212,-0.29351677,Normal
7.164450449,-749.863761,745.2259022,-0.299536425,-0.010496456,0.31003288,LL
780.8492731,-29.74458037,-748.9692169,0.035060534,-0.038176205,0.003115671,LLL
37.54718877,216.3476534,-251.2745993,0.501025348,0.039777412,-0.54080276,LL
-882.3324311,415.2945684,469.0593145,-0.020971352,0.042383327,-0.021411976,LLL
-57.61956783,-75.24110393,135.1943166,-0.49656186,-0.041662955,0.538224815,LL
-827.6673662,192.2801992,-30.29330911,-0.030393175,0.352874201,-0.322481026,LLG
-30.00133549,780.5205417,-748.3982515,0.03680311,-0.00024164,-0.03656147,LLL
-429.0698688,-442.5451551,-55.52160228,-0.042337238,0.34942876,-0.307091522,LLG
50.90916105,-13.86847924,-40.33730707,0.30872278,0.303308101,-0.612030882,Normal
-870.3941148,486.9782658,-10.944977,-0.018002199,0.283649189,-0.26564699,LLG
402.7094347,-426.465601,25.89758372,0.034610388,-0.527160716,0.492550328,LLL
-814.381388,112.7601352,703.7172846,-0.032629426,0.039740594,-0.007111168,LLL
-289.126356,867.4105134,-578.2864211,0.02899481,0.012249187,-0.041243997,LLLG
671.3569042,70.73962965,-30.79707277,-0.288724638,0.205978097,0.082746541,LG
-15.29101169,-608.7118482,626.3812289,-0.425272146,-0.023575515,0.448847661,LL
-26.90594874,94.67755532,-70.90121389,-0.617069931,0.278122118,0.338947813,Normal
845.6513144,-633.5479821,-71.35362759,0.009174437,-0.144452395,0.135277959,LLLG
804.7280111,-84.12672046,-718.5455553,0.033423217,-0.039200313,0.005777095,LLL
27.15270762,-29.82505121,-0.512178349,0.549035294,-0.066370701,-0.482664593,Normal
773.4979299,-14.8600569,-756.5831253,0.035359283,-0.037826581,0.002467298,LLL
795.5715798,-731.1099997,-62.39475179,0.001271843,-0.037279802,0.036007959,LLL
-22.71984425,-11.73099096,31.12493349,0.535223209,-0.475526557,-0.059696652,Normal
417.147625,454.5558409,55.76611181,0.042344074,-0.347171348,0.304827274,LLG
-62.12175001,90.23830457,-31.35477586,-0.440422786,-0.1390289,0.579451686,Normal
-26.1489864,767.6088331,-738.9155774,0.252966491,0.005725464,-0.258691954,LL
-51.98948745,95.81971432,-47.07343122,-0.534007666,0.011397091,0.522610575,Normal
-698.4596546,821.3662502,22.83797902,0.006662606,0.095404112,-0.102066718,LLG
411.8664286,-892.8551787,483.1450543,-0.023810083,-0.018314114,0.042124197,LLL
476.9508436,-11.49845879,42.85037504,0.285472217,-0.591154098,0.305681881,LG
-33.97792262,-429.5456628,465.7778617,-0.49035794,-0.033290999,0.523648939,LL
41.02260526,-28.55909099,-15.40728043,0.464866616,0.102883866,-0.567750482,Normal
-7.223384866,-23.10356819,27.25160908,0.580823648,-0.382186953,-0.198636695,Normal
53.46766395,-147.8859194,97.01512858,0.43557122,0.04206824,-0.47763946,LL
-841.2617983,654.2991421,186.9603925,-0.007271134,0.039806169,-0.032535035,LLLG
-69.53752629,49.17556895,17.49028302,-0.009730014,-0.50810113,0.517831144,Normal
623.3645215,78.08000877,11.68632094,0.139679729,-0.449438733,0.309759004,LLLG
12.65194417,-31.21655262,15.61092385,0.589518468,-0.223011046,-0.366507423,Normal
861.9519094,-324.2549326,4.727867681,0.025372507,-0.322828484,0.297455977,LLLG
108.359486,706.2002952,-812.5168472,0.039614276,-0.006853524,-0.032760752,LLL
237.3711395,59.99877592,-47.56184482,-0.380029281,0.490653338,-0.110624058,LG
54.30129762,-3.031162131,-54.56201193,0.180100668,0.420555814,-0.600656482,Normal
-71.39106974,69.41428884,-1.130350261,-0.198077937,-0.387921422,0.585999359,Normal
-630.7856641,-12.39946104,-32.89141851,-0.183819361,0.516222319,-0.332402958,LG
-40.53660895,96.24060796,-58.82909813,-0.58871103,0.14303752,0.44567351,Normal
-843.1240817,246.4711108,-27.14370421,-0.028481545,0.343928104,-0.315446559,LLG
883.8068338,-404.6803978,-479.1233076,0.021632475,-0.042413371,0.020780897,LLLG
427.5505723,-7.83162217,35.58935216,0.291641423,-0.583346546,0.291705123,LLG
744.3482207,69.66007492,-24.95231942,-0.250440812,0.123633211,0.126807601,LG
-874.6385076,-48.1440589,-6.012813786,0.02649371,0.257283334,-0.283777044,LG
613.3672534,245.5876168,-856.9038708,0.040642315,-0.030567421,-0.010074894,LLL
860.1418439,-583.6184334,-59.12385063,0.012389819,-0.188144761,0.175754942,LLLG
-47.75409345,-256.6905093,306.8786057,-0.508539436,-0.038950544,0.547489981,LL
40.21589719,43.35310707,-86.60208196,-0.298447612,0.624425997,-0.325978385,Normal
-69.74722147,79.0638835,-12.54897588,-0.295054536,-0.303940163,0.598994699,Normal
54.5093237,7.167611779,-64.96501778,0.06911975,0.498707048,-0.567826798,Normal
692.2188462,-821.5828359,131.3555539,-0.007994401,-0.032007735,0.040002137,LLL
823.3995618,-689.9862081,-131.3475183,0.004589431,-0.038737804,0.034148373,LLL
-40.52756251,1.311564744,36.13029202,0.430301915,-0.560199051,0.129897136,Normal
875.0147917,-556.5257107,-318.4841287,0.013832301,-0.041651414,0.027819113,LLLG
-14.90949786,89.71695792,-77.82251935,-0.615246031,0.37549881,0.239747221,Normal
17.90761694,-30.89848276,9.923196618,0.579884549,-0.168929623,-0.410954926,Normal
-55.17642488,-123.8471261,181.3569351,-0.502464143,-0.041107369,0.543571513,LL
-524.6717486,1.473175812,-40.48079572,-0.250383172,0.569831629,-0.319448457,LG
-14.55843619,91.84039828,-80.53828344,-0.615182819,0.384644501,0.230538317,Normal
-38.49372136,94.99770485,-59.51180763,-0.593884974,0.160880624,0.43300435,Normal
35.66462694,-761.3860074,728.1413358,-0.066030208,0.011442878,0.054587331,LL
-40.62257592,100.2471406,-63.06640334,-0.593230444,0.154712129,0.438518315,Normal
-717.1317563,300.1475288,-5.2097082,-0.057152559,0.276188265,-0.219035706,LLG
-0.999546653,82.78865516,-84.80822709,-0.586767808,0.473765029,0.113002779,Normal
-11.21069569,-21.04185164,29.1760209,0.572079044,-0.409894068,-0.162184975,Normal
-63.51889877,32.66547276,27.87436947,0.158765747,-0.570495135,0.411729389,Normal
11.26752338,-753.2436737,744.4144468,-0.273571661,-0.007009804,0.280581465,LL
-328.695689,-63.75891701,45.60697985,0.372743545,-0.448677449,0.075933904,LG
753.2220749,20.40495358,27.20728787,0.144225747,-0.472389379,0.328163633,LG
-859.1809237,606.4612586,254.7444221,-0.010515651,0.040813468,-0.030297817,LLL
-708.4231657,811.2702992,-102.8493971,0.006636728,0.032935837,-0.039572566,LLLG
-232.7443678,858.8160013,50.57772078,0.030896912,-0.147866084,0.116969172,LLG
783.7361541,-707.0239973,-74.70005121,0.007878584,-0.161558905,0.153680322,LLL
44.20459307,-803.1322751,-55.66459943,-0.034892758,0.223450125,-0.188557367,LLG
-596.1887595,-8.460266277,-37.35750969,-0.211224733,0.539522443,-0.328297709,LG
-85.54520773,805.1958275,-717.6104324,0.035401751,0.002428836,-0.037830587,LLL
-560.8156012,-322.9765365,883.9513836,-0.041224752,0.027966109,0.013258643,LLLG
10.75481859,-30.79460375,17.08553279,0.591382291,-0.240345701,-0.35103659,Normal
43.55418216,38.69832722,-85.40627046,-0.247401173,0.620623086,-0.373221913,Normal
681.9016313,10.65096206,32.835516,0.192738199,-0.521141748,0.328403549,LG
-475.3663401,883.1852139,-405.7845599,0.020998723,0.021365096,-0.042363819,LLL
-697.024853,-24.2224455,-24.1264986,-0.11404802,0.447631318,-0.333583298,LG
-35.32245113,783.9069009,-746.0620633,0.181746767,-0.000910099,-0.180836668,LL
55.35587832,-5.989873095,-52.29904054,0.17257468,0.425426685,-0.598001365,Normal
-732.8889257,148.5851096,586.4857616,0.007167668,0.028025922,-0.03519359,LLL
848.3406708,-207.2065487,-639.076608,0.029427542,-0.041058792,0.011631251,LLL
504.6605355,68.87304733,-40.13543725,-0.344497463,0.349040856,-0.004543393,LG
-68.25688945,76.75282683,-11.37673339,-0.310287472,-0.289879174,0.600166646,Normal
-53.41998865,95.3294346,-45.152027,-0.523995377,-0.007632785,0.531628162,Normal
156.7827197,56.19707485,-48.78071548,-0.382627178,0.521933157,-0.139305979,LG
16.67250091,-773.9368887,-55.93750477,-0.037139267,0.229349517,-0.19221025,LLG
-6.129040784,-670.8523565,679.2828034,-0.381782088,-0.018383703,0.400165791,LL
-107.6100333,-705.9194574,813.5272348,-0.039661258,0.006927087,0.032734171,LLLG
30.49089361,-26.6166177,-7.311245787,0.528559315,-0.01747937,-0.511079945,Normal
328.2013812,-874.7891505,546.5855092,-0.027563786,-0.014057564,0.041621349,LLLG
4.960889465,-29.16466365,21.24781783,0.593393735,-0.290750725,-0.30264301,Normal
-54.80626612,94.77867794,-43.21436969,-0.513479479,-0.026635258,0.540114737,Normal
-127.4433359,820.5756776,-693.1341049,0.034272405,0.004424347,-0.038696752,LLLG
-29.43330133,-6.709985861,32.81514732,0.503824784,-0.51067843,0.006853646,Normal
-72.13605962,62.55131645,6.232850873,-0.097154103,-0.457479539,0.554633642,Normal
-769.2768513,74.77828871,696.6782031,-0.049745522,0.041370639,0.008374883,LLL
-48.11683233,12.47210092,32.18228875,0.373436949,-0.575510166,0.202073217,Normal
22.67552537,-32.4315013,6.805412152,0.568726813,-0.123882863,-0.44484395,Normal
39.72568496,-29.21665542,-13.45336157,0.476353102,0.083999777,-0.56035288,Normal
16.07663722,-30.66153914,11.51664304,0.583522686,-0.186926443,-0.396596243,Normal
-330.6504525,-535.8220613,-57.08988846,-0.042175068,0.329089007,-0.286913939,LLG
9.796616407,-27.00494033,13.89295332,0.589858425,-0.238104693,-0.351753732,Normal
-554.8525816,872.7000941,-317.8497762,0.016829385,0.025266255,-0.04209564,LLLG
54.20917454,-568.9117629,517.2190309,0.205024117,0.031068601,-0.236092719,LL
-63.82043621,91.99491082,-31.64145997,-0.4277907,-0.155712792,0.583503492,Normal
-465.3355972,12.59406343,-43.24798264,-0.289436634,0.593169308,-0.303732674,LG
25.51922849,752.9176361,-776.3150944,0.03804723,-0.002901568,-0.035145662,LLL
623.7616894,231.5854055,-853.2155147,0.040495754,-0.031059225,-0.009436529,LLL
-643.9433586,-70.78533298,32.61472211,0.300247281,-0.232592102,-0.06765518,LG
-586.378824,0.430078192,-38.31384492,-0.242067979,0.563080497,-0.321012518,LG
-23.07470259,-543.3122311,568.7517258,-0.456770312,-0.027798276,0.484568588,LL
-265.6023482,29.52216223,-48.09462383,-0.3426261,0.605280125,-0.262654025,LG
-45.53059429,43.67620925,-49.9470014,-0.372033638,0.582074346,-0.210040708,LG
-548.0655456,-1.140377188,-38.26474622,-0.233405469,0.55949607,-0.326090601,LG
-434.3589428,-447.9755205,884.3433273,-0.042352568,0.022381307,0.019971261,LLL
-58.19919322,-63.03294649,123.5659517,-0.494781189,-0.041776221,0.536557411,LL
16.17165724,74.76885822,-94.19114872,-0.506501418,0.574454786,-0.067953368,Normal
-429.7517522,15.86163936,-44.37526902,-0.300912662,0.598334755,-0.297422094,LG
-67.45609637,43.84410453,20.14255533,0.101212945,-0.551413283,0.450200339,Normal
-41.19927023,98.86141775,-61.03698592,-0.589764888,0.144587331,0.445177558,Normal
-877.8637936,352.0564047,525.8051253,-0.023802141,0.042288199,-0.018486058,LLLG
808.9976611,-137.4150034,33.32297441,0.032176833,-0.360418077,0.328241244,LLG
-811.1235042,701.9582716,8.022943508,-0.004611828,0.188140095,-0.183528267,LLG
-71.01350856,77.49162434,-9.83581102,-0.261334621,-0.334672005,0.596006625,Normal
-584.1462783,-263.4662188,-50.69285744,-0.04101897,0.37161932,-0.330600349,LLG
848.7463087,38.50485722,14.44520046,0.039554337,-0.347769017,0.30821468,LG
45.7357544,34.73273947,-83.62346752,-0.211852454,0.614627775,-0.402775321,Normal
-727.4560614,-31.07250184,-22.35712894,-0.090878297,0.414211632,-0.323333335,LG
-65.38282247,617.4395031,-549.6410201,-0.175262566,-0.028681815,0.203944381,LL
-486.9994782,882.4460881,-393.4124915,0.020418548,0.02193717,-0.042355718,LLL
-25.93280875,-516.5003589,544.7934458,-0.466762573,-0.029272092,0.496034665,LL
0.335263406,84.12109731,-87.71737955,-0.581411683,0.487609638,0.093802045,Normal
-45.034197,7.030437882,34.79558429,0.396012585,-0.571573353,0.175560768,Normal
-721.0689087,-81.89019083,802.956836,-0.037748036,0.035587107,0.00216093,LLLG
-436.704603,-462.9466344,899.7705436,-0.038683809,0.021257411,0.017426398,LLLG
-840.5368419,655.0429914,187.5989664,-0.007261704,0.039789469,-0.032527765,LLL
-440.0364572,-67.45528268,42.28978825,0.356776036,-0.38682427,0.030048234,LG
-4.141521511,89.18206376,-88.39499255,-0.594696854,0.464082822,0.130614032,Normal
441.2130453,-883.0503011,443.9116456,-0.022747335,-0.019559222,0.042306557,LLL
-765.921684,1.268614765,764.6508056,-0.03576781,0.03759721,-0.0018294,LLLG
798.9245724,-72.15686272,-726.7668947,0.033891786,-0.038987526,0.00509574,LLLG
36.39406695,-24.95424828,-14.87421624,0.490609204,0.058595813,-0.549205017,Normal
-33.58223639,-443.1089086,479.1390955,-0.488317591,-0.033173557,0.521491148,LL
9.095615932,-757.2741706,750.7101344,-0.286597738,-0.009088848,0.295686586,LL
62.92247593,-43.72635711,49.89662075,0.372988857,-0.582074208,0.209085351,LG
750.0150492,-685.5094606,-62.46012397,0.013031643,-0.26010086,0.247069218,LLL
850.5106907,62.8680201,-11.14207469,-0.154162234,-0.056247881,0.210410115,LG
1.698535934,-23.34470135,18.19907139,0.590794938,-0.303914513,-0.286880425,Normal
116.2349894,-47.29815087,50.28823704,0.369578768,-0.596102053,0.226523286,LLG
9.411654302,76.84065727,-89.39306691,-0.545379442,0.536536023,0.008843419,Normal
361.258195,-884.7547972,-45.58397883,-0.025994966,0.091884876,-0.065889911,LLG
-93.12535051,-713.4161029,808.6238326,-0.039414471,0.006254801,0.03315967,LLL
-323.3984661,879.0746684,47.20488572,0.027539717,-0.108978608,0.081438891,LLG
50.16769641,24.56129034,-77.76760777,-0.128719328,0.591864285,-0.463144957,Normal
-3.149059939,-688.5692537,694.0261484,-0.365605136,-0.016566184,0.38217132,LL
37.42667626,-26.03720307,-14.69434601,0.485838172,0.067284752,-0.553122924,Normal
21.58116797,69.8182155,-94.60874118,-0.470993723,0.595413752,-0.124420029,Normal
19.6428598,-772.1869652,755.006051,-0.210745472,-0.00105456,0.211800033,LL
53.25163825,14.94063552,-71.60684433,0.002221407,0.537423454,-0.539644861,Normal
53.24232173,-11.60006038,-42.36736975,0.306907659,0.304920808,-0.611828467,Normal
37.62376764,-29.59069364,-2.11998605,0.566777428,-0.101231081,-0.465546347,Normal
-18.4493317,741.0041857,-719.9943682,0.305474713,0.010940443,-0.316415156,LL
125.7189071,-822.8936629,-53.68089405,-0.034293329,0.190112216,-0.155818886,LLG
-635.8256906,-5.125205042,-35.68376207,-0.21806044,0.543787476,-0.325727036,LG
-121.3736098,-697.4781504,818.8494968,-0.039891112,0.007582794,0.032308318,LLLG
44.88201836,37.02273407,-85.18305349,-0.221340322,0.617115053,-0.395774731,Normal
440.0887539,67.45635577,-42.28894686,-0.356767865,0.386824394,-0.030056529,LG
612.6013803,-866.1099241,255.6611212,-0.013383491,-0.028144531,0.041528022,LLL
-350.8224006,19.94319071,-45.94384719,-0.313625133,0.603153981,-0.289528848,LG
824.8044377,32.74424259,18.87937554,0.075245483,-0.392920004,0.317674522,LG
637.4159381,-848.387277,213.0421435,-0.011873625,-0.029258334,0.041131959,LLL
-234.2447035,-637.7273874,872.0533471,-0.039772186,0.012274945,0.027497241,LLLG
713.5850043,94.39772561,-807.9826411,0.038048527,-0.035176614,-0.002871913,LLLG
-209.1725573,847.6958269,-638.525096,0.031778752,0.008370525,-0.040149277,LLLG
655.6532398,-841.0349858,185.379484,-0.010597855,-0.030189947,0.040787802,LLLG
-15.19115122,-15.40939477,27.14825336,0.562415707,-0.427234685,-0.135181022,Normal
-53.09477152,16.0876001,33.91671727,0.313637675,-0.58609074,0.272453065,Normal
879.4511103,-533.7368016,-343.5708142,0.015073216,-0.04189626,0.026823044,LLL
-829.4902501,666.2372247,4.414089435,-0.007246624,0.208249304,-0.20100268,LLG
-0.697428567,81.59378059,-83.80161426,-0.586287335,0.473058443,0.113228892,Normal
289.9688789,62.23923799,-46.51393737,-0.376420733,0.467361876,-0.090941142,LG
-34.99267634,-2.003360874,33.66597771,0.471916962,-0.535714738,0.063797776,Normal
-867.6332418,521.5206629,-8.260182198,-0.016176046,0.271668657,-0.255492611,LLG
476.1804854,392.6072988,54.40362689,0.042191183,-0.35755979,0.315368607,LLG
-878.5489447,520.3359712,358.2107098,-0.015583088,0.041939092,-0.026356005,LLLG
869.5540087,-391.8895629,17.96311417,0.022793315,-0.312527726,0.289734411,LLG
-51.05213267,92.1124948,-43.95030875,-0.532516951,0.009204836,0.523312116,Normal
576.2426836,-868.4469149,292.2019697,-0.015654974,-0.026233948,0.041888922,LLLG
-722.6783792,-16.10691413,-29.78115725,-0.166168295,0.495283216,-0.329114921,LG
-643.6636173,-224.1594274,-132.2828154,0.20953688,-0.095553751,-0.113983129,LG
486.826197,-898.6803786,-39.46391667,-0.019734419,0.033184059,-0.01344964,LLG
751.5654063,69.45366088,-24.26993438,-0.24586358,0.114300881,0.131562698,LG
-106.2312702,-704.3203525,-57.4205321,-0.039638897,0.269139392,-0.229500495,LLG
-608.7362399,-64.94907999,11.5745935,0.167517877,0.03727017,-0.204788047,LG
-882.6689661,427.5047406,457.2650972,-0.020389283,0.042372971,-0.021983688,LLL
23.07664312,417.5622901,-438.0222025,0.487425692,0.034127592,-0.521553284,LL
-845.1308419,-37.56689308,-15.19419273,-0.045523705,0.355519822,-0.309996118,LG
-70.41390945,81.77297069,-14.83030169,-0.296144746,-0.302337179,0.598481924,Normal
-575.1315027,-4.044770327,-36.25711171,-0.219537802,0.54791845,-0.328380649,LG
-301.5240949,870.6803715,-567.1192239,0.028513986,0.012869742,-0.041383728,LLL
53.56023811,18.97574713,-74.91361685,-0.026871712,0.552626735,-0.525755023,Normal
-740.1798187,787.7217613,-47.54420625,0.003997223,0.034546484,-0.038543708,LLLG
-66.05488889,38.87744519,24.08015091,0.112139346,-0.556788507,0.444649161,Normal
-689.9622316,-11.74682942,-32.23878158,-0.187490319,0.516222344,-0.328732024,LG
-690.1932316,826.6395049,23.66885629,0.007318848,0.089670861,-0.096989709,LLG
-62.26483956,673.0311148,-608.2356994,-0.114505194,-0.024577801,0.139082994,LL
-40.29823748,-355.532653,398.172815,-0.502247545,-0.035961062,0.538208607,LL
-856.3423759,587.0568797,-2.841580757,-0.012420118,0.245926023,-0.233505906,LLG
-499.1355552,880.653269,-381.5197166,0.019831635,0.022514383,-0.042346018,LLLG
641.9936999,204.5684501,-846.5644137,0.040031479,-0.031898091,-0.008133388,LLLG
251.0941852,-9.410449444,15.36042495,0.339324648,-0.587594244,0.248269596,LLLG
877.6952232,-544.818073,-330.7334498,0.014456114,-0.041786926,0.027330813,LLL
259.0410077,-865.7708689,-49.67509924,-0.029981478,0.136926619,-0.106945142,LLG
-56.4762403,20.96178177,32.42251899,0.272586286,-0.586394155,0.313807869,Normal
-38.4872934,-1.636922599,37.15544839,0.443550187,-0.555065949,0.111515762,Normal
823.2446744,65.65880124,-15.66378055,-0.186542697,0.00077729,0.185765407,LG
-830.2405834,153.1473155,677.0910434,-0.031327305,0.040405235,-0.009077931,LLLG
55.02548714,1.476713205,-59.66780396,0.116472226,0.467287017,-0.583759243,Normal
-3.239788336,-24.94665841,25.11228475,0.58722476,-0.352896156,-0.234328604,Normal
-278.7118006,28.50791789,-47.87800905,-0.339904238,0.605641594,-0.265737356,LG
315.9691229,-871.9361862,558.0434476,-0.028058566,-0.013443504,0.04150207,LLL
5.948823833,-25.97703899,16.71156983,0.591796431,-0.271990396,-0.319806035,Normal
249.5398487,-859.0503303,609.5082183,-0.030470213,-0.010236402,0.040706615,LLLG
710.0869474,-821.742751,-22.00669012,-0.005622289,-0.101352997,0.106975286,LLG
20.87721208,47.73031668,-50.11450426,-0.378045839,0.567075356,-0.189029517,LG
38.68969456,-29.51836872,-3.909055936,0.559993876,-0.082585552,-0.477408324,Normal
845.2532651,-195.0331274,-648.0821978,0.029990316,-0.040964618,0.010974302,LLL
586.6926597,-865.7617294,279.0668063,-0.01503475,-0.026752428,0.041787178,LLLG
2.988939411,-766.9432829,-56.15816695,-0.037454524,0.234011884,-0.19655736,LLG
-30.85292263,-473.1352632,506.4397744,-0.481104096,-0.031893736,0.512997832,LL
-68.84552525,46.5076048,19.35485305,0.027840701,-0.525264525,0.497423825,Normal
-701.5371453,-24.87053484,-21.32376695,-0.099877509,0.434583416,-0.334705908,LG
-873.355797,-47.32296829,-6.790633342,0.020492848,0.265868285,-0.286361133,LG
793.5706288,-97.05152261,35.50445828,0.033512302,-0.36520005,0.331687749,LLG
-4.953561576,88.36551547,-86.7991337,-0.596822374,0.456695959,0.140126415,Normal
92.82516915,712.4567414,57.309868,0.039406396,-0.264969988,0.225563592,LLG
646.9603894,-844.4332736,199.5434898,-0.011233469,-0.029735313,0.040968782,LLL
398.3854118,483.6115492,-881.9992246,0.042322931,-0.02058808,-0.021734851,LLLG
-106.9138259,-705.1512243,814.1476295,-0.039653949,0.006912084,0.032741864,LLL
11.51444752,-753.413605,744.2425653,-0.273437592,-0.007009728,0.28044732,LL
13.41243139,-758.947819,747.8839108,-0.259899142,-0.005694294,0.265593436,LL
52.62775223,17.77438794,-73.81573154,-0.026324728,0.551788937,-0.52546421,Normal
-655.5879756,840.5625525,-184.9768405,0.010543447,0.030278604,-0.04082205,LLLG
18.00120431,73.15406774,-94.39265534,-0.495135734,0.581996143,-0.086860409,Normal
-46.80978921,94.40312676,-50.59827248,-0.559913283,0.066973095,0.492940187,Normal
49.76640699,25.54873204,-78.35346804,-0.138045422,0.594886158,-0.456840736,Normal
-800.7345498,718.788101,9.816381242,-0.003286949,0.177801975,-0.174515026,LLG
-14.30579152,-616.2264417,632.9124504,-0.420855883,-0.023020076,0.443875959,LL
-63.49937681,90.61399126,-30.47909221,-0.42723402,-0.156531047,0.583765067,Normal
-66.18824163,89.36800678,-26.64843866,-0.391727052,-0.200632269,0.592359321,Normal
733.2665714,-793.6129991,62.41504448,-0.004706103,-0.034082688,0.038788791,LLL
576.4674117,-1.539655596,38.81403368,0.246719176,-0.566525858,0.319806681,LG
755.3469372,-12.15984544,39.64193882,0.035735728,-0.372177616,0.336441888,LLG
-38.59289845,98.82989485,-63.61280764,-0.598057486,0.17239822,0.425659266,Normal
785.6718189,25.65900087,23.83718428,0.115933724,-0.441161731,0.325228007,LG
44.00230666,39.36264951,-86.77136589,-0.230797324,0.61948499,-0.388687666,Normal
-258.920474,865.5694183,49.67374199,0.029980828,-0.136921835,0.106941007,LLG
-868.4767571,574.7467846,293.7277089,-0.012444261,0.041321492,-0.028877231,LLLG
54.65625662,14.26883535,-71.1501992,0.020645278,0.528046563,-0.548691841,Normal
-808.9582559,98.96478887,712.0102619,-0.033050678,0.039504959,-0.006454281,LLL
-72.3236724,67.83567274,1.134174141,-0.153278136,-0.420338044,0.573616181,Normal
272.4854293,-876.3574552,603.9052382,-0.02877693,-0.011694688,0.040471618,LLLG
34.04111983,53.59759055,-90.91165988,-0.364180941,0.623622039,-0.259441098,Normal
861.0108747,-565.8478162,4.652619426,0.013678003,-0.25475155,0.241073547,LLG
-361.152356,884.5789145,45.58281804,0.025992703,-0.091879037,0.065886333,LLG
-360.7235535,-518.3770383,879.0983402,-0.042300603,0.018911221,0.023389382,LLLG
852.8113037,-610.9938534,1.020349101,0.011340249,-0.236971307,0.225631058,LLG
399.3733998,483.9785312,-881.2244439,0.042357537,-0.020625188,-0.021732349,LLL
-7.652270481,85.39029306,-80.64133105,-0.604100928,0.426391933,0.177708995,Normal
93.88791239,713.7101181,-807.6002942,0.039367487,-0.006181237,-0.03318625,LLLG
385.9842789,-887.3289984,-44.446114,-0.024931601,0.080369636,-0.055438035,LLG
539.1149205,336.5050415,-875.6222257,0.041690208,-0.027153785,-0.014536423,LLLG
51.5564742,-16.42858214,-38.18056249,0.309752227,0.30179419,-0.611546417,Normal
-867.0779286,377.1810678,-18.83000701,-0.023225097,0.31571284,-0.292487743,LLG
23.12491577,64.98004169,-91.25024358,-0.463043329,0.596030269,-0.13298694,Normal
-545.6420563,-328.1541608,-50.45768381,-0.043185443,0.371992263,-0.328806819,LLG
443.7455963,-464.570088,22.96510597,0.033010852,-0.519105167,0.486094315,LLL
56.44285964,-465.3715194,411.6817098,0.336173965,0.027393411,-0.363567376,LL
-69.83074823,341.6582461,-269.3675509,-0.366806204,-0.039522376,0.40632858,LL
7.880952712,-26.52125738,15.32429676,0.591126022,-0.255183622,-0.3359424,Normal
423.2272791,-893.7963013,470.5938642,-0.023357011,-0.018864396,0.042221407,LLLG
840.2890368,-182.209936,-658.077681,0.030449801,-0.040770711,0.01032091,LLLG
847.686416,-648.6572629,-199.0225873,0.008094142,-0.040116673,0.032022531,LLLG
-71.92539359,68.20750384,0.489921861,-0.171202256,-0.407855089,0.579057346,Normal
666.7664157,70.73803532,-31.44513362,-0.29243878,0.214903178,0.077535602,LG
469.367227,-889.430045,-40.12586982,-0.021023446,0.039517154,-0.018493708,LLG
-71.47711543,68.59500738,-0.224724522,-0.18899079,-0.394920557,0.583911348,Normal
53.72934137,13.22892231,-70.11991484,-0.006226818,0.540772998,-0.53454618,Normal
19.95501842,-28.56512973,5.298243658,0.572297435,-0.140071254,-0.432226181,Normal
-622.5036559,-238.5864421,863.2640889,-0.042598603,0.031194616,0.011403987,LLL
53.41030202,-623.6926802,572.989917,0.199249492,0.027116927,-0.226366419,LL
191.5752099,-222.6869432,33.24872883,0.040249913,-0.53469896,0.494449046,LLL
-3.145519332,88.61353788,-88.81867249,-0.591864491,0.470536519,0.121327973,Normal
39.51768898,48.5377944,-91.03119198,-0.300556966,0.627555783,-0.326998817,Normal
-71.7198947,77.35685995,-9.108831891,-0.244388339,-0.349095945,0.593484284,Normal
-51.15611588,98.96431976,-51.26347799,-0.544600646,0.03204434,0.512556306,Normal
-661.4406278,199.3045544,462.6116955,0.073218028,0.00920675,-0.082424777,LLLG
328.3663527,-27.65697938,41.15540638,0.328907932,-0.604030311,0.275122378,LLG
-25.24013888,-530.038166,557.7381972,-0.463503455,-0.029148735,0.49265219,LL
-50.19963311,-207.7448456,260.1847062,-0.507912317,-0.039746243,0.54765856,LL
-69.38584423,319.9978195,-248.2523755,-0.377544387,-0.039922695,0.417467082,LL
-59.99406552,697.156247,-634.7196257,-0.083223442,-0.022336382,0.105559824,LL
37.84783834,-753.3557624,717.9364313,-0.042354978,0.013351387,0.02900359,LL
100.0939215,-810.5471063,710.4509214,-0.03507977,-0.003019069,0.038098839,LLLG
858.3595014,41.26029724,12.17773494,0.02157702,-0.324009795,0.302432775,LG
-789.5785129,734.9501114,11.60064534,-0.00196141,0.167290096,-0.165328686,LLG
819.03174,31.75395336,19.60265783,0.081091355,-0.400116457,0.319025103,LG
16.59828569,69.12926315,-88.63784107,-0.509392276,0.566651503,-0.057259227,Normal
766.3556236,22.52264027,25.87737986,0.132988012,-0.460237414,0.327249401,LG
-713.6556402,-37.54192654,4.589313497,0.043598476,0.257283359,-0.300881834,LG
-21.7585999,-15.53268514,34.32764859,0.536751914,-0.47777468,-0.058977234,Normal
839.080654,64.32669843,-13.4259575,-0.17048939,-0.027766169,0.198255559,LG
-771.3537964,757.7686437,14.25428489,3.38e-05,0.15121357,-0.151247386,LLG
-37.80151869,-744.7184128,784.5230123,-0.038360124,0.003612042,0.034748082,LLL
874.4715192,56.34995635,-2.598607982,-0.091741492,-0.15913521,0.250876702,LG
74.80362298,51.89660967,-49.56656606,-0.381828775,0.548580271,-0.166751495,LG
423.2530248,459.718919,-882.9729519,0.04235055,-0.021762642,-0.020587909,LLLG
50.15174073,-50.55212599,3.102885796,0.463254856,0.042368538,-0.505623394,LL
54.51191689,-5.128521531,-52.55143372,0.189615623,0.41259084,-0.602206462,Normal
1.031890166,-27.78007658,23.79109352,0.591746176,-0.322856489,-0.268889687,Normal
-482.45792,-400.0363937,882.4920654,-0.042190077,0.024610954,0.017579122,LLLG
642.8719446,181.4802222,47.85381759,0.039881567,-0.375703451,0.335821884,LLG
20.28641656,-29.8757962,6.402408394,0.572824469,-0.140846314,-0.431978155,Normal
-68.86777401,79.16886798,-13.41210941,-0.311258989,-0.288450455,0.599709443,Normal
302.720677,-31.37893265,42.62422022,0.336170776,-0.606389426,0.27021865,LLG
-792.8225513,95.78771547,-35.50968124,-0.033447991,0.365162298,-0.331714307,LLG
-69.07163144,273.8080875,-202.2845368,-0.398218168,-0.040801803,0.439019971,LL
-101.963534,-724.3455864,828.4735216,-0.037260845,0.005880142,0.031380703,LLL
-865.0959077,585.9621038,281.2375041,-0.011797566,0.041150839,-0.029353273,LLL
-690.8093327,822.5996973,-129.760152,0.007954574,0.032066418,-0.040020992,LLL
373.6676313,-886.1517894,-45.02060817,-0.02546639,0.086137858,-0.060671468,LLG
-673.1853867,836.6331585,25.31358238,0.008622021,0.07814187,-0.086763892,LLG
-15.18599709,-18.76959643,30.8778842,0.561025438,-0.435908126,-0.125117312,Normal
-54.69483699,740.960953,-683.8024481,-0.012157848,-0.01704424,0.029202087,LL
-402.6575056,216.5073769,186.9881233,0.157816571,-0.015097012,-0.142719559,LLLG
28.32870671,-775.054561,749.2154064,-0.136147812,0.005582222,0.130565589,LL
-40.05259042,-355.7023942,398.0025113,-0.502114143,-0.035961041,0.538075184,LL
168.4272284,56.02880414,-48.94899666,-0.382174036,0.521933193,-0.139759157,LG
-40.00042396,97.5308559,-60.77831486,-0.59213493,0.153101324,0.439033606,Normal
646.4237543,-850.0440721,-27.73231438,-0.010575496,-0.060693121,0.071268617,LLG
-69.51293941,458.2406141,-386.3475563,-0.300950573,-0.036233212,0.337183784,LL
832.7414874,-207.4279146,29.51086297,0.03000659,-0.350815129,0.320808539,LLG
673.1106252,9.550358714,33.42227485,0.197908099,-0.525932723,0.328024625,LG
52.56929685,17.71357556,-73.32353826,-0.062765735,0.566798731,-0.504032997,Normal
766.673495,-0.981650612,-763.6372941,0.035720679,-0.037523531,0.001802851,LLL
28.22171767,353.3898331,-378.9921961,0.496409416,0.036338862,-0.532748278,LL
-872.1651199,313.4787751,558.6841325,-0.025425906,0.04209617,-0.016670264,LLLG
-133.3428362,-686.8838959,-57.59505321,-0.040088621,0.277278425,-0.237189803,LLG
-639.1929256,412.122656,229.2606389,-0.224522634,0.07557963,0.148943005,LLL
811.1832309,-702.0536216,-8.023405563,0.004604459,-0.188130922,0.183526463,LLG
143.197852,55.51404441,-48.94194811,-0.382730111,0.526702954,-0.143972843,LG
-68.89106773,262.2488903,-190.9071251,-0.403120396,-0.040979495,0.444099891,LL
129.5764764,54.81726571,-49.09115099,-0.382738615,0.531342832,-0.148604217,LG
-71.72211973,799.3638167,-725.6013136,0.035762127,0.001764328,-0.037526455,LLL
798.4190318,-735.3039377,-60.96726947,0.001581974,-0.037511947,0.035929973,LLL
11.628403,74.1429123,-88.79420811,-0.535516629,0.545472992,-0.009956362,Normal
28.97219578,58.79666716,-90.91626566,-0.415782386,0.61302725,-0.197244864,Normal
-59.02066207,-52.33498879,113.7874824,-0.492950673,-0.042013046,0.534963719,LL
36.19938438,50.73886907,-90.21214671,-0.340508936,0.625607799,-0.285098862,Normal
5.038061939,594.1942438,-596.5364866,0.430713008,0.02523339,-0.455946398,LL
576.9088675,-867.7075432,292.7925378,-0.015647708,-0.026248916,0.041896624,LLL
54.63340681,-325.9796802,274.126627,0.414408756,0.032297041,-0.446705797,LL
-53.41613809,17.3585954,32.84597458,0.313126593,-0.58533914,0.272212546,Normal
-565.5742315,2.653223992,-39.30073709,-0.251261302,0.56983159,-0.318570288,LG
-45.36779882,8.349819443,33.68407733,0.395482046,-0.57079314,0.175311093,Normal
-475.398209,-68.39273391,40.99124471,0.349847667,-0.364425794,0.014578127,LG
15.37328473,71.10934756,-89.50668736,-0.515252713,0.5632486,-0.047995887,Normal
343.1443176,-23.33636951,46.61856815,0.325056204,-0.605206821,0.280150618,LG
49.0929093,-14.97128737,-37.5485742,0.339738891,0.269913473,-0.609652364,Normal
40.76178696,-761.4754983,723.3498661,-0.002011521,0.014477068,-0.012465547,LL
-148.802722,-680.0887009,828.8891675,-0.04032079,0.008888101,0.031432689,LLLG
-849.6041865,273.2081374,-25.52803632,-0.027482674,0.338943366,-0.311460692,LLG
391.528091,65.97540041,-43.87227565,-0.36476703,0.415344759,-0.05057773,LG
54.34823273,4.994333158,-62.76072569,0.106093833,0.475213945,-0.581307777,Normal
-560.1015211,-310.4070652,872.5195751,-0.041486826,0.0282339,0.013252926,LLL
-622.6107094,-220.052205,-45.94118411,-0.043114734,0.377572506,-0.334457772,LLG
-69.91860527,437.6007294,-365.2080377,-0.313737444,-0.036954079,0.350691522,LL
-53.0398271,17.71544463,31.98727493,0.320572064,-0.584049287,0.263477223,Normal
-9.418400013,-13.76064162,32.27415786,0.563599537,-0.371263685,-0.192335852,Normal
54.99974831,-8.374184795,-49.55944457,0.199546047,0.403844271,-0.603390318,Normal
-766.5480145,-62.7524637,-14.33344168,0.034988544,0.222330031,-0.257318575,LG
54.14206227,11.71873201,-68.78819752,-0.014755856,0.544110216,-0.52935436,Normal
732.5747096,-794.3761297,61.79915678,-0.004713439,-0.034067667,0.038781106,LLLG
725.3895869,-799.6250396,76.22625146,-0.005366749,-0.033684114,0.039050863,LLL
53.68585816,-8.95556723,-47.89985195,0.233775914,0.375200025,-0.608975939,Normal
-72.65993143,69.21396503,-0.026171378,-0.153832879,-0.419522406,0.573355285,Normal
-36.48054873,97.39446355,-64.16304649,-0.602329489,0.189965632,0.412363856,Normal
278.9380895,-28.50594429,47.87975466,0.339919898,-0.605641475,0.265721577,LG
-391.468892,-65.97425693,43.87318732,0.3647755,-0.415344635,0.050569136,LG
80.75904114,722.5537416,-801.2702413,0.039125594,-0.005537415,-0.033588178,LLL
-743.1712515,-38.24657839,-26.0955123,-0.082559797,0.400116593,-0.317556796,LG
800.0739295,-108.3137978,20.98802703,0.033003544,-0.359725137,0.326721592,LLLG
635.8115448,5.125254478,35.68358286,0.218065713,-0.543787406,0.325721693,LG
-480.7999492,888.7939784,39.46784183,0.020433597,-0.033619825,0.013186228,LLG
645.2399142,6.233609753,35.13062426,0.213097994,-0.539522308,0.326424314,LG
53.9607521,-568.7440428,517.3951977,0.204889365,0.031068265,-0.235957631,LL
-115.8720742,-715.9403241,833.9770075,-0.03823494,0.006705746,0.031529194,LLL
-65.95981198,39.1559313,23.58551523,0.12092487,-0.558918725,0.437993855,Normal
106.4248815,703.9932339,57.4183778,0.039646285,-0.269139828,0.229493543,LLG
45.41036596,-24.13956192,-24.32758445,0.413844152,0.17811562,-0.591959772,Normal
-11.59546259,-644.1481577,658.2278097,-0.406853737,-0.021878357,0.428732094,LL
-36.45629211,784.5178748,-745.4446152,0.174212595,-0.001586334,-0.172626261,LL
-689.7668831,-107.0743807,799.0177641,-0.022539471,0.030578124,-0.008038652,LLL
-410.2285801,888.8600181,43.26327712,0.023840784,-0.068768878,0.044928094,LLG
459.1941112,-893.6234203,434.4523729,-0.021456491,-0.020677247,0.042133738,LLLG
823.3381213,-178.6800434,31.06227437,0.030843961,-0.354884366,0.324040405,LLG
-637.4529657,-208.8669887,846.521479,-0.031175547,0.029721616,0.001453931,LLLG
88.47169181,51.79768899,-49.66549721,-0.381143227,0.548580307,-0.16743708,LG
-72.30024719,65.22682176,3.720566662,-0.125339547,-0.439419714,0.56475926,Normal
51.23120106,21.38926923,-75.54506156,-0.1095,0.5846859,-0.475185901,Normal
-12.43111765,-13.27664299,33.04828593,0.559232128,-0.378495852,-0.180736276,Normal
-871.1612173,463.3443659,-12.72170671,-0.01919768,0.291287927,-0.272090246,LLG
561.5241423,311.4369483,-870.9110765,0.041447001,-0.028175219,-0.013271782,LLL
665.5686303,-835.9008504,172.4024278,-0.009945015,-0.030667124,0.040612139,LLL
-70.42373981,52.67937801,14.2735844,0.016245798,-0.517920364,0.501674566,Normal
-48.67685415,95.33299193,-49.77823506,-0.5519661,0.048704645,0.503261455,Normal
563.5960217,289.9720645,51.53885573,0.041321429,-0.369518899,0.32819747,LLG
-50.61991088,762.0413493,-708.9435045,0.035403037,-0.013320218,-0.022082819,LL
871.3992642,45.64515551,8.340011379,-0.00841603,-0.282839303,0.291255333,LG
-509.8200415,880.2587039,-368.3252358,0.019248737,0.023060531,-0.042309268,LLL
-126.7350086,821.3541935,-692.4996565,0.034279789,0.004409191,-0.03868898,LLL
-65.29047921,120.394643,-52.76305138,-0.453842715,-0.04222828,0.496070995,LL
885.0024194,-453.4673781,-431.5314067,0.019308443,-0.042364055,0.023055612,LLLG
28.91362224,-26.87838575,-5.472847533,0.53672911,-0.03644931,-0.5002798,Normal
440.7509438,-900.5269515,-42.03155916,-0.022096167,0.056695518,-0.034599351,LLG
47.26106159,22.98077354,-67.53361892,0.479306799,0.042155903,-0.521462702,LL
-873.5750414,327.1876752,548.4866234,-0.024883051,0.042155267,-0.017272217,LLL
-185.6816889,35.44611267,-49.14337298,-0.357159797,0.599980835,-0.242821038,LG
405.118736,-899.703971,-43.85168929,-0.023786451,0.074170748,-0.050384297,LLG
-509.9019069,880.3152637,-368.3796293,0.019243214,0.023064962,-0.042308176,LLL
-60.9032408,-1.80287448,65.0413699,-0.484069569,-0.042187413,0.526256982,LL
36.99241275,-30.35314993,-9.584726917,0.497868095,0.046055742,-0.543923838,Normal
98.57725909,-811.8461468,-54.32606459,-0.035057303,0.200227594,-0.165170291,LLG
-487.2473534,-407.6931299,897.1115509,-0.035911578,0.023169655,0.012741923,LLL
11.69392606,-27.42761711,12.41895762,0.587994894,-0.220770467,-0.367224427,Normal
361.9674333,-890.3016384,528.3622152,-0.025542019,-0.015990996,0.041533015,LLLG
179.8403711,-211.2286885,33.52483412,0.040451106,-0.533872036,0.49342093,LLL
-65.63487911,84.81124551,-22.2900738,-0.382621697,-0.211822338,0.594444035,Normal
-70.67893201,53.64434749,13.56368197,0.006735656,-0.51352008,0.506784424,Normal
-9.945034054,87.54887643,-80.62035079,-0.6083649,0.412832503,0.195532397,Normal
782.3665197,-747.0729163,-35.29586599,-6.59e-05,-0.036616642,0.03668252,LLLG
-155.236458,-689.928297,-57.68616177,-0.039881661,0.288285439,-0.248403779,LLG
-20.80883131,95.39286707,-77.96601434,-0.619966923,0.338251482,0.281715442,Normal
-39.06171762,93.81829145,-57.65068941,-0.590642066,0.150905908,0.439736158,Normal
-20.80798125,91.8451498,-74.05048981,-0.618597849,0.327816067,0.290781783,Normal
132.4515588,-164.9382807,34.62110874,0.041155561,-0.529412034,0.488256473,LLL
-752.9908913,45.22526003,708.0713832,-0.031484113,0.035487712,-0.004003599,LLLG
15.4260202,-28.08837065,9.348891004,0.582487985,-0.185404805,-0.39708318,Normal
53.32327905,-12.38299116,-43.9911986,0.260062259,0.350956102,-0.611018361,Normal
-883.384276,426.749937,456.6320754,-0.020397891,0.042389012,-0.021991121,LLLG
541.8517327,56.63154236,6.204735981,0.208918824,-0.505996531,0.297077707,LLLG
416.2430404,-883.3326123,467.0873113,-0.023866065,-0.018354992,0.042221058,LLLG
50.38883831,-20.09724385,-33.2302727,0.341800098,0.266882251,-0.608682349,Normal
588.5798798,-871.0628337,-32.3798498,-0.014388382,-0.025451756,0.039840138,LLG
833.9579115,34.69959356,17.41828882,0.063422602,-0.378238004,0.314815402,LG
476.7785641,-882.1656489,407.3826722,-0.02103855,-0.021306413,0.042344964,LLL
765.2693514,-773.1310528,7.871793973,-0.001791041,-0.035813683,0.037604725,LLLG
-7.954185492,86.58436454,-81.6472673,-0.604581077,0.427098043,0.177483033,Normal
447.9887967,-893.2041033,447.3709892,-0.022119993,-0.020093621,0.042213614,LLL
-55.86305414,90.13561186,-37.16056088,-0.495294483,-0.057237368,0.55253185,Normal
-613.9473304,-223.1330573,-49.33021785,-0.040475465,0.374066052,-0.333590587,LLG
52.79424733,-13.77718635,-42.06855814,0.276917032,0.334875186,-0.611792218,Normal
-434.3299151,-447.9534759,884.3709798,-0.042352291,0.022381086,0.019971205,LLL
879.3202239,52.06363211,2.101328397,-0.05629865,-0.213449026,0.269747677,LG
632.0265596,-864.9663144,-29.31408776,-0.011391274,-0.049290532,0.060681806,LLG
-370.1211244,-526.1979227,898.4878209,-0.042325794,0.019087678,0.023238117,LLL
855.0717871,-234.8399682,-620.2340823,0.028449466,-0.041346443,0.012896977,LLLG
-39.92296022,93.81363549,-56.78451274,-0.587735118,0.141602337,0.446132781,Normal
585.7948355,-584.9997828,1.329726702,0.02590906,-0.460121843,0.434212783,LLL
-53.79389806,17.05531587,33.64783102,0.305580599,-0.586450357,0.280869758,Normal
-20.43455889,-14.38050576,31.61520363,0.543519459,-0.465140193,-0.078379266,Normal
-654.5230848,-7.340383904,-34.56917319,-0.208072392,0.535124178,-0.327051786,LG
-15.89825885,90.10801424,-77.22452494,-0.616177449,0.367760502,0.248416947,Normal
-450.0655361,10.31515524,-42.52750315,-0.278558034,0.58899317,-0.310435136,LG
666.9258561,55.43623348,37.10837553,0.109748368,-0.436292733,0.326544365,LLG
-541.499054,306.2758643,237.4122721,-0.014826713,0.030400702,-0.015573989,LLL
-560.1559136,-322.9673118,885.2957541,-0.04121317,0.027942336,0.013270834,LLL
453.8022182,-473.7505378,22.08856863,0.032590342,-0.516659781,0.484069439,LLL
52.68499774,-600.8939498,550.810522,0.175596261,0.029198437,-0.204794698,LL
-61.28279131,685.3661309,-621.5482194,-0.098973896,-0.023480912,0.122454808,LL
862.2892653,42.15746873,11.41440147,0.015621596,-0.31592758,0.300305983,LG
-684.0833803,-23.7570515,-32.28112276,-0.14850985,0.478291372,-0.329781521,LG
573.9629768,276.7213942,51.12212291,0.041170612,-0.370609598,0.329438986,LLG
33.12656658,-27.46793834,-8.965407274,0.515849227,0.010237334,-0.52608656,Normal
515.827957,69.13035276,-39.64989991,-0.341843799,0.341218293,0.000625505,LG
349.04075,529.4830256,-876.3971061,0.042232887,-0.018260096,-0.023972791,LLL
471.8700888,412.1917714,-881.933146,0.042233272,-0.024018151,-0.018215121,LLL
-875.5870641,-55.67011044,1.814753218,0.085898563,0.168298884,-0.254197446,LG
-31.27679886,-8.205711688,36.51602455,0.489958867,-0.5260513,0.036092432,Normal
-32.26580418,98.2098161,-69.32209415,-0.612339724,0.235877454,0.376462269,Normal
-723.2220551,358.8587618,366.5502642,-0.120584835,0.059426613,0.061158222,LLL
-43.59072043,-311.3249992,357.254629,-0.506267094,-0.03729356,0.543560654,LL
-783.8781513,240.955519,545.1058333,-0.072293243,0.048329019,0.023964224,LLL
273.6956586,61.06775986,-47.14253871,-0.37791177,0.479244111,-0.101332341,LG
868.3542473,-389.8707599,17.9693648,0.022657296,-0.312440693,0.289783397,LLG
768.605567,-762.0098802,-6.537945304,-0.001396278,-0.03705017,0.038446448,LLLG
847.8932704,-617.9936577,0.119420005,0.01049089,-0.232211627,0.221720738,LLG
-50.84433874,14.85025427,32.6579389,0.343998571,-0.581628226,0.237629654,Normal
13.85071722,-773.0163084,761.7099585,-0.252768153,-0.006113732,0.258881886,LL
45.55475177,-704.6469094,661.5547259,0.052682048,0.020648006,-0.073330054,LL
52.57576553,-7.756156636,-48.24298339,0.249959264,0.361188737,-0.611148,Normal
-92.63653633,-712.7751196,-57.31194751,-0.039399573,0.264969923,-0.22557035,LLG
-831.686159,673.3693649,160.3429136,-0.005949458,0.039313204,-0.033363747,LLL
661.0625003,153.9953918,46.81302082,0.039410814,-0.37631839,0.336907576,LLG
7.571153308,46.92301016,-50.12496809,-0.377018869,0.570358184,-0.193339315,LG
-879.1966829,509.8093766,371.4895918,-0.016191117,0.042015486,-0.025824369,LLL
315.9422665,-871.9611414,558.016957,-0.02805864,-0.013443447,0.041502086,LLL
107.6764907,705.4452517,-813.1240061,0.039606968,-0.006838523,-0.032768444,LLLG
-61.25963172,28.89539022,29.26992388,0.203350411,-0.579121375,0.375770963,Normal
173.7916334,659.4103038,57.75030168,0.040678945,-0.288960579,0.248281633,LLG
48.95696749,-170.8345911,124.6871589,0.467315655,0.045489555,-0.51280521,LL
-71.03224449,60.21190079,7.945355749,-0.12332299,-0.442385275,0.565708265,Normal
-761.0395883,77.87618211,685.3432558,-0.037014985,0.038496033,-0.001481048,LLL
-69.76648479,457.8061611,-385.5621335,-0.301063964,-0.036281845,0.337345809,LL
-615.1722255,-70.67550088,34.35856381,0.31109437,-0.258689746,-0.052404625,LG
19.60819559,68.34475063,-91.09702349,-0.487644591,0.583174794,-0.095530203,Normal
-54.48186007,93.49566261,-42.1335004,-0.512963564,-0.027393967,0.540357531,Normal
-302.1227413,869.8051804,-567.684329,0.028514806,0.012878273,-0.041393079,LLLG
-64.47812275,639.3304882,-572.3329323,-0.152821049,-0.027212563,0.180033611,LL
55.7201988,-265.6373898,212.5943373,0.390988132,0.040759835,-0.431747967,LL
-65.26441092,624.7400302,-556.9605432,-0.167902894,-0.028220431,0.196123325,LL
-860.9069039,261.7570611,601.1689648,-0.027497723,0.041681925,-0.014184202,LLL
-0.263980721,-26.18112306,23.37182798,0.590472141,-0.329958102,-0.260514039,Normal
-30.34713722,-8.985185389,36.36612169,0.49521645,-0.521809822,0.026593372,Normal
-7.369250881,-664.4416152,674.2049021,-0.387123288,-0.01898071,0.406103997,LL
705.9114328,-662.6746708,-41.1598482,0.017374429,-0.33919263,0.321818201,LLL
-10.93986447,88.01051267,-80.08686673,-0.610036592,0.405552989,0.204483604,Normal
-673.1916771,832.3671249,-157.1448449,0.009257242,0.031180382,-0.040437624,LLL
298.1085627,-881.1652968,583.0883799,-0.028292109,-0.012828695,0.041120804,LLLG
84.96782703,-806.0203718,-54.62856958,-0.035426416,0.205211838,-0.169785421,LLG
11.49672566,78.63857403,-93.41595609,-0.532769169,0.553233291,-0.020464121,Normal
-12.20626056,-20.49319139,29.62262985,0.569530562,-0.416560436,-0.152970127,Normal
38.55401451,-750.3042066,714.1815514,-0.034441433,0.013981185,0.020460247,LL
711.1283454,71.63316332,43.42231315,0.037715954,-0.375900139,0.338184185,LLG
278.6925941,-28.50804078,47.87766849,0.339909331,-0.605641499,0.265732168,LG
380.8247392,-20.1622293,45.72457521,0.315176018,-0.603153841,0.287977823,LG
17.25712491,-28.32580852,7.755860977,0.578850047,-0.167408278,-0.411441769,Normal
794.8806201,-731.8730057,-63.00987709,0.001264535,-0.037264801,0.036000266,LLLG
877.7917969,52.81455129,1.32153876,-0.062303954,-0.204515425,0.266819379,LG
40.49922331,45.28570358,-89.18937834,-0.283089175,0.625809783,-0.342720608,Normal
50.92707391,22.59208894,-76.55836796,-0.109983667,0.585397184,-0.475413518,Normal
-476.9700502,11.49833618,-42.85071572,-0.285467124,0.591154193,-0.30568707,LG
428.9178148,-900.4089684,-42.64797049,-0.022752077,0.062580056,-0.039827978,LLG
-54.06428966,98.0442557,-47.43832136,-0.525089148,-0.006024666,0.531113815,Normal
-829.5094912,666.2718561,4.414531327,-0.007248778,0.208250728,-0.20100195,LLG
-446.355785,-435.9402077,884.3837821,-0.042325558,0.02294342,0.019382139,LLL
32.10508897,-788.2910012,758.7879569,-0.096983399,0.007533049,0.08945035,LL
878.630855,50.53199578,3.66772173,-0.044383052,-0.231155969,0.275539021,LG
-70.28369546,52.94908559,14.46183143,-0.047784922,-0.488163962,0.535948884,Normal
-8.647839794,85.87949757,-80.13468725,-0.606066142,0.419308735,0.186757406,Normal
236.1952267,-855.6814934,619.4840033,-0.030928998,-0.009589749,0.040518747,LLLG
297.0793488,573.2145848,-868.2482491,0.041917761,-0.01580436,-0.026113401,LLL
-35.56472474,-2.503840485,34.86378011,0.466701374,-0.540192079,0.073490705,Normal
-229.1677726,30.10521212,-48.7232928,-0.344287215,0.604769367,-0.260482152,LG
879.0831055,51.3040358,2.884773516,-0.050347266,-0.222329868,0.272677134,LG
-464.3153561,-405.6794591,-54.70590043,-0.042226034,0.355650165,-0.313424131,LLG
55.75531961,2.754031474,-60.24645165,0.142316737,0.449966488,-0.592283224,Normal
493.3673255,68.59905295,-40.61076746,-0.347071781,0.356777434,-0.009705653,LG
49.8517172,25.81098068,-78.82040154,-0.129221843,0.592603286,-0.463381443,Normal
-30.65558921,-7.765262487,35.33840626,0.494725906,-0.521088424,0.026362518,Normal
26.83227652,60.24397308,-90.10408508,-0.436166326,0.605874182,-0.169707856,Normal
-705.5634164,-70.43356044,28.26825788,0.27238301,-0.169791529,-0.10259148,LG
849.6428444,-273.2656419,25.52805458,0.027472953,-0.33893264,0.311459687,LLG
-570.7272067,-297.356863,870.1740674,-0.041345837,0.028726447,0.012619391,LLL
43.54284404,-719.0927477,678.0992673,0.028843449,0.018882456,-0.047725905,LL
874.3525857,-326.9020997,-547.4527494,0.024837002,-0.042082453,0.017245451,LLLG
53.91243514,-577.1665167,525.7679768,0.197773503,0.030612345,-0.228385848,LL
-116.5675287,-716.3976333,833.030878,-0.038254697,0.006746298,0.031508399,LLLG
-731.289335,91.26297956,642.2070444,0.013290723,0.024525824,-0.037816547,LLL
16.22233721,-765.8353449,751.9693403,-0.239121146,-0.003710985,0.24283213,LL
17.80757733,69.97563041,-90.92668076,-0.499248963,0.575909363,-0.0766604,Normal
-71.64158115,66.08472727,2.450916908,-0.161478005,-0.415297981,0.576775986,Normal
475.5439065,-899.5329937,-40.12091992,-0.020224325,0.039024161,-0.018799837,LLG
772.9856573,23.57400131,25.20347894,0.127334209,-0.453990337,0.326656128,LG
561.2241005,310.1088217,-871.3335426,0.041478387,-0.028190648,-0.013287738,LLLG
522.6038211,-877.8797578,357.3489316,-0.018688123,-0.023561757,0.04224988,LLL
-46.2197917,-279.8172891,328.4721212,-0.508016476,-0.038401366,0.546417841,LL
-70.57908978,53.22853751,14.00187957,-0.002225935,-0.50980214,0.512028075,Normal
-877.8725271,521.0844355,358.8112925,-0.01557578,0.041924092,-0.026348313,LLL
-69.42172306,487.2658634,-415.3612156,-0.281507257,-0.035206877,0.316714133,LL
168.6653879,-835.6911905,667.0235437,-0.033106261,-0.006324113,0.039430375,LLLG
47.12712528,-20.94214143,-29.36033768,0.385493095,0.215247666,-0.600740761,Normal
-695.5419204,-122.4984679,820.0540845,-0.038606271,0.034447523,0.004158748,LLL
102.8995308,-20.98115725,20.40467133,0.36253988,-0.574887785,0.212347905,LLLG
-441.7251535,14.77592611,-44.01040885,-0.297160429,0.596760026,-0.299599597,LG
-69.68142574,49.66765494,16.91320201,0.008335029,-0.515872032,0.507537003,Normal
-68.49231026,525.2046786,-454.3192808,-0.254363187,-0.033610263,0.28797345,LL
617.165317,-856.4298208,239.2622404,-0.013152352,-0.028267787,0.041420139,LLLG
-14.19415631,-19.35692438,30.47366714,0.564003078,-0.42956907,-0.134434008,Normal
-309.8963761,148.3448343,163.7410598,0.274675911,-0.05112897,-0.223546941,LLL
-28.48760624,-7.459553278,32.61933947,0.508702914,-0.50604056,-0.002662354,Normal
42.39434756,-105.0389984,65.49402932,0.518491108,-0.008071142,-0.510419967,LL
-689.5979116,228.2419148,461.841789,0.032281333,0.018800902,-0.051082234,LLLG
-185.6837782,35.44603129,-49.14344923,-0.357159875,0.599980842,-0.242820967,LG
-821.9663059,691.0262525,132.9665624,-0.004629238,0.038796472,-0.034167234,LLL
-586.6277717,865.28987,-278.664362,0.014980307,0.02684111,-0.041821417,LLLG
-309.9325215,158.4695851,152.1669529,0.267487885,-0.050646858,-0.216841028,LLLG
-64.2990141,86.46591587,-25.281507,-0.404837368,-0.185176258,0.590013626,Normal
-44.71902212,95.98156837,-54.38614409,-0.572061382,0.096107559,0.475953823,Normal
61.05748795,51.13404669,-49.65484626,-0.381365534,0.552553809,-0.171188275,LG
28.29227022,-31.00853632,-0.34786735,0.545935409,-0.057686526,-0.488248883,Normal
-64.62289084,87.74683797,-26.3606128,-0.405352441,-0.184418788,0.589771229,Normal
13.38283239,77.12023593,-93.77248481,-0.522636654,0.562122781,-0.039486128,Normal
385.9837095,-887.3279038,-44.44609961,-0.024931667,0.080369683,-0.055438016,LLG
-607.0469401,859.2143818,-252.1694969,0.013733258,0.027854645,-0.041587903,LLLG
289.8349649,-33.04162429,43.38089534,0.339543965,-0.607178133,0.267634168,LLG
-5.381867124,-676.7565826,684.5367043,-0.376615235,-0.017782255,0.394397491,LL
-794.8154858,731.4007663,63.41245583,-0.001318955,0.037353467,-0.036034512,LLLG
54.4905913,-7.421286527,-48.15849597,0.257327951,0.354092834,-0.611420785,Normal
142.0062936,-825.5018789,685.4961652,-0.033913597,-0.005020627,0.038934224,LLL
877.1127186,54.26905476,-0.246896049,-0.074135286,-0.186499128,0.260634414,LG
-22.08961489,-11.03600796,29.67124698,0.538625045,-0.469196056,-0.069428988,Normal
-816.8012926,699.6002146,119.2277817,-0.00396734,0.038523725,-0.034556385,LLL
494.0931239,387.1339082,-881.2292958,0.042067522,-0.025061415,-0.017006108,LLLG
-41.07266871,0.96560304,37.13744201,0.424249502,-0.563634773,0.139385271,Normal
868.3543424,-389.8709505,17.96936866,0.022657307,-0.312440703,0.289783396,LLG
48.58603014,-21.06426578,-27.02587316,0.424837634,0.162779441,-0.587617075,Normal
622.4960472,-862.6194443,242.2757676,-0.012763821,-0.028635195,0.041399016,LLL
-34.04038607,94.70881883,-63.67770253,-0.605542989,0.206663099,0.39887989,Normal
-633.7689158,420.2460895,214.5771366,-0.244709028,0.082066419,0.162642609,LLLG
-30.19317819,780.47255,55.70128263,0.036818341,-0.22462847,0.187810129,LLG
-15.22302811,90.9569635,-78.86715393,-0.615744651,0.376232084,0.239512567,Normal
-373.3506451,-507.0675464,880.4159279,-0.042336793,0.019504709,0.022832084,LLLG
852.1612301,39.43314232,13.69269494,0.033569701,-0.339932487,0.306362786,LG
33.38819223,-767.7162396,736.7394709,-0.089566477,0.009508997,0.080057481,LL
71.33643208,-799.9938243,-54.9175667,-0.035786906,0.21014553,-0.174358624,LLG
487.744424,-882.1658455,394.4191581,-0.020465683,-0.021863488,0.042329171,LLLG
-553.5081162,-69.98393142,37.61542553,0.330697733,-0.309105344,-0.021592389,LG
50.56650255,-12.51274036,-41.47941436,0.308177622,0.304109814,-0.612287436,Normal
-33.53765567,782.1767949,-746.112258,0.196413644,0.000420436,-0.19683408,LL
-525.1123083,320.6317531,206.6707106,-0.046540811,0.026269169,0.020271642,LLL
-70.41895044,53.19496972,14.23890587,-0.038753583,-0.492640057,0.53139364,Normal
112.1623742,-817.4716195,-54.01015547,-0.034679541,0.195193948,-0.160514407,LLG
863.6990167,-595.2467086,-266.388457,0.011119075,-0.040929258,0.029810183,LLL
611.831049,-604.1025603,-5.610429527,0.024302655,-0.441499573,0.417196918,LLL
-70.67752758,76.16283169,-8.716375667,-0.260800298,-0.335457784,0.596258081,Normal
32.783022,-26.10802837,-10.11100025,0.515302388,0.011041515,-0.526343903,Normal
-595.1981377,-70.5144911,35.47955583,0.317944745,-0.27577263,-0.042172116,LG
-854.9976364,234.3543594,620.6410582,-0.028502995,0.041434404,-0.012931409,LLLG
471.5244549,412.6441921,-882.1202083,0.042201257,-0.023992543,-0.018208714,LLL
447.4266355,435.7821031,-883.2096891,0.042309414,-0.022894063,-0.01941535,LLLG
-882.7083767,427.4978829,457.2321399,-0.020390583,0.042374011,-0.021983428,LLL
55.79122695,-497.7933658,444.6337467,0.260894916,0.034433362,-0.295328278,LL
-836.6796041,-64.33908903,13.41333121,0.170598167,0.027766215,-0.198364382,LG
2.987809611,-766.9411412,-56.15813377,-0.037454654,0.234011973,-0.196557319,LLG
-203.1965471,-643.3100949,846.5043875,-0.041060778,0.011471494,0.029589284,LLLG
-779.436441,-24.61942241,-24.5234702,-0.121643572,0.447631342,-0.325987771,LG
865.8822473,-585.6860379,-280.1984724,0.011752253,-0.041078611,0.029326358,LLLG
373.4155533,506.5956505,-880.0134676,0.042282352,-0.019416027,-0.022866325,LLLG
738.6226868,18.26583036,28.50905646,0.155289854,-0.484075133,0.328785278,LG
52.50716041,-14.45741143,-41.10153942,0.285238198,0.326716806,-0.611955004,Normal
172.1651769,-36.40425918,49.27569982,0.359282118,-0.598577822,0.239295704,LG
-40.55343116,-358.4795866,401.4729631,-0.502264898,-0.036203628,0.538468526,LL
868.0600311,-287.1058324,-578.8954979,0.026431915,-0.041843946,0.01541203,LLL
-25.6387379,93.2111156,-70.58425137,-0.617282833,0.285965899,0.331316935,Normal
55.67354754,-516.4868037,463.3445521,0.24738589,0.03364143,-0.28102732,LL
-71.98807829,66.50841078,2.252320002,-0.152744429,-0.421122918,0.573867347,Normal
459.9042212,-892.952844,435.2040982,-0.021444344,-0.02070218,0.042146524,LLL
-881.3185838,486.8748759,396.4663256,-0.017414255,0.042170849,-0.024756593,LLL
27.74275505,-775.8038158,750.452753,-0.143651289,0.004922146,0.138729143,LL
195.8259177,-844.3135567,648.48538,-0.032259072,-0.007636239,0.039895311,LLLG
723.8704925,34.59022121,41.20147078,0.057548299,-0.390981422,0.333433124,LLG
-26.87026204,98.45329298,-75.00095999,-0.619395971,0.289072798,0.330323174,Normal
36.15535345,-758.7278762,725.0904806,-0.058285719,0.012081926,0.046203793,LL
608.4676253,-864.9071139,-30.86061064,-0.013129996,-0.037239469,0.050369465,LLG
779.4446944,-29.49371512,-749.9532428,0.034981848,-0.03810529,0.003123442,LLLG
51.9567556,19.65614299,-74.65298007,-0.081706212,0.574650383,-0.492944171,Normal
-11.80373898,708.2741902,-693.8003549,0.347315298,0.015358858,-0.362674157,LL
379.7327495,-880.2333229,502.4976956,-0.025481506,-0.016552428,0.042033933,LLL
47.44486982,-22.19881297,-28.30166241,0.385998416,0.214504536,-0.600502953,Normal
-870.7112032,427.0641555,-15.36243056,-0.020956303,0.302205616,-0.281249312,LLG
73.16565238,-798.3158451,727.2301719,-0.035801841,-0.001705735,0.037507576,LLL
-86.22728748,804.4416997,-718.2166759,0.035394443,0.002443836,-0.037838279,LLLG
751.7726568,26.01406691,-777.7889873,0.036409622,-0.036874709,0.000465087,LLLG
-458.9693492,-424.5892609,883.5563611,-0.042295696,0.023515104,0.018780592,LLLG
-24.5996325,-752.8267649,777.4241405,-0.038079857,0.002963602,0.035116256,LLLG
79.20265018,720.7442775,57.18721696,0.039156683,-0.260734724,0.221578041,LLG
-64.78020344,94.97443978,-27.75689809,-0.460888577,-0.042408803,0.50329738,LL
170.3312509,56.86634153,-48.60735516,-0.382429774,0.517034554,-0.134604779,LG
-71.61257561,71.50246635,-3.119099742,-0.207633336,-0.380066086,0.587699422,Normal
-516.7941289,-362.470124,879.2619893,-0.041953995,0.026209192,0.015744802,LLLG
49.7043189,-38.3129504,-8.687816724,0.466222259,0.042359197,-0.508581456,LL
-158.642507,37.3532588,-49.39647334,-0.361305547,0.597027285,-0.235721738,LG
-151.2918124,-9.677451563,85.80016226,0.400749853,-0.132934945,-0.267814907,LG
-212.5396236,33.50390726,-48.84184728,-0.352661644,0.602342283,-0.249680639,LG
-62.73536321,666.6150366,-601.3513522,-0.122230763,-0.025117229,0.147347992,LL
661.4331798,178.2273721,-837.6085668,0.039586933,-0.032770984,-0.006815949,LLL
-725.2337422,-33.3245196,-12.64407157,-0.037629334,0.363182755,-0.325553422,LG
-769.0151921,761.0635144,7.949414064,0.001341835,0.036020968,-0.037362803,LLLG
-202.932701,32.47400013,-48.7192782,-0.349048963,0.603300268,-0.254251305,LG
52.60969991,-253.2911844,203.4752716,0.438204089,0.044019704,-0.482223793,LL
-16.12412299,773.904553,-755.6592714,0.037128047,-0.000907146,-0.036220901,LLL
73.13835763,-798.3402546,727.2034383,-0.035801954,-0.001705646,0.0375076,LLL
-542.4058116,-316.3187026,-52.33414504,-0.04160181,0.367074759,-0.325472949,LLG
-475.8350245,-393.1932319,-54.40701572,-0.042167712,0.357548855,-0.315381143,LLG
-8.949725806,87.07345437,-81.14052688,-0.606546245,0.420014778,0.186531467,Normal
-10.101778,-644.9053877,657.3004064,-0.402038682,-0.020742831,0.422781513,LL
700.7726878,-816.39438,117.6130649,-0.007340035,-0.03243895,0.039778986,LLL
54.20981135,9.883767349,-67.38071315,0.040758098,0.515693068,-0.556451166,Normal
-877.1155461,-54.26874932,0.246971466,0.074141095,0.186499246,-0.260640341,LG
-517.016095,-373.5646029,892.7523918,-0.034427447,0.02405621,0.010371238,LLL
-18.70089773,741.0884129,-719.7303577,0.305341684,0.010933244,-0.316274928,LL
632.2731226,-858.9448159,228.823857,-0.012099696,-0.029129688,0.041229384,LLL
-361.219609,884.6974369,45.58399582,0.025985236,-0.091874144,0.065888908,LLG
-144.0198569,-699.2612395,843.3495868,-0.039949892,0.008352893,0.031597,LLLG
868.4484977,-289.461075,-578.9852793,0.026533042,-0.041914135,0.015381092,LLLG
13.51147175,72.64631029,-89.18125593,-0.525637742,0.554625206,-0.028987464,Normal
-60.46119065,28.17410615,29.07211952,0.220511429,-0.581078847,0.360567418,Normal
-721.6208931,-70.17610883,26.96154375,0.263802336,-0.151437976,-0.11236436,LG
47.94093672,-22.04821642,-25.14781433,0.437917171,0.144201946,-0.582119116,Normal
18.12213322,68.7315688,-89.87862906,-0.498748712,0.57517369,-0.076424979,Normal
-47.31271953,-50.35886988,49.73063983,0.380813374,-0.556390942,0.175577568,LG
-717.1246947,-56.49276894,775.794801,-0.029405213,0.032951279,-0.003546066,LLL
692.245205,-821.5573461,131.3817521,-0.007994369,-0.03200776,0.040002129,LLL
50.473326,-18.29210629,-35.23477038,0.333549911,0.276243602,-0.609793513,Normal
-434.171074,889.685019,42.03887659,0.022729076,-0.057106318,0.034377242,LLG
642.4277653,182.2398575,47.85795868,0.039832824,-0.375671846,0.335839022,LLG
169.3602635,-834.9242798,667.6425967,-0.033098952,-0.006339116,0.039438068,LLL
-75.8022885,-740.3563342,816.2199695,-0.03680063,0.004685917,0.032114713,LLLG
-51.89916945,98.75719284,-50.31411593,-0.539915928,0.022525027,0.5173909,Normal
-752.3916316,44.38570627,710.1851477,-0.031470532,0.035459836,-0.003989304,LLL
434.2680124,-889.8454703,-42.0399186,-0.022732345,0.057112809,-0.034380464,LLG
736.9470224,69.84928128,-25.6285629,-0.254956227,0.132935069,0.122021158,LG
55.01934044,2.339827196,-60.52446704,0.10716124,0.473644209,-0.580805449,Normal
-43.38549495,5.229228904,34.9487078,0.409839229,-0.567157375,0.157318145,Normal
27.13526648,59.04565057,-89.09456745,-0.435684468,0.605165557,-0.16948109,Normal
373.6803981,506.2031205,-879.8846343,0.04230853,-0.019436851,-0.022871678,LLLG
42.51618751,-23.29383199,-22.52468843,0.438974467,0.142615203,-0.58158967,Normal
-379.0001346,880.5012276,-501.5033567,0.025434371,0.01662611,-0.042060481,LLLG
539.3310198,-884.6656595,347.4886656,-0.017615959,-0.024540847,0.042156806,LLL
156.9023271,-45.11221892,49.11514083,0.364580087,-0.601851165,0.237271078,LLG
-20.13093463,-12.34630284,29.0234527,0.5461183,-0.457790924,-0.088327375,Normal
42.27132836,-27.84283532,-17.37169344,0.452909096,0.12168446,-0.574593556,Normal
470.8396247,411.8873135,-882.7292019,0.042193949,-0.023977542,-0.018216406,LLLG
-657.620238,-87.18732268,-9.434907575,0.143773048,0.0277662,-0.171539248,LG
38.53612697,744.9882909,-783.5266816,0.038312989,-0.003538359,-0.03477463,LLLG
-154.273387,831.350691,-675.0380967,0.033470628,0.00573922,-0.039209848,LLL
41.39117998,-28.70326474,-9.196037153,0.536152444,-0.026076065,-0.510076379,Normal
252.4081582,-30.52924534,48.29903148,0.345268499,-0.604769235,0.259500735,LG
32.34450412,58.14719415,-93.58655175,-0.380635197,0.623176941,-0.242541744,Normal
362.402321,64.59139962,-45.04852325,-0.369444743,0.435665196,-0.066220453,LG
45.54726826,-25.18778904,-18.7851128,0.480455113,0.07836777,-0.558822883,Normal
697.2537429,70.53613479,-28.91155737,-0.276567966,0.178906682,0.097661284,LG
-760.488536,159.5247476,603.1455237,-0.029028223,0.037630852,-0.008602628,LLL
429.7358126,-15.86164049,44.37503971,0.300917909,-0.598334643,0.297416734,LG
-44.02574068,787.1099731,-741.0434569,0.036456307,0.000434193,-0.036890499,LLL
-576.131384,-42.94978701,28.47320904,0.177477587,0.075170404,-0.252647991,LG
72.46916002,-799.0814971,726.6100737,-0.035809262,-0.001690646,0.037499908,LLLG
-67.95636106,77.42756153,-12.35227333,-0.318537486,-0.281641318,0.600178804,Normal
7.805956878,77.00914351,-87.8368314,-0.55371748,0.52561873,0.028098749,Normal
645.7528217,6.23562581,35.13262997,0.213120118,-0.539522282,0.326402163,LG
-429.0723329,-442.5405535,-55.5215291,-0.04233752,0.34942895,-0.307091431,LLG
380.903886,489.6544714,56.41406463,0.042357391,-0.339936847,0.297579456,LLG
22.32247711,-24.4050918,15.39436314,0.59534034,-0.252885241,-0.342455099,Normal
-67.30358278,569.2291954,-499.522564,-0.219197249,-0.031486028,0.250683277,LL
-13.53289862,718.4425804,-702.3397833,0.335867452,0.014117435,-0.349984888,LL
663.6168986,8.445452174,33.99884562,0.203006047,-0.53059385,0.327587803,LG
-59.82990441,25.67738374,31.17546754,0.221515389,-0.582555278,0.361039888,Normal
689.9487798,11.74689204,32.23862046,0.187495629,-0.516222271,0.328726642,LG
-811.1446488,701.9962696,8.0234207,-0.004614189,0.188141656,-0.183527467,LLG
801.5351487,-723.2383813,-76.23013764,0.001936654,-0.037590113,0.035653459,LLL
-696.2151696,-123.2437632,819.4566693,-0.038613579,0.034462523,0.004151056,LLLG
33.02200801,-30.22123403,-5.863141093,0.52143318,-0.000794092,-0.520639087,Normal
338.7795325,-365.6514488,29.01308749,0.03675161,-0.534622098,0.497870489,LLL
292.3529337,568.6365325,57.44671708,0.04193281,-0.320093109,0.278160298,LLG
-791.3945377,57.49216426,735.918587,-0.034262906,0.038738081,-0.004475176,LLL
-44.39147522,-300.071446,346.8011779,-0.506962429,-0.03760387,0.544566299,LL
46.06945978,37.64256932,-86.52125877,-0.204424126,0.615157303,-0.410733177,Normal
53.68008488,13.62288234,-70.22980785,-0.033784452,0.553298126,-0.519513674,Normal
-2.822014705,766.661911,56.15628125,0.037458966,-0.234010411,0.196551444,LLG
554.9399261,-3.764144023,39.7792855,0.255770517,-0.572996568,0.31722605,LG
873.3499036,47.32321149,6.79064681,-0.020487226,-0.265868218,0.286355445,LG
855.931744,-628.4619483,-225.3244465,0.009374061,-0.040540042,0.03116598,LLL
859.6625672,-311.2040943,6.515960277,0.025901752,-0.326349838,0.300448086,LLLG
-660.5592825,-154.8475194,-46.81724919,-0.039371094,0.376296828,-0.336925734,LLG
-731.3759616,267.561855,464.3406084,-0.029421127,0.03448748,-0.005066353,LLLG
-664.132339,836.943558,-170.780421,0.009905223,0.03072578,-0.040631002,LLL
-881.980165,486.1048996,395.8730724,-0.017420113,0.042184701,-0.024764588,LLLG
15.81780738,497.3264203,-510.5331803,0.468688682,0.030712023,-0.499400705,LL
-856.5401925,615.709729,240.8282924,-0.009875218,0.040642425,-0.030767207,LLLG
-112.833695,38.85404345,-49.97033935,-0.364513461,0.593484504,-0.228971043,LG
-68.25976295,44.55966253,20.71760633,0.046813039,-0.533394729,0.48658169,Normal
-66.89905619,167.6975939,-98.35635235,-0.438689742,-0.042041637,0.480731379,LL
5.628484543,-28.25828103,19.5582923,0.592943255,-0.281809775,-0.311133479,Normal
-30.99908164,96.7220918,-68.97401588,-0.61325568,0.243960934,0.369294745,Normal
55.7399721,1.922224659,-59.3484994,0.15146133,0.44317675,-0.594638081,Normal
-31.65360753,-3.81131417,32.00764686,0.493135935,-0.518750223,0.025614288,Normal
3.280534468,82.22987836,-88.77237198,-0.570802042,0.505262143,0.065539898,Normal
-581.9405041,-285.0247441,866.9630034,-0.041202323,0.029227205,0.011975118,LLLG
135.3446005,688.1373857,-823.4834833,0.040073823,-0.008161538,-0.031912285,LLLG
-520.7251424,-342.2841917,-53.0776229,-0.041832126,0.364258116,-0.32242599,LLG
50.28261467,25.14090568,-78.70560423,-0.111008575,0.586904421,-0.475895847,Normal
10.02837585,74.40153293,-87.33824387,-0.544398643,0.535093654,0.009304989,Normal
-781.6233987,747.3506811,36.30059021,1.88e-05,0.036690307,-0.036709074,LLL
717.9430195,-815.9509998,-21.16510918,-0.00494429,-0.107046032,0.111990322,LLG
-719.6744489,-62.48158713,0.768475329,0.087876048,0.131418075,-0.219294123,LG
606.5944641,1.79367117,37.28909215,0.232641255,-0.555773594,0.323132339,LG
-256.7882971,-603.9936034,860.7796468,-0.041638822,0.014009787,0.027629035,LLLG
31.4837783,308.8506728,-337.7141486,0.499936838,0.037635022,-0.53757186,LL
-378.928479,880.3950553,-501.4685134,0.025441487,0.016620475,-0.042061962,LLLG
20.91220869,-32.35079136,8.487451726,0.573819693,-0.142309896,-0.431509797,Normal
871.0126972,-302.5838531,-568.4266008,0.026008938,-0.042010026,0.016001088,LLLG
-664.8112889,836.1925607,-171.3835354,0.009897915,0.03074078,-0.040638695,LLLG
810.4713293,-99.83858605,-710.631787,0.033077955,-0.03949163,0.006413675,LLLG
-796.8184101,-67.53242285,19.33484948,0.212194726,-0.04831443,-0.163880296,LG
612.6815697,244.8298846,-857.5137179,0.040635007,-0.03055242,-0.010082587,LLLG
-520.7375029,-69.40355579,39.12138824,0.339411106,-0.333311364,-0.006099742,LG
386.9296664,495.5412021,-880.3435857,0.042341971,-0.020041165,-0.022300806,LLL
-66.25126231,143.5908058,-74.89912352,-0.446530019,-0.042203365,0.488733383,LL
12.3447931,-30.00177439,14.58754269,0.589029992,-0.22229269,-0.366737303,Normal
-68.8173518,46.29534831,19.65115699,0.018813178,-0.521695877,0.502882699,Normal
336.1768072,-881.3097734,-46.67688853,-0.027032543,0.103309345,-0.076276802,LLG
878.617367,-351.7678026,-524.7898741,0.023755015,-0.042214523,0.018459508,LLL
-323.4706231,879.2017093,47.20612739,0.027531771,-0.108973393,0.081441622,LLG
206.111678,-859.8048142,653.7304694,-0.031635406,-0.008361283,0.039996688,LLLG
-354.0180322,-64.69225967,44.94742607,0.36983186,-0.435665157,0.065833297,LG
-880.5617451,377.3174636,503.2420755,-0.022688205,0.042362648,-0.019674443,LLLG
-452.6758285,-418.0754668,-54.99144386,-0.042273332,0.353663316,-0.311389984,LLG
330.9206027,535.3643311,57.08706049,0.042190933,-0.329094921,0.286903989,LLG
-37.49494103,-387.935216,427.6803393,-0.497806692,-0.034868181,0.532674873,LL
-64.44663865,84.69492159,-23.24514285,-0.397030762,-0.194840531,0.591871294,Normal
317.59553,-25.42410875,47.15717363,0.331243349,-0.605829118,0.274585769,LG
842.2907657,36.62035309,15.9396651,0.051537104,-0.363182728,0.311645624,LG
-58.96642166,91.10090686,-35.25208509,-0.472346506,-0.093416085,0.565762591,Normal
15.56708471,497.4602599,-510.319949,0.468554099,0.03070885,-0.499262949,LL
817.5439899,-699.3227885,-118.2234641,0.003920226,-0.038450057,0.034529831,LLLG
-231.4769351,-635.9008603,-57.60071908,-0.039709841,0.309117267,-0.269407425,LLG
5.728026761,82.93978845,-91.9799418,-0.560062339,0.523456246,0.036606093,Normal
197.2954514,58.16247025,-48.2248358,-0.381752059,0.506855909,-0.12510385,LG
40.35510306,-23.07392412,-20.71364041,0.456881433,0.115331937,-0.57221337,Normal
-2.932164842,-26.16330492,26.13723989,0.587713987,-0.353615617,-0.23409837,Normal
530.890738,22.09745804,31.89932807,0.232102362,-0.53806559,0.305963229,LLG
-16.17610697,-18.16966334,31.2677652,0.557906167,-0.442134912,-0.115771255,Normal
54.18248652,-3.825636882,-53.64904245,0.189091718,0.413361298,-0.602453016,Normal
549.5541724,-883.3826164,333.8473431,-0.016952263,-0.025074625,0.042026888,LLLG
-3.960641185,87.81034646,-87.23721039,-0.594132786,0.463258687,0.130874098,Normal
-27.56868972,-498.1492931,527.9809089,-0.472720424,-0.030218677,0.502939101,LL
-68.06234803,543.2154588,-472.7561038,-0.240470453,-0.032784741,0.273255194,LL
9.085059609,78.13232786,-90.48122806,-0.545898837,0.53729985,0.008598987,Normal
50.65303554,27.71557715,-80.9749909,-0.112067393,0.588537474,-0.476470082,Normal
-48.74761082,-231.2404301,282.2289415,-0.508388893,-0.039268278,0.547657171,LL
517.1945764,-888.0613385,373.0212021,-0.018803679,-0.02344849,0.042252169,LLL
27.27316154,-26.68157019,10.76519994,0.593951805,-0.21857356,-0.375378245,Normal
-53.38346967,19.0876518,30.83162252,0.320020185,-0.583237729,0.263217544,Normal
33.52071731,49.57114831,-49.79473699,-0.380156976,0.560090965,-0.17993399,LG
17.66994726,478.0670567,-493.1243068,0.474084631,0.031613541,-0.505698173,LL
867.6856468,-521.6030372,8.259860122,0.016167867,-0.271658952,0.255491085,LLG
653.2608111,70.78806557,-32.01633699,-0.296474557,0.2237753,0.072699256,LG
-54.2970694,744.8692865,-688.0091176,-0.004352556,-0.01645236,0.020804915,LL
744.347875,69.66005517,-24.95233407,-0.250440818,0.123633217,0.126807602,LG
-291.7524875,27.48663962,-47.64958112,-0.337098527,0.605853613,-0.268755086,LG
-173.7515028,-659.4705763,-57.75032937,-0.040688497,0.28897119,-0.248282692,LLG
35.92212088,-29.37026006,0.728406817,0.575762907,-0.128957432,-0.446805475,Normal
-175.4179395,-661.2809389,838.703885,-0.040703722,0.010169935,0.030533788,LLL
-30.58346507,-10.58381157,37.19803831,0.5274725,-0.419948173,-0.107524327,Normal
-67.05330308,42.85010601,20.73393121,0.110541682,-0.554439042,0.44389736,Normal
17.82110651,-769.308015,753.9434839,-0.22510969,-0.002383999,0.227493689,LL
-322.3304843,-551.5130116,873.8412324,-0.042130453,0.017104165,0.025026288,LLLG
-62.22698244,85.58169991,-26.23966925,-0.425210479,-0.159506881,0.584717359,Normal
-19.45377766,-15.02947791,31.28370205,0.547197264,-0.45937764,-0.087819623,Normal
56.03368626,-401.6095099,348.3421293,0.375573078,0.029370051,-0.404943129,LL
-722.2200288,5.226547718,719.172284,0.00070828,0.026723779,-0.02743206,LLL
-133.3414053,-686.886596,-57.59509587,-0.040088457,0.277278312,-0.237189855,LLG
53.93245204,11.72529967,-68.94425442,0.021779037,0.526408393,-0.54818743,Normal
696.9663774,123.5301527,-818.443756,0.038566448,-0.034388843,-0.004177605,LLL
41.34697876,-26.99767127,-17.40814497,0.458459219,0.113011637,-0.571470856,Normal
-398.7361172,14.97527412,-45.26163957,-0.3002492,0.598334783,-0.298085583,LG
16.0006687,-26.85234268,7.409284916,0.580194495,-0.175625118,-0.404569377,Normal
51.21533092,-11.21107281,-43.42925983,0.291911503,0.320797667,-0.612709171,Normal
860.1836556,-248.910808,-609.1340857,0.028063969,-0.041578494,0.013514525,LLL
664.8761761,-836.6644181,171.7859787,-0.009952357,-0.030652098,0.040604455,LLLG
200.522931,640.3155339,57.78256476,0.041028872,-0.296400949,0.255372077,LLG
54.86229263,-331.2058129,279.1223269,0.406614657,0.03853617,-0.445150828,LL
-271.9568043,868.7007737,49.20401205,0.029506879,-0.131395254,0.101888375,LLG
-66.29447281,40.47950143,22.47047956,0.120392647,-0.558136034,0.437743387,Normal
796.7984953,-728.0464612,-52.91080116,0.001929324,-0.057638959,0.055709635,LLLG
-20.43552794,-573.9776206,596.8809546,-0.445689058,-0.026705979,0.472395037,LL
-68.26164171,44.3548859,21.03646105,0.037807722,-0.530095308,0.492287587,Normal
-69.4780862,49.00936822,17.2472581,0.026834713,-0.523785114,0.496950401,Normal
-88.5518739,-52.64654509,49.46566202,0.382202848,-0.544471277,0.162268429,LG
131.4254778,-39.22374618,49.60040879,0.365099731,-0.593484453,0.228384722,LG
571.8885172,297.066202,-868.9553023,0.041338241,-0.028684098,-0.012654143,LLLG
-621.8690365,-231.1926137,855.0737989,-0.040490932,0.031082357,0.009408575,LLL
243.7539141,613.2666142,-857.0218748,0.041476332,-0.013308004,-0.028168328,LLLG
-90.41138834,41.95609501,-49.8152663,-0.370101569,0.587073495,-0.216971925,LG
252.4081801,-30.52924044,48.29903133,0.345268505,-0.604769228,0.259500723,LG
620.3203141,-610.064573,-8.140234844,0.023755007,-0.434687995,0.410932988,LLL
-772.0721571,15.89302551,758.1947638,-0.035399105,0.03788526,-0.002486156,LLL
-758.234563,-11.86441476,772.1142227,-0.03611308,0.037269894,-0.001156814,LLL
47.06273104,31.49773879,-81.5970474,-0.193273204,0.610009143,-0.416735939,Normal
-192.0491306,-665.0398428,-57.68290277,-0.037483174,0.297871441,-0.260388267,LLG
-403.8153431,882.1899881,-478.3765965,0.024365393,0.017836763,-0.042202156,LLLG
253.5647609,599.9048686,57.67350331,0.041628703,-0.310411285,0.268782582,LLG
675.8942878,76.86350076,17.78893202,0.087292093,-0.40744342,0.320151327,LLLG
39.72452,-23.42426567,-19.73303885,0.462801843,0.105920333,-0.568722176,Normal
-50.96910363,-11.57937809,37.2917272,0.480467838,-0.463836931,-0.016630908,Normal
773.4866067,-16.61919926,-756.8668565,0.035420601,-0.037865057,0.002444456,LLLG
-487.679535,881.6939838,-394.0167125,0.02041124,0.02195217,-0.04236341,LLLG
833.1191427,-672.3295673,-158.7241369,0.00590965,-0.039254536,0.033344886,LLL
-798.1206773,70.58878527,727.5296285,-0.033874456,0.039018344,-0.005143889,LLLG
-69.26700424,308.743108,-237.1178678,-0.38282906,-0.04013927,0.42296833,LL
-62.93909751,660.2084012,-594.8404308,-0.12980347,-0.025622883,0.155426353,LL
55.58152621,1.631007735,-60.14303349,0.08944063,0.48456765,-0.574008279,Normal
-71.05530428,62.81930654,5.36018079,-0.151260998,-0.423304461,0.574565459,Normal
-18.4702923,-15.66645224,30.93749849,0.550736722,-0.453496841,-0.097239881,Normal
-689.3017429,200.4011367,491.0844364,0.039835182,0.019369886,-0.059205068,LLL
-39.35692184,-0.77722738,37.16509629,0.437227069,-0.558064702,0.120837633,Normal
-41.52607989,5.269659136,32.79608968,0.428710258,-0.557858378,0.129148119,Normal
-765.4282493,-68.98889154,22.88772511,0.236534821,-0.095553764,-0.140981057,LG
25.803415,-31.19213009,2.323698086,0.556338196,-0.085908785,-0.470429411,Normal
-69.83615323,50.35663726,16.49530162,-0.010204935,-0.507402709,0.517607643,Normal
374.0998588,507.3520043,-879.4049987,0.04228966,-0.019431028,-0.022858632,LLL
209.3344809,-848.3114977,638.9747534,-0.031823582,-0.008289473,0.040113055,LLLG
-68.31567657,542.8964161,-472.0863897,-0.240588298,-0.032824229,0.273412527,LL
869.8887543,58.30574687,-4.944550724,-0.10914396,-0.131417934,0.240561895,LG
265.5831416,-29.52228515,48.09428328,0.342631179,-0.605280043,0.262648864,LG
-145.0595406,38.29324201,-49.50464678,-0.363244812,0.595329372,-0.232084561,LG
646.2681709,-845.1975365,198.9271036,-0.011240777,-0.029720312,0.040961089,LLLG
-1.668598219,-707.3694311,711.5433223,-0.354288919,-0.016045095,0.370334014,LL
857.7890927,-312.8574221,23.05782066,0.025924117,-0.330829991,0.304905874,LLG
-30.15928327,780.6911638,-748.4909088,0.036789939,-0.000231107,-0.036558832,LLL
-297.9003753,874.4524527,48.22953383,0.028529035,-0.120240792,0.091711758,LLG
47.75063733,-23.40811973,-27.28289083,0.386484692,0.213789416,-0.600274108,Normal
55.27325721,-348.4030968,295.9026982,0.396137954,0.040157183,-0.436295137,LL
297.938962,-874.5098145,-48.22951667,-0.028538764,0.120251525,-0.091712761,LLG
-4.388482097,-682.6626997,689.4515885,-0.371222487,-0.017176367,0.388398854,LL
52.09020371,23.79536595,-78.40100462,-0.074335272,0.573935186,-0.499599914,Normal
872.9290461,-313.2060173,-557.6639323,0.025379823,-0.04202332,0.016643497,LLL
-48.99299854,-231.0708064,282.3990035,-0.508522157,-0.039268294,0.547790451,LL
-30.98826836,93.15718314,-65.06553462,-0.610308003,0.232889592,0.377418411,Normal
-34.33880145,-4.589413246,35.8445841,0.472956843,-0.537243994,0.064287151,Normal
-66.33528023,601.709354,-532.8654111,-0.19021723,-0.029679484,0.219896714,LL
-72.4709749,72.57919961,-3.580358676,-0.190593466,-0.392563846,0.583157313,Normal
-653.2800143,-70.78818598,32.01599573,0.296479653,-0.223775202,-0.072704451,LG
662.3905763,70.77257866,-31.4105799,-0.292635707,0.214903204,0.077732503,LG
-45.37302317,778.1256482,-730.258069,0.090424697,-0.008828303,-0.081596394,LL
-821.9165238,691.017682,133.004767,-0.004626911,0.038794606,-0.034167695,LLL
-704.0009928,-108.7397011,814.7545836,-0.038327185,0.034831002,0.003496183,LLL
-729.3835408,-70.02139374,26.29812708,0.259413819,-0.142204028,-0.117209791,LG
33.0595356,286.1192622,-316.5582648,0.500956081,0.038227724,-0.539183805,LL
-35.8425568,94.87122263,-62.03735726,-0.601314865,0.18847352,0.412841345,Normal
7.568007428,-28.83207715,18.19315584,0.592571526,-0.265145025,-0.3274265,Normal
48.27912254,-1.544187559,-44.02846549,0.474426148,0.042268507,-0.516694656,LL
176.8290297,-855.35625,-52.5844093,-0.03206333,0.173912647,-0.141849317,LLG
-852.5301778,286.4771703,-24.71065432,-0.026973007,0.336325243,-0.309352236,LLG
-37.74065886,-387.7654458,427.8507118,-0.497940132,-0.034868203,0.532808335,LL
810.7430738,66.82028442,-17.89167755,-0.20195322,0.029318946,0.172634274,LG
-70.14303637,82.47104819,-15.79910939,-0.304540075,-0.294252846,0.59879292,Normal
-99.20358869,810.6804313,-709.3569068,0.035044332,0.003083383,-0.038127715,LLL
-784.4615651,158.4951749,626.3462424,-0.056653986,0.043556329,0.013097658,LLLG
440.518966,-883.814916,443.2936866,-0.022754701,-0.019544177,0.042298878,LLLG
-871.8575911,-46.49020126,-7.566777327,0.014487001,0.274387701,-0.288874703,LG
7.975224527,-47.13384803,49.91389228,0.37765297,-0.57035803,0.19270506,LG
-34.03023093,-5.809804924,36.87269445,0.473447576,-0.53796567,0.064518093,Normal
-808.7253929,-29.75111402,-21.03573074,-0.092795782,0.414211593,-0.32141581,LG
23.32850995,68.10075034,-94.62280523,-0.458241173,0.601276772,-0.143035599,Normal
-187.1417769,-650.000483,-57.77354236,-0.040868679,0.292727608,-0.251858929,LLG
657.750509,70.75723197,-32.04718102,-0.296267622,0.223775333,0.072492288,LG
-69.22704584,82.45309058,-16.58599934,-0.320558308,-0.278669484,0.599227792,Normal
-69.55215403,477.5622096,-405.5289506,-0.288096794,-0.035574173,0.323670967,LL
804.7964145,-86.00748954,-718.7880401,0.033488437,-0.039244267,0.005755829,LLLG
-55.14337756,96.1119452,-44.33757444,-0.514015601,-0.025846833,0.539862435,Normal
158.6233005,-37.35338185,49.39613285,0.361310626,-0.597027203,0.235716577,LG
-554.9549235,3.76417005,-39.77948791,-0.255765279,0.572996637,-0.317231358,LG
-813.2861749,-66.45759352,17.14488092,0.19695362,-0.019809085,-0.177144535,LG
-598.5588277,868.0343479,31.62414422,0.013751178,0.031360198,-0.045111376,LLG
310.7624213,-876.9926314,-47.72370104,-0.028043591,0.114631966,-0.086588375,LLG
290.2193447,-4.525055551,13.39047981,0.329756042,-0.58613549,0.256379448,LLLG
-747.6362714,781.299026,-33.66487296,0.003337516,0.034925681,-0.038263196,LLLG
145.2372976,-38.29133316,49.50632276,0.363258389,-0.595329244,0.232070855,LG
298.816042,-880.5354587,583.8775867,-0.028279509,-0.012854558,0.041134067,LLL
765.4414011,68.98945923,-22.88738313,-0.236528335,0.095553876,0.140974459,LG
48.94249299,-18.78763703,-33.32898937,0.356073276,0.250864627,-0.606937902,Normal
812.1773382,-707.7242046,-104.4553964,0.003257355,-0.038167813,0.034910458,LLLG
-44.83579901,779.6613079,-732.2316528,0.098077756,-0.008190756,-0.089887,LL
-745.0852479,75.19747075,672.0678363,-0.01352777,0.032489701,-0.018961931,LLL
477.3058979,-11.49618734,42.85263616,0.285487618,-0.591154073,0.305666455,LG
-66.2379206,38.45704096,24.91223947,0.094421006,-0.552018756,0.45759775,Normal
27.47136912,-31.08534901,0.549551952,0.549542074,-0.067115975,-0.482426099,Normal
55.52781826,-1.334533786,-55.70377094,0.187599267,0.414995093,-0.602594359,Normal
56.88659214,-419.0877211,364.7552971,0.312864259,0.037256138,-0.350120397,LL
-9.64317704,86.3550343,-79.61460776,-0.607884843,0.412126528,0.195758315,Normal
607.1571513,-859.7534301,252.5940171,-0.013783224,-0.027769517,0.041552742,LLLG
-758.2022203,-11.84714376,772.1435838,-0.036112481,0.037269415,-0.001156934,LLL
-664.3803612,841.2302193,26.12563341,0.009276156,0.072344015,-0.081620171,LLG
-33.32687015,-439.5172205,475.1939583,-0.488327668,-0.032875936,0.521203604,LL
446.0791165,-889.9272174,-41.41207603,-0.022168093,0.051259726,-0.029091633,LLG
-470.0736427,-411.5935915,883.7554249,-0.042240785,0.024050988,0.018189798,LLL
48.6883813,-15.55486592,-36.56079247,0.347415536,0.261205706,-0.608621242,Normal
570.9964602,-878.7795479,307.8010714,-0.015637816,-0.026152372,0.041790188,LLLG
55.11413012,-4.442908646,-51.95876473,0.222931192,0.385261346,-0.608192538,Normal
533.0451056,-877.0362005,343.9888315,-0.018096004,-0.024096338,0.042192342,LLLG
-5.135345742,-676.9265523,684.3654188,-0.376481373,-0.017782205,0.394263578,LL
883.4627596,-474.1904779,-407.2106111,0.017978883,-0.042173656,0.024194773,LLL
12.44233687,77.88447352,-93.60191852,-0.527766194,0.557744143,-0.029977949,Normal
864.0559319,-337.1984781,2.851156944,0.024836995,-0.319116712,0.294279717,LLLG
45.86937912,-699.2548549,655.94614,0.060423739,0.021226253,-0.081649992,LL
41.7830145,41.65891701,-86.59478346,-0.273463993,0.623563869,-0.350099877,Normal
32.8837449,-786.9246198,756.6458205,-0.089237547,0.008301792,0.080935755,LL
403.5409775,-13.49110458,36.89597999,0.302426507,-0.590250586,0.287824079,LLG
-763.3714712,300.4118277,463.5307261,-0.080892061,0.048388236,0.032503825,LLLG
-669.6007287,-43.30994638,17.08731404,0.111129762,0.14993248,-0.261062242,LG
-28.77980318,-9.294548345,34.99249851,0.504864066,-0.512206806,0.00734274,Normal
12.90895046,-770.2121172,759.8449113,-0.259681,-0.006677832,0.266358832,LL
-12.85869247,-17.9128456,27.44883112,0.568492976,-0.415034554,-0.153458422,Normal
-15.11855504,94.55539995,-82.82665921,-0.616282682,0.386259642,0.23002304,Normal
176.8365159,662.3068238,-837.0994238,0.040663896,-0.010111253,-0.030552643,LLL
-41.38983785,96.22006969,-57.95503064,-0.585661988,0.133703306,0.451958682,Normal
-570.931737,-304.7014371,877.8061207,-0.031148757,0.026174367,0.00497439,LLL
17.70196517,-773.0557804,757.3561261,-0.037154315,0.000955025,0.03619929,LLL
42.7538741,-21.52762013,-24.65742198,0.432051788,0.152723241,-0.584775029,Normal
126.9475134,-833.630013,708.8433676,-0.033219697,-0.004752764,0.037972461,LLL
879.3034838,-520.0465081,-357.1945125,0.015535966,-0.041865419,0.026329454,LLL
-6.60328651,88.09643568,-84.751975,-0.601230827,0.442457141,0.158773686,Normal
-65.4406469,81.81588944,-19.25825421,-0.374059427,-0.222023021,0.596082448,Normal
738.5026389,-679.6340875,-56.81391454,0.014290859,-0.283899857,0.269608997,LLL
465.0547322,-882.6616589,419.6809179,-0.021613484,-0.020729118,0.042342602,LLL
52.20732357,-616.2487296,566.5422921,0.160811884,0.028220144,-0.189032028,LL
-1.639748605,85.3206359,-86.94127941,-0.587785946,0.47526231,0.112523636,Normal
718.9477468,57.69178257,42.81815063,0.037408729,-0.375510898,0.338102169,LLG
-463.6804072,-68.09628748,41.4350869,0.352246119,-0.37198433,0.019738211,LG
-43.22873486,782.1711311,-736.3438542,0.113566248,-0.006880823,-0.106685424,LL
-867.0883409,377.2000099,-18.82974178,-0.02322627,0.315713619,-0.292487349,LLG
366.48211,-879.7530101,513.2686398,-0.026017256,-0.015923255,0.041940511,LLLG
22.25684645,65.83357063,-91.23540094,-0.469363968,0.59302787,-0.123663902,Normal
744.9993592,38.97424493,-783.9732946,0.036803489,-0.036591985,-0.000211504,LLLG
-37.61723812,94.9711793,-60.36205439,-0.596505853,0.170116377,0.426389475,Normal
435.0954925,448.2473039,-883.3450602,0.042305435,-0.022307625,-0.01999781,LLLG
233.5989846,-866.4878471,635.0480697,-0.030371564,-0.009771424,0.040142988,LLL
46.43958128,47.3301892,-91.15594703,0.483845898,0.042002954,-0.525848852,LL
632.378208,218.0438894,-850.4243611,0.040242607,-0.03145727,-0.008785337,LLLG
845.0147958,-244.896722,13.60020659,0.02844946,-0.341169518,0.312720058,LLLG
39.42849037,-767.3591345,730.561263,-0.018177999,0.013849854,0.004328145,LL
-51.40966874,-197.8276663,251.6694692,-0.50766857,-0.040151327,0.547819897,LL
873.5482495,-566.587525,-304.816612,0.013224463,-0.041541367,0.028316904,LLL
-726.5461319,-43.8028279,-42.20354508,-0.037101428,0.375039351,-0.337937923,LLG
-23.78572923,-534.6770747,560.7314943,-0.460080386,-0.028296542,0.488376928,LL
45.88436925,59.56947067,-102.8392929,0.485867841,0.041910336,-0.527778176,LL
-795.2657266,726.9786962,10.71008247,-0.002625739,0.172568141,-0.169942402,LLG
-563.5574116,-290.0294742,-51.53883696,-0.041331156,0.369529629,-0.328198473,LLG
-499.1922723,880.7373202,-381.5473116,0.019826022,0.022518839,-0.042344861,LLLG
-6.631510801,-677.7221913,686.8480957,-0.381793036,-0.018907705,0.400700741,LL
840.7529136,63.86787078,-12.65603288,-0.165189255,-0.03727004,0.202459295,LG
873.6453126,-449.2815716,-19.65057703,0.019757654,-0.275720309,0.255962655,LLLG
885.7160617,-452.7060124,-430.8679962,0.019316709,-0.042381022,0.023064313,LLL
876.9815044,-545.5745612,-331.4021512,0.014447686,-0.041769627,0.027321941,LLLG
-169.491157,-682.8030564,852.3659859,-0.03924715,0.009350457,0.029896693,LLLG
869.7402311,-498.6978711,10.0521456,0.01738949,-0.279714628,0.262325138,LLG
30.4314701,320.2516404,-347.966793,0.499105951,0.037322576,-0.536428527,LL
881.3273222,-377.0463327,-502.2209034,0.022642257,-0.042289903,0.019647645,LLL
-11.86306493,-18.46175367,27.00243095,0.571041557,-0.408368333,-0.162673224,Normal
47.58888445,34.65509445,-84.99579159,-0.177102793,0.60868189,-0.431579097,Normal
-738.8733704,362.2677737,377.2579817,-0.124181589,0.057655835,0.066525754,LLLG
55.57181556,-3.523879031,-54.98012634,0.145192657,0.446104983,-0.591297639,Normal
-689.3620577,-118.6589244,-39.69695143,0.139481802,0.018255517,-0.157737319,LG
857.1731515,-298.0645018,8.178174324,0.0264246,-0.329667841,0.303243241,LLLG
-167.7872999,835.8420657,-665.9358484,0.033069583,0.006389402,-0.039458984,LLL
-138.8766927,37.07221727,-49.67752531,-0.360584336,0.597027254,-0.236442918,LG
-17.84209109,-18.15097446,33.03056813,0.551735776,-0.454966057,-0.096769719,Normal
-38.35547644,-377.2842,417.8889337,-0.499364995,-0.035241197,0.534606192,LL
604.204114,236.5728404,49.79666955,0.040657364,-0.373332069,0.332674704,LLG
-53.75009255,18.67937167,31.73329262,0.312595494,-0.584558101,0.271962607,Normal
39.21197222,-29.4173905,-4.771413917,0.556376015,-0.073221215,-0.4831548,Normal
-48.37924617,-11.12610029,37.63246858,0.487673188,-0.457877761,-0.029795427,Normal
878.613979,-520.8080606,-357.8081816,0.015528657,-0.041850418,0.026321761,LLLG
102.2411766,53.38330761,-49.35318538,-0.382472391,0.540228126,-0.157755736,LG
818.759543,-164.9645058,31.82375162,0.031296007,-0.356817124,0.325521117,LLG
689.9488359,11.74689874,32.23862211,0.187495624,-0.516222275,0.32872665,LG
25.15348507,-28.6216788,0.158235226,0.555304588,-0.084388754,-0.470915834,Normal
830.4395096,65.22084488,-14.9314436,-0.181161678,-0.008740161,0.189901839,LG
-41.3334454,783.899675,-740.0599309,0.129069568,-0.005551172,-0.123518396,LL
-54.54548649,90.77534669,-39.11841849,-0.506545901,-0.038311561,0.544857462,Normal
21.99871767,64.23683255,-89.14752104,-0.47459005,0.588439796,-0.113849747,Normal
-28.18555627,92.65722891,-67.36912771,-0.614224042,0.259343229,0.354880812,Normal
14.10724656,-761.2628699,749.601648,-0.253168263,-0.005034464,0.258202727,LL
-23.72860144,96.30125543,-75.9536581,-0.620074177,0.31357584,0.306498337,Normal
-66.84622872,40.86289316,22.88544738,0.093453587,-0.550596062,0.457142476,Normal
-25.62236472,-9.644758894,31.94026287,0.522558761,-0.491351953,-0.031206808,Normal
-476.046462,882.4330443,-406.388846,0.020991415,0.021380096,-0.042371511,LLLG
604.050764,74.51087677,10.00331552,0.157412308,-0.464022047,0.306609738,LLLG
830.3135234,-153.6311299,-676.6846571,0.031273656,-0.04031718,0.009043524,LLLG
-464.2350692,882.8641535,-418.6310689,0.021572468,0.020797967,-0.042370435,LLLG
-79.34137489,-721.52876,802.8737932,-0.03916542,0.005596098,0.033569323,LLL
-874.2767905,326.4140536,547.8605258,-0.024890367,0.042170284,-0.017279917,LLLG
652.0474589,167.7588341,47.33926062,0.039650945,-0.376057245,0.3364063,LLG
-697.2327436,-70.53543846,28.91202271,0.276574731,-0.178906618,-0.097668113,LG
519.9895411,18.56572139,32.04822531,0.23971648,-0.544166479,0.304449999,LLG
41.91540364,-732.2702744,692.8004726,0.00520191,0.017075409,-0.022277318,LL
88.53267907,52.64642604,-49.46600309,-0.382197774,0.544471356,-0.162273582,LG
-61.02795938,91.13859572,-33.3494801,-0.453725803,-0.12058234,0.574308143,Normal
-32.23896697,-4.400364288,33.31023171,0.488428694,-0.523801016,0.035372322,Normal
873.1592465,57.016008,-3.381487524,-0.097566852,-0.149932339,0.247499191,LG
799.6921718,67.51689728,-19.35060576,-0.212058771,0.048314485,0.163744286,LG
-8.572622297,691.4784644,-680.327166,0.364167907,0.017207485,-0.381375392,LL
-26.40074548,767.6747323,-738.632972,0.252834093,0.005716792,-0.258550885,LL
41.71739356,43.31816481,-88.44066253,-0.265901045,0.624296063,-0.358395018,Normal
564.1233356,70.14247281,-37.09537435,-0.327624857,0.300881557,0.0267433,LG
-832.4040748,-64.79485707,14.16712075,0.17595896,0.018255498,-0.194214458,LG
-708.7578115,137.9604518,-18.07200238,0.037927636,0.28066318,-0.318590817,LLG
-64.95834308,37.4862032,24.12861214,0.14807774,-0.565927021,0.417849281,Normal
100.7629909,-809.805992,711.0441579,-0.035072462,-0.003034069,0.038106531,LLL
-862.9254962,595.509183,267.4141381,-0.011164362,0.041001478,-0.029837115,LLLG
-88.33626705,-732.3526612,822.8531214,-0.036734175,0.00518228,0.031551895,LLL
90.39397625,-41.95614221,49.81499159,0.370106752,-0.587073384,0.216966631,LG
-70.99244037,64.51769087,3.598379739,-0.169718541,-0.410037051,0.579755592,Normal
542.7986124,315.6530744,52.33045312,0.041631315,-0.367089455,0.32545814,LLG
-581.2417613,-284.2540121,867.5859719,-0.041195012,0.029212199,0.011982813,LLL
-58.74552802,26.89973273,28.37972825,0.254062884,-0.583123571,0.329060687,Normal
544.0488883,-875.212759,331.1616093,-0.017492025,-0.024640035,0.04213206,LLLG
-564.9051396,871.196292,-304.2584018,0.016224291,0.025782604,-0.042006895,LLL
-49.88013524,11.03685742,35.87051318,0.345531982,-0.583883269,0.238351288,Normal
-330.6524922,-535.8182387,-57.08982751,-0.042175303,0.329089166,-0.286913863,LLG
-574.1242184,239.2878357,-5.059180434,0.069065986,0.168907583,-0.237973569,LLG
-11.33960492,-637.8441457,651.5697047,-0.406993804,-0.021320213,0.428314017,LL
-469.2737806,889.2755841,40.12487184,0.021019804,-0.039510421,0.018490617,LLG
-45.38136552,98.60111982,-56.59297185,-0.573114734,0.097656626,0.475458108,Normal
257.7799625,603.9790817,-859.6338048,0.041613357,-0.013953459,-0.027659898,LLL
31.44776693,57.75923426,-92.60721124,-0.387616144,0.621092532,-0.233476389,Normal
-57.17563585,723.2612417,-663.6313849,-0.043848538,-0.019444785,0.063293323,LL
669.9151311,140.1930026,46.27523031,0.039161272,-0.376486852,0.33732558,LLG
27.29881069,-27.07800232,-3.659059733,0.544354892,-0.055362212,-0.48899268,Normal
-46.19163741,98.50222551,-55.68348158,-0.569367565,0.088204411,0.481163155,Normal
-20.47042507,94.05446741,-76.83848659,-0.619428737,0.337460022,0.281968716,Normal
-168.5995167,835.2178547,-666.6206017,0.033051913,0.006412723,-0.039464636,LLLG
840.0369976,-666.7250462,-171.1657773,0.006824031,-0.039690998,0.032866967,LLL
792.861132,-95.84506408,35.50969431,0.03343826,-0.365151564,0.331713304,LLG
-880.3458181,498.4057801,384.0421214,-0.016804023,0.042097772,-0.025293749,LLL
-775.7539896,753.9251257,21.82660024,0.000676734,0.036367619,-0.037044353,LLLG
276.7093651,-864.4112452,589.7005383,-0.029522917,-0.011536938,0.041059854,LLL
-798.1137415,70.57849418,727.5330178,-0.033873771,0.039017803,-0.005144032,LLLG
773.7277896,23.57551063,25.20498297,0.127366641,-0.453990317,0.326623676,LG
-10.13265539,92.31751934,-85.55983414,-0.608664825,0.423126848,0.185537976,Normal
-860.795395,-60.71149384,8.054168165,0.131968827,0.094018548,-0.225987375,LG
-75.31721453,-740.556275,-57.25695976,-0.036727944,0.263370787,-0.226642843,LLG
236.89064,-854.9162198,620.1031618,-0.030921605,-0.009604816,0.040526421,LLL
-45.52935756,95.88292566,-53.47686576,-0.568314315,0.086655493,0.481658822,Normal
650.1712347,54.86669645,35.73193209,0.128024781,-0.451222442,0.323197661,LLG
40.21233111,44.91889379,-88.40700648,-0.291043132,0.625546291,-0.33450316,Normal
452.7170157,418.0132495,54.99138598,0.0422639,-0.353652785,0.311388885,LLG
411.7191473,472.2961408,-881.8875965,0.042362987,-0.021204217,-0.02115877,LLL
20.69649812,70.66485041,-94.57822735,-0.477201895,0.59226962,-0.115067725,Normal
-9.524214243,-775.4411495,785.0196523,-0.036959853,0.001840908,0.035118945,LLLG
-3.295497261,85.17970069,-85.02103738,-0.593074973,0.46170306,0.131371912,Normal
49.52336096,27.10961751,-79.91443158,-0.12974404,0.593371232,-0.463627193,Normal
51.86003377,-11.89804611,-43.25766261,0.284209048,0.328230281,-0.612439329,Normal
803.2592998,-723.0061635,-9.823158113,0.003517235,-0.177950578,0.174433343,LLG
-806.0284764,710.4608535,8.920763045,-0.003949872,0.182993608,-0.179043736,LLG
-69.92156207,50.6280385,16.19265679,-0.001180244,-0.51133994,0.512520184,Normal
-223.9805722,-59.39991297,47.79578927,0.380707103,-0.496176986,0.115469883,LG
871.6315325,57.6679918,-4.16353273,-0.10336818,-0.140692512,0.244060692,LG
-41.07714974,94.98339444,-56.91320178,-0.585164707,0.132972001,0.452192706,Normal
34.15705384,-765.795998,734.0532083,-0.081739728,0.010156179,0.071583549,LL
-2.406938478,767.2776887,-762.8293862,0.037429876,-0.001561349,-0.035868527,LLL
-614.3818834,-11.45739325,-37.01102072,-0.202256945,0.530593992,-0.328337047,LG
864.6547128,-557.7705134,5.550059091,0.014473469,-0.259185418,0.244711949,LLG
870.1660016,-414.8061085,16.23549903,0.021522184,-0.305685868,0.284163684,LLG
297.9396338,-874.5111014,-48.22953464,-0.028538687,0.120251471,-0.091712784,LLG
-861.5819618,261.0099568,600.5697414,-0.027505031,0.041696925,-0.014191895,LLLG
480.8390054,-888.852246,-39.46783608,-0.020443272,0.033630519,-0.013187246,LLG
-805.8674641,716.2285985,91.66595893,-0.002640787,0.037949808,-0.03530902,LLL
829.5480731,-666.3292077,-4.414516348,0.007239047,-0.208239994,0.201000947,LLG
877.7209476,-531.1964032,-344.461883,0.014915262,-0.041762464,0.026847202,LLL
-660.927499,196.6006071,466.511138,0.073734641,0.008146347,-0.081880988,LLL
22.458598,68.9634688,-94.62357808,-0.464672964,0.598416382,-0.133743418,Normal
54.97072684,6.419022094,-64.43392342,0.051255161,0.508641731,-0.559896892,Normal
-70.42926321,69.40315693,-1.851922527,-0.22408607,-0.367755547,0.591841617,Normal
404.6161872,-882.0235181,479.4040693,-0.024405775,-0.017768449,0.042174223,LLL
-42.38003112,6.145403684,32.77402682,0.422166582,-0.560571645,0.138405063,Normal
114.5671869,-815.2151391,702.7273318,-0.034694592,-0.003697312,0.038391904,LLL
877.6045916,51.3079262,2.888669221,-0.050411133,-0.22232989,0.272741022,LG
-21.62487328,46.30018028,-49.92700478,-0.376615906,0.573500158,-0.196884253,LG
-272.0361168,868.8401887,49.20534355,0.029498139,-0.131389524,0.101891384,LLG
-125.6803182,822.8362965,53.68091164,0.0342836,-0.190101483,0.155817884,LLG
41.65306952,-28.20825636,-16.38829642,0.458946009,0.112295761,-0.57124177,Normal
48.4810839,-169.8113786,124.1406444,0.475913112,0.03372879,-0.509641902,LL
54.12906311,-313.501103,262.1529121,0.42840314,0.022360226,-0.450763366,LL
691.589176,-654.7955589,-34.70838384,0.018578873,-0.359355947,0.340777074,LLL
51.89704816,-245.5970523,196.4938175,0.453838635,0.027665173,-0.481503809,LL
682.8287982,-827.3069726,144.4759123,-0.008654075,-0.031553639,0.040207714,LLLG
-12.62533934,87.6984743,-77.97504869,-0.612457557,0.390003679,0.222453878,Normal
-624.932819,-70.72985746,33.78528187,0.307553606,-0.250051516,-0.05750209,LG
-745.3571885,-19.33640346,-27.86046431,-0.149741967,0.478291332,-0.328549365,LG
-146.8487844,-677.9144271,-57.6610716,-0.040298429,0.28124565,-0.240947222,LLG
47.25962012,-23.01412671,-23.31477261,0.450593829,0.125505545,-0.576099374,Normal
13.90263196,-29.10042518,12.00867728,0.58606466,-0.203973638,-0.382091023,Normal
-24.37920917,-752.3859896,-56.55780713,-0.038057497,0.243162443,-0.205104947,LLG
-578.4560627,208.9233719,371.7186105,0.126715786,-0.006604007,-0.120111779,LLL
-71.60238678,66.93002196,1.566129344,-0.170688566,-0.408610526,0.579299092,Normal
-63.52626236,58.26092491,7.700767526,-0.470478879,-0.042447626,0.512926504,LL
54.0418102,17.07587575,-73.44210673,-0.007854642,0.543179243,-0.535324601,Normal
-65.84949333,37.46545409,25.51567475,0.10377809,-0.555185531,0.451407441,Normal
-722.8187894,6.229228614,716.8878353,0.000517687,0.027114991,-0.027632679,LLLG
-689.8019467,202.8050957,487.5272931,0.039491869,0.020074572,-0.059566441,LLLG
529.1224678,349.5401834,-876.5329139,0.041843392,-0.026684213,-0.015159179,LLL
868.1287289,-540.8602718,-45.91139219,0.014907941,-0.220854634,0.205946693,LLLG
-642.4702436,271.3606456,373.2959406,0.029474875,0.016372292,-0.045847167,LLL
-792.0618502,56.73597554,735.3236443,-0.034269543,0.038752552,-0.004483009,LLLG
-71.88963897,59.337273,9.080821921,-0.050354047,-0.484385907,0.534739954,Normal
-26.87624824,-507.3030266,536.538121,-0.469865815,-0.029749071,0.499614886,LL
-25.68678398,-516.6702372,544.6227565,-0.46662897,-0.029272061,0.495901032,LL
4.897292974,79.04214454,-86.96029746,-0.565970694,0.509410737,0.056559957,Normal
-292.3143359,-568.6939173,-57.44669866,-0.041942539,0.32010384,-0.278161301,LLG
451.9641856,67.78516979,-41.86680689,-0.354546761,0.379451219,-0.024904458,LG
30.51917352,-790.5936683,762.6707767,-0.112326778,0.005835437,0.106491341,LL
-779.4440269,-24.61965273,-24.52369536,-0.121643881,0.447631351,-0.32598747,LG
807.5236043,-712.3773458,-63.30832436,0.003257335,-0.070302178,0.067044844,LLLG
-70.08333149,80.39318677,-13.66884139,-0.295589064,-0.303154082,0.598743146,Normal
-701.9562202,408.2793242,294.7885817,-0.18706756,0.071117382,0.115950178,LLLG
42.6355155,-27.92285367,-11.75119,0.522417015,0.002385707,-0.524802722,Normal
597.6913234,-862.0997431,266.4800205,-0.014403432,-0.027279358,0.041682791,LLL
774.199245,-15.84578554,-756.2181888,0.03542837,-0.037881003,0.002452633,LLL
760.2448723,21.46717999,26.54633833,0.138639759,-0.466370889,0.32773113,LG
-678.0794743,-149.9024349,830.0741173,-0.039135341,0.033654807,0.005480534,LLL
-678.110539,-149.9215634,830.0454115,-0.039135815,0.033655186,0.005480629,LLL
-581.271809,-284.2746058,867.5577901,-0.041195387,0.029212498,0.011982889,LLL
596.9987733,-862.8643368,265.8633019,-0.014410741,-0.027264357,0.041675098,LLLG
6.280699803,-27.28959514,17.81732657,0.592324225,-0.272766573,-0.319557652,Normal
847.8931184,-617.9933566,0.119418587,0.010490872,-0.232211613,0.221720741,LLG
52.80573945,17.03580853,-73.001984,-0.044278935,0.559145992,-0.514867056,Normal
51.25397454,-75.14708804,26.4975076,0.457110264,0.042356853,-0.499467117,LL
48.60523462,28.77740581,-80.53943382,-0.157105001,0.60124161,-0.444136609,Normal
-31.72611277,779.6790938,-745.4216593,0.210883228,0.001750571,-0.2126338,LL
-808.9246574,98.98022324,712.0402646,-0.033049956,0.03950438,-0.006454425,LLL
-1.313498817,84.03032927,-85.85426737,-0.587267099,0.47449929,0.112767809,Normal
405.4803607,-18.02082706,45.07204788,0.30819904,-0.601040819,0.292841779,LG
754.4227123,-783.917377,-16.88202965,-0.001762944,-0.134975237,0.136738181,LLG
-481.7890884,-399.287896,883.0866208,-0.042183071,0.024596191,0.017586879,LLL
-876.9663388,531.4859269,345.4781482,-0.014962383,0.041836137,-0.026873753,LLLG
-8.134358207,91.32574353,-86.55997069,-0.604589262,0.437193226,0.167396035,Normal
-62.86117157,-747.5062552,810.427317,-0.037245578,0.004235083,0.033010496,LLLG
-427.6882674,883.9628459,-454.2394824,0.023266151,0.019025588,-0.042291739,LLL
-37.078739,784.8677053,-745.2711239,0.16689707,-0.002239721,-0.16465735,LL
709.1537966,-811.0043671,103.8417519,-0.006683863,-0.032862155,0.039546018,LLL
-626.9138937,852.3602312,-225.448402,0.012468001,0.028844415,-0.041312417,LLLG
-542.4089325,-316.3129001,-52.33405363,-0.041602167,0.367074999,-0.325472832,LLG
61.32452966,50.12858834,-49.96115395,-0.380210902,0.556391079,-0.176180177,LG
733.0147908,70.00128492,-26.31846687,-0.259240266,0.142204083,0.117036184,LG
-768.7427204,241.0532113,528.2258981,-0.057134472,0.044812733,0.012321739,LLLG
-70.86128471,69.7954992,-1.924744942,-0.215618528,-0.374350791,0.589969319,Normal
21.76577853,-46.29843697,49.92851552,0.376627835,-0.5735001,0.196872264,LG
-378.3194912,881.2539188,-500.8985491,0.025441679,0.01661111,-0.042052789,LLL
-52.70590471,16.39479521,33.09985002,0.321103113,-0.584830251,0.263727138,Normal
-744.3216224,-40.35532558,784.6746844,-0.036798744,0.036632776,0.000165968,LLLG
38.2579802,47.84382024,-89.37663772,-0.316111608,0.626249687,-0.310138079,Normal
-71.94856429,60.73353273,7.863783434,-0.078257546,-0.468931841,0.547189387,Normal
-317.6120814,25.42408912,-47.15742117,-0.331238176,0.605829189,-0.274591013,LG
30.39038753,55.4416242,-88.74678239,-0.407636926,0.613428387,-0.205791461,Normal
-585.874781,865.9973364,-278.01055,0.014992311,0.026822346,-0.041814657,LLL
791.4981546,-725.2960004,-64.20629238,0.003927514,-0.093850091,0.089922577,LLL
-45.71185835,9.72076047,32.52943453,0.394930703,-0.569982362,0.175051659,Normal
661.2331471,176.7489397,-837.9822941,0.039627597,-0.032794196,-0.006833401,LLLG
-22.64859904,-767.8666558,792.6784084,-0.037647335,0.002573219,0.035074116,LLL
-736.7462492,-54.22308212,790.9670954,-0.037123798,0.036292697,0.000831102,LLLG
613.8257692,244.9654701,-856.6598639,0.040685322,-0.030601985,-0.010083338,LLL
299.3039019,62.12295188,-46.63022881,-0.376003514,0.467361901,-0.091358388,LG
43.28610269,108.5156001,-149.0886416,0.492608684,0.041435358,-0.534044041,LL
-768.3370874,761.8136663,8.551683496,0.001349143,0.036005967,-0.037355111,LLL
572.179917,298.4075968,-868.5373027,0.04130638,-0.028668058,-0.012638322,LLL
762.0745874,-26.13488247,38.97670795,0.035374326,-0.37123469,0.335860364,LLG
737.5034134,54.50144701,-789.9510997,0.037077223,-0.036219455,-0.000857768,LLL
-71.21458905,73.87700866,-5.892559751,-0.234461959,-0.358181827,0.592643786,Normal
-375.5156693,17.06981213,-46.02329624,-0.307152295,0.601040959,-0.293888665,LG
52.53848054,-123.5966862,73.75358725,0.443059048,0.042205215,-0.485264263,LL
-71.13565613,79.6126285,-11.94857056,-0.27055053,-0.32610263,0.59665316,Normal
-195.0785343,844.5938927,-647.476739,0.032212027,0.007709852,-0.039921879,LLL
-750.6224053,115.2104377,635.8094024,-0.010402981,0.030881033,-0.020478052,LLLG
1.962249863,84.21369384,-89.56540115,-0.575016602,0.500288948,0.074727654,Normal
-25.31907082,95.49420901,-73.42801901,-0.618860408,0.295969999,0.32289041,Normal
37.38647678,-28.88025666,-11.5668219,0.4921879,0.056274175,-0.548462075,Normal
-70.2810083,70.18471405,-2.782011155,-0.232977246,-0.360365256,0.593342501,Normal
-69.52757566,49.36162505,16.81856487,0.035794455,-0.527134585,0.49134013,Normal
330.4106869,-24.38324722,46.89365605,0.328190281,-0.605592665,0.277402384,LG
792.5200367,26.69333449,23.14632689,0.110224664,-0.434583388,0.324358724,LG
-46.99272148,98.38776562,-54.76761356,-0.565483427,0.0787356,0.486747828,Normal
18.21459104,-32.11256113,10.94598817,0.580372744,-0.169647565,-0.410725178,Normal
-359.9293378,-87.31947781,-0.452215736,0.347420278,-0.048314452,-0.299105825,LG
-0.946729878,-27.00033918,24.98940773,0.590027387,-0.338412101,-0.251615285,Normal
-870.1273208,414.7485592,-16.23548132,-0.021531903,0.305696592,-0.284164689,LLG
-1.863946321,646.7673822,-642.2171394,0.399809963,0.021346504,-0.421156467,LL
17.58861856,-29.63685271,8.86034393,0.579377233,-0.168183561,-0.411193672,Normal
-26.88368942,-10.78272455,34.58515325,0.514491145,-0.502800816,-0.011690329,Normal
430.0594452,-15.85943257,44.37724236,0.30093186,-0.598334625,0.297402765,LG
-11.9339714,88.45824842,-79.5402057,-0.61156091,0.398178032,0.213382878,Normal
-637.1293745,854.0190213,28.52515115,0.011208727,0.054859276,-0.066068003,LLG
634.5200189,70.76664216,-33.20400511,-0.303931888,0.241351665,0.062580224,LG
-189.6667396,-652.7458473,842.4103234,-0.040891035,0.010829615,0.03006142,LLLG
-626.2775401,853.1750021,-224.8658833,0.012471067,0.028832781,-0.041303849,LLL
-61.02992125,685.5084244,-622.0405524,-0.09884931,-0.023455406,0.122304716,LL
511.3403249,-879.2708175,370.0036867,-0.019282991,-0.023006318,0.042289309,LLL
-447.0565839,-436.7059044,883.7602248,-0.042333149,0.022958645,0.019374504,LLLG
-855.2367791,299.6590319,-23.88741043,-0.026455667,0.333623459,-0.307167793,LLG
379.5069782,11.16804267,9.074656594,0.300957988,-0.573234265,0.272276277,LLLG
-751.5842727,-69.45376215,24.26960746,0.245868698,-0.114300775,-0.131567923,LG
-21.09216778,-14.98618158,32.99886486,0.540213485,-0.471532011,-0.068681474,Normal
30.0506928,-28.11568735,-5.243055908,0.533258771,-0.02777479,-0.505483981,Normal
260.1724592,-872.949062,614.9353951,-0.029139039,-0.011122151,0.04026119,LLL
-744.3158681,-40.36386639,784.6774993,-0.036798177,0.036632328,0.000165849,LLLG
55.07063458,5.51331694,-63.62841857,0.060709921,0.502979113,-0.563689035,Normal
-302.965804,-62.76137618,46.22279555,0.37529092,-0.461246963,0.085956043,LG
-686.5867207,-113.3949104,-45.16991604,-0.038591223,0.376521828,-0.337930606,LLG
-27.56956427,97.3021438,-73.11228474,-0.618125308,0.279674163,0.338451145,Normal
-66.72258423,585.8784368,-516.7486745,-0.204746122,-0.030581178,0.2353273,LL
-24.2873811,-539.0785087,565.8272888,-0.460174165,-0.02865397,0.488828135,LL
53.83903915,-171.7012229,120.552064,0.427380093,0.041888049,-0.469268141,LL
-498.5274403,-367.9177184,-53.76881095,-0.042020806,0.361081759,-0.319060953,LLG
-64.32144631,91.49631718,-30.64223086,-0.420774792,-0.164793165,0.585567956,Normal
-16.8562044,-18.77555596,32.66954764,0.55513592,-0.448968322,-0.106167598,Normal
813.5391701,-705.993385,-8.029976583,0.00484153,-0.188286712,0.183445182,LLG
-520.7221656,-342.2897312,-53.07771037,-0.041831785,0.364257887,-0.322426101,LLG
-71.33121585,61.39433116,6.949226842,-0.123798458,-0.441686049,0.565484507,Normal
-49.17258604,767.5812367,-715.9259565,0.051200706,-0.012050908,-0.039149798,LL
-256.1195726,-603.2478201,861.3735557,-0.041631711,0.013994941,0.02763677,LLL
130.1171881,-19.54139541,19.71737824,0.359460226,-0.579100109,0.219639883,LLLG
47.98891718,-676.6396859,631.2226049,0.09175143,0.023486338,-0.115237768,LL
39.21879516,745.7430072,-782.9198497,0.038320297,-0.00355336,-0.034766938,LLL
-695.7762888,-141.5324757,-61.38042808,0.147640959,0.008740193,-0.156381152,LG
54.63069635,-4.333921646,-53.46450862,0.180624523,0.41978543,-0.600409952,Normal
-72.30018326,68.68947591,0.25655953,-0.162525405,-0.413757668,0.576283073,Normal
-240.2003497,-610.5551784,-57.72407744,-0.041487267,0.307021415,-0.265534148,LLG
15.15206937,-30.51977989,12.29915676,0.585121212,-0.195849727,-0.389271485,Normal
-0.422708247,-704.5778785,707.4098762,-0.348757983,-0.014711906,0.363469889,LL
840.7531469,63.86788574,-12.65602303,-0.165189238,-0.037270032,0.20245927,LG
422.962144,460.1499486,-883.1143563,0.042321716,-0.021739771,-0.020581946,LLLG
50.25682804,28.70125563,-81.58853113,-0.121447504,0.591840757,-0.470393253,Normal
25.04479513,66.35208078,-94.57460611,-0.445050859,0.606568043,-0.161517185,Normal
-58.90537507,708.1203947,-646.7678214,-0.06751891,-0.021195299,0.08871421,LL
-265.5999493,29.5222533,-48.0945379,-0.34262601,0.605280118,-0.262654108,LG
792.3281883,-743.0967338,-47.08342341,0.000928027,-0.037199426,0.036271399,LLL
-208.4646119,848.4742054,-637.8912869,0.031786125,0.00835539,-0.040141516,LLL
781.1231242,-68.00786534,36.92399996,0.034238127,-0.367857386,0.333619259,LLG
72.42094338,-812.1302328,741.8709882,-0.035258738,-0.001985036,0.037243774,LLL
-872.4325531,554.139358,320.3962888,-0.013701088,0.041582974,-0.027881886,LLL
47.93589101,31.42478186,-82.76969402,-0.158169541,0.60280713,-0.444637588,Normal
502.8454881,-517.3675274,16.65925918,0.030369242,-0.501562676,0.471193434,LLL
-689.9679863,-11.74701427,-32.23896127,-0.187490551,0.516222352,-0.328731801,LG
-805.8159832,716.2174938,91.70502188,-0.002638286,0.037947805,-0.035309519,LLL
831.8806159,-154.1241393,-675.619153,0.031369359,-0.040401276,0.009031918,LLL
-71.16730745,58.71993001,9.460580838,-0.095613458,-0.459745221,0.55535868,Normal
279.6335498,578.9570624,57.5347428,0.041857033,-0.316953775,0.275096743,LLG
-479.5215697,-417.1756907,898.8681194,-0.03958781,0.023654843,0.015932968,LLL
-302.2051297,869.9272888,-567.7244228,0.028506678,0.012884742,-0.04139142,LLLG
-40.77624806,93.79333032,-55.91064163,-0.584686169,0.132268261,0.452417909,Normal
20.49826921,67.51613345,-91.1587821,-0.481666117,0.58659934,-0.104933223,Normal
612.8817535,-872.2453171,-30.86267277,-0.012743283,-0.03750185,0.050245133,LLG
-877.825544,-52.06777241,-2.10569868,0.056369594,0.213449084,-0.269818678,LG
-199.1352227,34.47926357,-48.998655,-0.354954482,0.601235757,-0.246281276,LG
-772.9973776,-23.57388964,-25.20359639,-0.127328781,0.453990452,-0.326661671,LG
716.4141031,40.54842886,41.20521249,0.063549544,-0.396483432,0.332933888,LLG
39.39710909,180.8696506,-217.5511356,0.49924423,0.040419036,-0.539663265,LL
6.172676134,77.18025385,-86.26014729,-0.561540681,0.514229209,0.047311472,Normal
-818.7209622,164.9071569,-31.82373834,-0.031305737,0.356827858,-0.325522121,LLG
608.4679804,-864.9078035,-30.86061722,-0.013129955,-0.037239499,0.050369454,LLG
-779.3732808,29.01216272,750.3588864,-0.035035646,0.038193465,-0.003157819,LLLG
813.9694676,30.75627525,20.32153397,0.086956833,-0.407214224,0.32025739,LG
-827.5829749,681.4985964,146.0822233,-0.005295041,0.039072861,-0.03377782,LLLG
34.60321859,-27.05182433,-10.85753777,0.506355737,0.029268023,-0.53562376,Normal
-67.8445172,44.83629062,19.53862353,0.091855613,-0.548246146,0.456390533,Normal
-44.06315417,7.919043142,32.68297589,0.408757556,-0.565566689,0.156809133,Normal
386.8411867,-892.4009961,505.586496,-0.024569488,-0.017177608,0.041747096,LLLG
-483.5960915,6.254267254,-41.99245333,-0.267083112,0.581640666,-0.314557554,LG
871.118827,-439.331723,14.48560348,0.020365804,-0.298629342,0.278263538,LLG
170.825006,-16.85694842,18.51621692,0.353970792,-0.583917766,0.229946975,LLLG
-463.6157366,883.7065543,-418.0563082,0.021573712,0.020787757,-0.04236147,LLL
-233.5550239,-637.3453769,873.066883,-0.039751807,0.012233115,0.027518692,LLL
656.345392,-840.2707891,185.9958037,-0.010590546,-0.030204949,0.040795494,LLL
32.21085077,-28.48495731,5.556469663,0.587281599,-0.174375682,-0.412905917,Normal
829.4065099,-190.8785486,17.40830354,0.030361935,-0.35020148,0.319839546,LLLG
-790.934099,-67.85748788,20.05553677,0.21717206,-0.057795478,-0.159376582,LG
-69.91942234,76.35596615,-9.546363576,-0.277543606,-0.320623017,0.598166623,Normal
-67.92453665,43.82503762,21.00071757,0.065233608,-0.54025504,0.475021432,Normal
-46.80904528,7.28884638,36.54857682,0.375521275,-0.578575355,0.20305408,Normal
34.27471919,48.52142353,-50.09609847,-0.378909251,0.56365276,-0.184743509,LG
-841.1202687,637.7124763,1.695232008,-0.009204515,0.222796086,-0.213591571,LLG
-871.2223613,451.3544286,-13.60547292,-0.019788392,0.294999958,-0.275211566,LLG
-390.5218496,-506.8521416,899.5431819,-0.038587348,0.019208443,0.019378905,LLL
-36.13866905,-760.8667453,799.1687758,-0.037928638,0.00322964,0.034698999,LLL
33.627847,53.24617251,-90.02323759,-0.371380497,0.621896271,-0.250515774,Normal
392.2227696,-881.2371987,491.0113595,-0.024946715,-0.017162559,0.042109274,LLL
475.8763378,393.1307836,54.40695436,0.042158294,-0.357538333,0.315380039,LLG
-65.08212291,87.20824558,-25.36247729,-0.398041398,-0.193354283,0.591395682,Normal
-11.63217237,87.2646356,-78.53465586,-0.611080945,0.397472192,0.213608753,Normal
-867.8000154,575.4955731,294.3286156,-0.012436953,0.041306491,-0.028869538,LLL
-63.99969632,90.11544789,-29.47990605,-0.420218169,-0.16561134,0.585829509,Normal
32.56446308,-31.6032528,-3.908373287,0.526340069,-0.01101883,-0.515321239,Normal
-10.05508476,-759.2619961,771.3197767,-0.03777585,0.002284646,0.035491204,LLL
55.00947356,-543.3072127,490.8217039,0.226460238,0.032390956,-0.258851194,LL
552.3765666,59.87858087,6.458693371,0.200642102,-0.49934449,0.298702387,LLLG
29.8954993,59.60950285,-92.90455989,-0.40242144,0.61813492,-0.21571348,Normal
-63.32619916,34.86226329,24.9961664,0.183867769,-0.573473365,0.389605596,Normal
-295.6596005,-572.1875385,869.8538806,-0.041957587,0.015863042,0.026094545,LLL
260.7695948,60.51771148,-47.38106198,-0.378748003,0.4850085,-0.106260498,LG
-549.2777217,-323.3388623,874.7061798,-0.041616865,0.027733822,0.013883043,LLL
-64.52588945,96.08785666,-29.22233693,-0.460803014,-0.04230366,0.503106674,LL
-119.8011203,-695.6892951,-57.51490944,-0.039868595,0.27324256,-0.233373966,LLG
-71.36357232,57.56455171,10.57477319,-0.058764527,-0.480684949,0.539449476,Normal
-473.5841866,174.5566548,1.588778063,0.194150135,0.09903241,-0.293182545,LLG
827.0110021,-140.4077145,-684.4661694,0.031811552,-0.040192941,0.008381389,LLL
237.9083948,-10.87688714,15.94074192,0.342192729,-0.587571086,0.245378357,LLLG
7.667362807,81.54964959,-92.51938322,-0.551491234,0.533890483,0.017600751,Normal
-139.206772,828.0570902,53.33843208,0.03388882,-0.18497277,0.151083951,LLG
-842.8894518,194.7259462,650.1816577,-0.029941907,0.040950918,-0.011009011,LLL
356.0752227,-22.28154362,46.33416278,0.321854144,-0.604671604,0.282817461,LG
514.5309186,-885.8030217,-37.43595804,-0.018673123,0.015926692,0.002746432,LLG
273.1923473,-875.7382981,604.7045357,-0.028761745,-0.011725856,0.040487601,LLL
37.60017807,-753.1863504,718.1098512,-0.042489405,0.013351229,0.029138176,LL
-593.9419049,-217.7033594,-124.8919239,0.235510535,-0.104940254,-0.130570281,LG
-20.90235401,-560.6846489,583.8603943,-0.449414648,-0.026781183,0.476195831,LL
-262.0767858,862.4886786,-598.3742527,0.029956782,0.0109542,-0.040910982,LLL
872.4826818,-412.7095251,-10.96233133,0.021499817,-0.292238154,0.270738338,LLLG
-521.1655467,878.9240907,-355.725012,0.018648345,0.023620401,-0.042268746,LLL
51.58312901,21.61402666,-76.60944133,-0.064334151,0.569105254,-0.504771103,Normal
698.3885209,12.84194558,31.635777,0.182231274,-0.51117538,0.328944106,LG
367.1492089,-879.0121383,513.8602436,-0.026010014,-0.015938205,0.041948219,LLL
137.5252647,-841.932951,-53.6429527,-0.032576257,0.189079921,-0.156503664,LLG
871.7494265,58.29846182,-4.951841081,-0.109063931,-0.131417912,0.240481843,LG
-27.4248852,-10.78136284,36.79079072,0.533385734,-0.413276796,-0.120108938,Normal
653.2612569,70.78808942,-32.01631825,-0.29647453,0.223775309,0.072699221,LG
-876.1837924,339.2851285,536.8964003,-0.02434979,0.042234869,-0.01788508,LLLG
-236.0376806,855.0723488,-619.0365137,0.030883796,0.009671133,-0.040554928,LLLG
-498.5246009,-367.9230068,-53.76889464,-0.042020482,0.361081541,-0.319061059,LLG
17.81918383,-27.05892446,5.79798505,0.576263648,-0.157533757,-0.418729891,Normal
655.5194137,-845.8007821,-26.93264041,-0.009930002,-0.066522668,0.076452669,LLG
8.635087006,-743.7121439,737.4129394,-0.293241548,-0.008969475,0.302211023,LL
3.851274597,-766.2292727,764.4589769,-0.037469575,0.001619931,0.035849644,LLL
17.49887509,-22.63961691,18.71872704,0.593846497,-0.277930071,-0.315916426,Normal
855.7597741,-234.0799329,-619.6219317,0.028456774,-0.041361444,0.01290467,LLL
-256.0913563,-603.2246444,861.4007827,-0.041631512,0.013994783,0.027636729,LLL
278.6926171,-28.50803582,47.8776684,0.339909338,-0.605641493,0.265732155,LG
10.12836489,-28.3169923,14.9982853,0.590386016,-0.238880572,-0.351505444,Normal
-204.7856029,-655.9246336,-57.67314853,-0.037488011,0.301328652,-0.263840641,LLG
-71.03956126,71.81687863,-3.88534447,-0.225056654,-0.366328199,0.591384853,Normal
-134.4076999,-688.1012042,824.5918837,-0.040103509,0.008221394,0.031882115,LLL
722.2848138,-804.4456276,-20.31296899,-0.004691084,-0.112448446,0.117139529,LLG
6.600066104,-28.55268016,18.88140503,0.592832126,-0.273513496,-0.31931863,Normal
-206.2573265,851.0722999,51.43043063,0.031791497,-0.158670291,0.126878794,LLG
-69.19262545,48.03691029,17.93456485,0.036327139,-0.527917953,0.491590814,Normal
-29.21439336,774.5569783,-742.7079416,0.232054381,0.00373285,-0.235787231,LL
-714.7618734,-15.02218408,-30.40696924,-0.171563583,0.500704638,-0.329141055,LG
-820.3377423,125.7396761,694.59584,-0.032208167,0.039982021,-0.007773854,LLLG
755.7265823,-774.4839515,20.82538964,-0.002717969,-0.035227461,0.03794543,LLL
-654.9031609,383.7788651,272.2584345,-0.146633456,0.063111857,0.083521599,LLLG
55.17175908,-569.7764546,517.3293668,0.24799592,0.031880996,-0.279876916,LL
42.91772755,120.5012035,-160.8013747,0.49415756,0.041292735,-0.535450295,LL
751.5650685,69.45364146,-24.26994869,-0.245863601,0.114300873,0.131562728,LG
317.9891085,546.8552485,57.22293171,0.042098368,-0.326163557,0.284065189,LLG
-731.8472302,92.6996587,639.5496475,0.013053493,0.025012763,-0.038066256,LLLG
587.3592336,-865.0231111,279.657548,-0.015027442,-0.026767427,0.041794869,LLL
-26.92633806,-7.558876446,31.02937661,0.517520836,-0.495566987,-0.021953848,Normal
33.3284518,-31.43321523,-4.842116358,0.521920531,-0.001510794,-0.520409737,Normal
872.0286718,-429.2774534,15.3560246,0.021079032,-0.302281551,0.281202519,LLG
29.62030417,331.4275232,-358.3317174,0.498285916,0.03700301,-0.535288926,LL
688.8821281,136.5033562,-823.2524698,0.038887212,-0.034038367,-0.004848845,LLL
-697.2102731,-23.6441103,-25.27382227,-0.123320722,0.453990479,-0.330669758,LG
-634.4924519,-70.765875,33.20454616,0.303938992,-0.241351552,-0.06258744,LG
44.0871021,-26.72361944,-15.28221589,0.502369259,0.04040592,-0.542775179,Normal
-48.06379458,92.90834942,-47.73561259,-0.550991124,0.047270839,0.503720285,Normal
-9.566720384,697.2158925,-685.0721977,0.358683768,0.016597353,-0.375281122,LL
-68.22995812,239.7364139,-169.1557015,-0.412527782,-0.041228963,0.453756746,LL
-678.0775046,-127.244972,-45.73035554,-0.038860788,0.376539726,-0.337678938,LLG
-23.97583938,97.67934099,-77.11519435,-0.620634095,0.314398301,0.306235794,Normal
871.1511871,-577.2652978,-291.7415707,0.012600822,-0.041402744,0.028801922,LLL
-66.97129084,40.43380312,23.66829613,0.075630297,-0.54526423,0.469633933,Normal
531.8147117,69.61481448,-38.62851227,-0.33658263,0.325322387,0.011260243,LG
-72.26105215,69.5350208,-0.628438813,-0.171736066,-0.407070065,0.578806131,Normal
-825.2028827,675.4197268,5.31849447,-0.006590196,0.203296001,-0.196705805,LLG
86.9613159,-804.1723944,719.2124275,-0.035441578,-0.002370153,0.037811731,LLL
-222.7274425,851.6297193,-628.9045405,0.031325715,0.009029402,-0.040355117,LLLG
12.8703467,75.18194154,-91.31738372,-0.526657349,0.556124646,-0.029467297,Normal
52.77211186,-636.5626449,586.492998,0.183731524,0.027920185,-0.211651709,LL
355.8471778,513.1782327,56.78145269,0.042268757,-0.334663902,0.292395144,LLG
852.5688376,-286.5346784,24.71067253,0.026963286,-0.336314517,0.309351231,LLG
-34.35331456,95.94644468,-64.72033226,-0.606040652,0.207394966,0.398645687,Normal
54.23611517,7.62778705,-65.28108337,0.077991982,0.49360684,-0.571598822,Normal
36.52698451,49.44322236,-89.12063578,-0.339987942,0.624841621,-0.284853679,Normal
-712.254648,-94.93554107,809.2832016,-0.038038126,0.035205477,0.002832648,LLL
734.0525098,29.76973923,41.57828307,0.036766663,-0.374454575,0.337687912,LLG
500.2355804,-9.296511305,42.02646611,0.277339001,-0.586686784,0.309347783,LG
56.68728966,-376.8997447,322.8706658,0.336824047,0.038448974,-0.375273021,LL
-874.6519966,-48.14441963,-6.013169319,0.026493127,0.257283321,-0.283776448,LG
561.9355744,310.8859148,-870.6911377,0.041485955,-0.028206184,-0.013279772,LLL
182.9629434,-839.3391412,658.4545785,-0.032679387,-0.006996045,0.039675432,LLL
848.2666815,62.87741099,-11.13267339,-0.154262677,-0.056247912,0.210510588,LG
778.562634,68.45721083,-21.4822176,-0.226959622,0.076712587,0.150247034,LG
-661.6427731,191.065768,471.077638,0.074886927,0.010008669,-0.084895596,LLLG
54.66159127,1.076342854,-59.02822914,0.134472197,0.455012905,-0.589485102,Normal
768.6142612,-40.10357935,38.30186609,0.0350042,-0.370200172,0.335195972,LLG
45.57907157,36.38584414,-85.37230467,-0.203901327,0.614325657,-0.41042433,Normal
54.85001122,-9.149879894,-48.63429435,0.208434866,0.396457446,-0.604892312,Normal
-451.6618156,883.9431209,-430.166863,0.022149601,0.020200311,-0.042349913,LLL
-347.3125252,-528.7855729,878.184283,-0.042246917,0.018298265,0.023948652,LLL
368.9200203,-897.2458678,-45.57332771,-0.024956581,0.091246546,-0.066289965,LLG
-59.52540637,87.86505836,-31.22599036,-0.458726407,-0.113495368,0.572221775,Normal
190.6323794,652.76953,-841.277691,0.040862877,-0.010771194,-0.030091682,LLL
-729.8107056,798.3112822,19.46079836,0.00401958,0.118089799,-0.122109379,LLG
-235.3298632,855.8506728,-618.40291,0.030891166,0.009656003,-0.04054717,LLL
16.91314005,-26.96341947,6.608206928,0.578302208,-0.166602628,-0.411699581,Normal
-818.375859,-66.06640033,16.40618958,0.191774361,-0.010294416,-0.181479945,LG
9.172741513,-28.0828746,15.71948436,0.591094449,-0.247453083,-0.343641366,Normal
243.5440533,613.5775143,-857.1238313,0.041455379,-0.013291461,-0.028163918,LLLG
-3.850269812,660.3886099,-653.8550497,0.390067708,0.020186475,-0.410254183,LL
55.27678496,2.836255997,-61.15838589,0.088955986,0.48528037,-0.574236356,Normal
331.4721473,-892.3809793,-47.19207199,-0.026830281,0.108504144,-0.081673863,LLG
38.84943533,49.51559046,-91.35450599,-0.308915683,0.627790006,-0.318874323,Normal
-192.9358251,846.8849638,51.83780285,0.032227076,-0.164014332,0.131787256,LLG
100.09502,-810.5487505,710.4514723,-0.035079663,-0.003019152,0.038098815,LLLG
-881.7386084,402.9889124,480.7709535,-0.021546951,0.042382193,-0.020835242,LLL
-69.02237406,497.2305088,-425.8207535,-0.274733915,-0.034786079,0.309519994,LL
-41.62137042,93.75738022,-55.0292911,-0.581495973,0.122905983,0.45858999,Normal
-792.0686261,56.74602968,735.3203329,-0.034270214,0.038753081,-0.004482868,LLLG
-641.9287737,-205.0403746,846.9668848,-0.040085919,0.031986773,0.008099146,LLLG
-28.18077655,96.17701182,-71.24817841,-0.616727446,0.270243054,0.346484392,Normal
47.77680366,10.7190648,-55.78850566,0.476925756,0.042217411,-0.519143167,LL
262.8229084,-862.2072677,599.3820959,-0.030003917,-0.010880517,0.040884435,LLLG
-878.5332424,520.3126923,358.218362,-0.015581531,0.041937861,-0.026356329,LLLG
-828.5588724,-33.72542793,-18.15065522,-0.069296306,0.38562666,-0.316330354,LG
717.3864329,-805.3886104,90.07119181,-0.006026017,-0.033277266,0.039303283,LLL
8.83933899,-30.31164885,18.5174896,0.592650181,-0.257425061,-0.33522512,Normal
871.2730458,-451.4337628,13.60519153,0.019780022,-0.29499013,0.275210108,LLG
-28.48686288,93.84889436,-68.37303694,-0.614703223,0.260047917,0.354655306,Normal
47.83324903,31.06683571,-82.18027666,-0.166853484,0.604602593,-0.437749109,Normal
-42.55980629,97.46887506,-58.15601543,-0.582988407,0.125100766,0.457887641,Normal
29.87064208,331.281575,-358.5323076,0.498420785,0.037005194,-0.535425979,LL
49.86886453,-189.6151483,142.5560929,0.462804722,0.042914701,-0.505719424,LL
270.7867895,594.0667784,-862.8082765,0.041710816,-0.014562611,-0.027148205,LLL
-49.33887979,97.95128564,-51.9840033,-0.553018946,0.050252967,0.502765979,Normal
-67.87720993,44.45090707,20.08052517,0.083025337,-0.545752082,0.462726745,Normal
-7.839521214,47.13550597,-49.9124618,-0.377641211,0.570358147,-0.192716936,LG
43.32193779,-21.10529087,-25.64749125,0.425565034,0.161995754,-0.587560789,Normal
-283.4643472,-599.2683777,884.9000401,-0.039590658,0.014522003,0.025068655,LLL
391.7947717,13.90182976,8.531334857,0.295884159,-0.570244137,0.274359978,LLLG
783.0576118,-746.309778,-34.68060812,-5.86e-05,-0.036631643,0.036690213,LLL
654.5091266,7.340433288,34.56899894,0.20807768,-0.535124105,0.327046424,LG
-860.7749789,-60.71100063,8.054656168,0.131969706,0.094018561,-0.225988268,LG
617.1657307,-856.4304508,239.2624583,-0.013152314,-0.028267815,0.041420129,LLLG
-18.84732204,94.71327459,-79.2485809,-0.619148184,0.354313905,0.264834279,Normal
-250.5347751,-60.58010499,47.31843113,0.379276699,-0.485008462,0.105731763,LG
-58.72050262,95.854732,-40.59703474,-0.486148775,-0.072291606,0.558440381,Normal
-263.7206755,-61.14785218,47.06220899,0.378421077,-0.47924396,0.100822883,LG
772.8109968,-15.61903851,-757.1942218,0.035351974,-0.03781158,0.002459606,LLLG
-5.282461883,86.27751653,-84.13128573,-0.598310624,0.448470408,0.149840216,Normal
650.5414472,-856.8331719,-27.73564299,-0.010066051,-0.061011302,0.071077353,LLG
-355.8064395,-513.2396259,-56.781498,-0.04227824,0.334674467,-0.292396226,LLG
839.5545802,-650.9001872,-2.609126667,0.008753588,-0.218127041,0.209373453,LLG
54.12707833,-183.6260832,132.1874178,0.423192025,0.041782871,-0.464974896,LL
39.86781659,43.12812656,-85.9143576,-0.30632191,0.623950843,-0.317628933,Normal
553.488914,69.98381125,-37.61576679,-0.330692636,0.309105443,0.021587193,LG
-706.5537128,815.890284,22.00146646,0.006004706,0.10111383,-0.107118537,LLG
-690.2255712,826.6972054,23.66952692,0.007315257,0.089673229,-0.096988486,LLG
-869.8485538,300.4813764,569.3649137,-0.025956195,0.042012487,-0.016056293,LLLG
-32.17556939,44.50746362,-50.00713167,-0.373340465,0.579358938,-0.206018473,LG
675.6217219,70.70313638,-30.83357647,-0.288538695,0.205978129,0.082560566,LG
-622.5376195,-231.9435578,854.4789343,-0.040497831,0.031097035,0.009400796,LLLG
-751.5998831,164.4344513,-20.31428576,-0.029027641,0.321542175,-0.292514534,LLG
509.0100712,-896.2995572,-38.1212793,-0.018781714,0.02150238,-0.002720666,LLG
265.5831641,-29.52228021,48.09428317,0.342631174,-0.605280047,0.262648873,LG
730.4038225,17.18775044,29.14785379,0.160737318,-0.489739541,0.329002222,LG
528.7372815,350.0519561,-876.7398145,0.041807349,-0.02665544,-0.015151909,LLL
-42.45811861,93.70579334,-54.140678,-0.578165316,0.113517812,0.464647503,Normal
807.9768965,66.83228515,-17.87967153,-0.20207918,0.029318965,0.172760215,LG
-67.8300733,87.0317662,-22.67144291,-0.361191573,-0.235593934,0.596785507,Normal
56.1388264,-407.824259,354.4492754,0.367824591,0.033889361,-0.401713952,LL
-309.3664674,-562.294394,871.6586088,-0.042052642,0.016492963,0.025559679,LLLG
10.31184227,-750.1957807,742.319697,-0.280241776,-0.007665,0.287906776,LL
44.73847208,35.25892907,-82.9180602,-0.237610226,0.617897392,-0.380287166,Normal
-35.57445164,783.9444506,-745.7507746,0.181615389,-0.000921074,-0.180694315,LL
-18.48844642,-590.5847569,611.5444177,-0.437801033,-0.025666932,0.463467965,LL
54.66843107,4.512198552,-62.46966005,0.097297115,0.480659104,-0.577956219,Normal
713.7109093,95.98592037,-807.643661,0.037998824,-0.035147214,-0.00285161,LLL
-60.46159137,91.56765183,-34.34521549,-0.460215261,-0.111305849,0.57152111,Normal
54.94767877,-5.587579281,-52.4083725,0.181128632,0.419044082,-0.600172715,Normal
705.2864116,108.2028363,-813.4892113,0.03833528,-0.034800558,-0.003534722,LLLG
259.0402865,-865.7694894,-49.67507957,-0.029981561,0.136926678,-0.106945117,LLG
-724.6590838,799.8908445,-75.23402444,0.005319614,0.033757796,-0.03907741,LLLG
55.7097012,1.097673995,-58.44462797,0.160564026,0.436283029,-0.596847054,Normal
-527.9838422,-349.771659,877.7532544,-0.041854151,0.026728861,0.01512529,LLLG
-795.2430302,726.9379587,10.7095771,-0.002623202,0.172566465,-0.169943264,LLG
54.19903058,-9.464514713,-47.78425398,0.225561525,0.382119418,-0.607680943,Normal
-883.4823482,450.8373944,432.6426901,-0.01922142,0.042339041,-0.023117621,LLLG
51.2409467,-13.22341664,-41.31383853,0.300628474,0.311688032,-0.612316506,Normal
43.89206709,96.34929809,-137.5288743,0.491072382,0.041569195,-0.532641577,LL
52.8735701,16.51017807,-72.30974509,-0.062281835,0.566087106,-0.50380527,Normal
10.74768286,-27.22393157,13.16119671,0.58900105,-0.229468428,-0.359532621,Normal
210.7078341,58.78915998,-48.01563902,-0.381271784,0.501578376,-0.120306592,LG
-560.7738679,-311.1514578,871.9230621,-0.041494133,0.0282489,0.013245234,LLLG
34.98706748,49.85638937,-87.75990868,-0.362676562,0.621409689,-0.258733127,Normal
668.9568795,-641.6420231,-25.21815262,0.020350756,-0.387326555,0.366975799,LLL
26.94836191,-32.35946505,2.461956833,0.553497681,-0.077241421,-0.47625626,Normal
-68.4839846,238.939544,-168.007202,-0.41262729,-0.041305895,0.453933185,LL
-616.5055935,-2.90512733,-36.76328945,-0.227833476,0.551914129,-0.324080653,LG
544.5952452,-4.871843926,40.25052835,0.260229118,-0.576020219,0.315791101,LG
150.7841353,-846.7257206,-53.30107629,-0.03222602,0.183975777,-0.151749758,LLG
53.79169372,-10.94495887,-45.8970592,0.242938122,0.366709363,-0.609647485,Normal
-820.3453572,125.750973,694.5921206,-0.032208919,0.039982616,-0.007773697,LLLG
53.5656895,-289.3620681,238.5811689,0.432943652,0.030455605,-0.463399256,LL
-393.2202372,19.09376627,-45.40425334,-0.311720895,0.602171711,-0.290450817,LG
50.76201649,-637.707681,589.5339297,0.13799927,0.026700093,-0.164699363,LL
-12.32984421,-630.7943878,645.5082422,-0.411715584,-0.021892286,0.43360787,LL
-815.0895072,111.9985628,703.0886808,-0.032637476,0.039756187,-0.007118711,LLLG
451.1341324,-1.874558166,34.27561986,0.280026364,-0.575274151,0.295247787,LLG
-723.9805891,800.6413865,-74.63136515,0.005326922,0.033742796,-0.039069718,LLL
-464.2959237,882.9543195,-418.6606595,0.021566404,0.020802758,-0.042369162,LLLG
-787.9245101,739.828051,50.20359894,-0.000643833,0.037016802,-0.036372968,LLL
54.37638491,-183.7886263,132.00485,0.423327025,0.04178367,-0.465110696,LL
48.22526921,-22.88902172,-28.27633815,0.379272797,0.222771689,-0.602044486,Normal
675.2316553,54.6507446,37.62058452,0.101130399,-0.429010239,0.32787984,LLG
498.3313512,42.71867107,5.622167306,0.240236299,-0.530466029,0.29022973,LLLG
-289.9871448,-62.23931515,46.51363343,0.376425879,-0.467361767,0.090935888,LG
56.48700376,-333.3727379,279.5519001,0.359575242,0.039490614,-0.399065856,LL
-71.08144381,57.81466963,10.2802646,-0.086174403,-0.465530874,0.551705277,Normal
860.081982,-325.9044645,22.22275433,0.025394863,-0.327964933,0.302570071,LLG
157.2687584,-17.83646721,18.92824877,0.355923156,-0.582518375,0.22659522,LLLG
-70.87193322,75.4110645,-7.769892328,-0.25207896,-0.343122698,0.595201658,Normal
42.09850845,40.41114568,-85.54360642,-0.27296225,0.622826003,-0.349863753,Normal
522.2835605,-7.089892784,41.15659918,0.268899914,-0.581640531,0.312740617,LG
850.6123958,-274.9028588,25.52213653,0.027581833,-0.339002568,0.311420734,LLG
-22.02735097,97.08818088,-78.46816852,-0.620712354,0.330924489,0.289787865,Normal
-327.3497365,874.977729,-545.5115172,0.027524559,0.014124901,-0.04164946,LLL
-304.7186206,26.45867576,-47.40930524,-0.334209505,0.605916174,-0.271706669,LG
576.0306194,-1.541888348,38.81181123,0.246700263,-0.566525839,0.319825575,LG
-315.1288413,872.110072,-556.983129,0.028019468,0.013510803,-0.041530272,LLLG
-765.2478539,2.014490986,765.2488015,-0.035760502,0.03758221,-0.001821708,LLL
-669.4009783,-141.0636448,-46.27951176,-0.039120767,0.37646472,-0.337343953,LLG
-69.667084,467.7415264,-395.5951315,-0.29461627,-0.035932451,0.330548721,LL
15.65433495,72.86256728,-91.78293919,-0.51089348,0.568859183,-0.057965703,Normal
-525.4245898,884.2064533,36.73907002,0.01806927,-0.010008389,-0.008060881,LLG
43.45036562,40.35347161,-87.20992054,-0.2396588,0.620910038,-0.381251238,Normal
732.4099763,-676.5069807,-53.84379052,0.014915249,-0.295435783,0.280520534,LLL
872.8345284,-567.342479,-305.4869332,0.013215876,-0.041523741,0.028307866,LLLG
-14.60778579,88.52368898,-76.81725922,-0.614766204,0.374793174,0.23997303,Normal
-32.52549458,95.72199778,-66.32430646,-0.609683814,0.225399175,0.384284639,Normal
55.46742319,-525.558414,472.6198651,0.240470284,0.033232767,-0.273703051,LL
30.83451328,-27.97691906,-6.165326776,0.529106311,-0.018283782,-0.510822529,Normal
422.3508005,-889.5461704,-42.65741357,-0.023290868,0.062951716,-0.039660848,LLG
-848.7549405,-38.50467329,-14.44524601,-0.039548832,0.347769085,-0.308220253,LG
257.53893,604.2744792,-859.7683145,0.041591885,-0.013936259,-0.027655626,LLL
54.49097324,-560.5155742,508.5435712,0.212223294,0.031517195,-0.243740489,LL
459.7219511,424.869822,-882.5435312,0.042248851,-0.023441649,-0.018807202,LLL
-36.43239762,93.73837906,-60.20093154,-0.598503919,0.178610686,0.419893232,Normal
476.9508776,-11.49845323,42.85037554,0.285472224,-0.591154091,0.305681867,LG
-20.11436323,-15.6468706,32.68204526,0.544028679,-0.465889055,-0.078139624,Normal
-291.2299218,25.08734805,-47.49416755,-0.330096409,0.605829165,-0.275732756,LG
-71.69884434,58.89053946,9.457700779,-0.059297722,-0.479900829,0.539198551,Normal
-855.3849892,-40.35181031,-12.93714775,-0.027571668,0.332012194,-0.304440527,LG
-68.57552046,81.78685466,-16.44489083,-0.32819819,-0.271143821,0.599342011,Normal
475.3503678,35.84021605,5.905358058,0.254156066,-0.54127196,0.287115894,LLLG
-659.9784056,-177.1767518,839.2469634,-0.039626304,0.032829303,0.006797002,LLL
33.45745579,-28.77659216,-7.862938149,0.516375452,0.009463464,-0.525838915,Normal
-790.90459,-67.85684314,20.0561763,0.217173328,-0.057795464,-0.159377864,LG
317.8586415,-25.42195247,47.15932467,0.33125469,-0.605829132,0.274574442,LG
148.8692933,679.6143261,-828.4858831,0.040266511,-0.008799546,-0.031466966,LLLG
-754.2351841,775.5065399,-19.16320324,0.002681182,0.035283709,-0.03796489,LLL
12.1895782,-20.34818312,22.40282929,0.590032314,-0.302332423,-0.287699891,Normal
51.95904421,-616.0805572,566.7178086,0.160677187,0.028219852,-0.188897039,LL
54.75404775,6.7654102,-64.68323674,0.060206441,0.503719536,-0.563925976,Normal
423.3894528,-445.7846953,24.53637755,0.033827322,-0.523465217,0.489637895,LLL
49.1329451,-21.8111622,-30.26130851,0.364560882,0.240582647,-0.605143529,Normal
-27.54223283,93.65158878,-69.12065079,-0.615711945,0.268749651,0.346962293,Normal
-58.43794065,792.3945419,-733.958305,0.036118732,0.001104545,-0.037223277,LLLG
-15.04472692,-608.8817897,626.2102428,-0.425138407,-0.023575475,0.448713882,LL
548.5067196,69.76062481,-38.17415105,-0.333407712,0.317253015,0.016154697,LG
743.4800571,15.93666397,23.63156387,0.037754323,-0.36796829,0.330213966,LLLG
-750.3992132,252.9058484,-10.49681381,-0.057660659,0.31270338,-0.255042721,LLG
8.388233989,-743.5421963,737.5847062,-0.29337558,-0.008969546,0.302345126,LL
522.5772539,-877.905041,357.3226076,-0.018688172,-0.023561719,0.042249891,LLL
733.0822135,-803.7298417,-19.46615211,-0.003660123,-0.118313948,0.12197407,LLG
23.5460005,-32.44838975,5.952109021,0.565964952,-0.114615577,-0.451349375,Normal
270.3226484,592.9853672,-863.30932,0.041725121,-0.014564856,-0.027160264,LLLG
-93.82301352,-714.1819982,808.0027483,-0.039421929,0.00626992,0.033152009,LLLG
51.76310916,737.0264953,56.90161292,0.038613329,-0.252062402,0.213449073,LLG
-141.1634024,825.6092674,-684.4476393,0.033877333,0.005085718,-0.03896305,LLLG
-681.7564813,831.7087446,24.49389324,0.007973304,0.083915476,-0.09188878,LLG
822.7089331,-690.7488835,-131.9623123,0.004582123,-0.038722803,0.034140681,LLLG
-183.7424621,-57.52008746,48.42325424,0.382147983,-0.512008291,0.129860309,LG
-626.2405072,-4.015581903,-36.22791802,-0.222974338,0.547918422,-0.324944084,LG
-660.009248,-177.1962017,839.218372,-0.039626757,0.032829664,0.006797092,LLL
-317.6147118,25.42399096,-47.15751419,-0.331238276,0.605829196,-0.27459092,LG
-35.40643945,45.45336693,-49.92928772,-0.375497694,0.576500706,-0.201003012,LG
-352.9601813,878.5087609,-523.432511,0.026499804,0.015372711,-0.041872515,LLL
584.9703692,70.40775739,-36.02733057,-0.321247591,0.284213149,0.037034442,LG
-562.5856125,-60.91784627,14.35820396,0.201832401,0.046764805,-0.248597207,LG
14.13071561,73.1263635,-90.39934398,-0.521007925,0.55973894,-0.038731015,Normal
-440.9272481,-430.3633985,-55.26334074,-0.042310505,0.351589412,-0.309278908,LLG
-748.3888682,-1.885627427,-40.29751362,-0.036097423,0.373039026,-0.336941604,LLG
-224.085281,-59.40136904,47.79433842,0.380702634,-0.496176973,0.11547434,LG
-69.29865678,477.9692374,-406.2868819,-0.287982607,-0.035527184,0.323509791,LL
304.9591034,-26.45656132,47.4111865,0.334225808,-0.605916045,0.271690237,LG
-24.38039363,-752.3837464,-56.5577722,-0.038057633,0.243162537,-0.205104904,LLG
761.1942108,-776.9547353,-16.01183248,-0.001092165,-0.140482882,0.141575047,LLG
451.7826158,28.99131899,6.228132693,0.267193347,-0.550958162,0.283764815,LLLG
-135.1040406,-688.8695694,823.9713544,-0.040110818,0.008236397,0.031874421,LLLG
598.5974115,-868.0917036,-31.624128,-0.013760908,-0.031349465,0.045110373,LLG
-68.86106511,506.6799285,-435.4296039,-0.268008372,-0.0344026,0.302410972,LL
-858.3673768,-41.26009655,-12.17776385,-0.021571427,0.324009911,-0.302438484,LG
344.0725696,-894.2531809,-46.66432843,-0.026146652,0.102743419,-0.076596767,LLG
-29.12534527,96.37407485,-70.50036021,-0.615718627,0.261541177,0.35417745,Normal
276.918694,61.70182117,-46.79329787,-0.377462826,0.473361355,-0.095898529,LG
567.9699022,-571.2817284,5.440311356,0.026948229,-0.471126297,0.444178068,LLL
-481.8596471,-403.5090678,-52.84785982,-0.035820299,0.360792455,-0.324972156,LLG
-871.6323618,-57.66764792,4.163646507,0.103374016,0.140692578,-0.244066594,LG
790.8218458,-729.0070604,-59.82060772,0.003264642,-0.084339145,0.081074503,LLL
-58.76606348,-50.80814515,111.9082284,-0.492879312,-0.041879177,0.534758489,LL
249.5406989,-859.0516069,609.5086485,-0.030470131,-0.010236464,0.040706596,LLLG
593.2449127,-878.7842228,-32.38024405,-0.013931489,-0.025751929,0.039683418,LLG
-30.66660674,99.27222064,-72.03092666,-0.615658121,0.254392316,0.361265806,Normal
-12.91216261,92.32698399,-82.79939972,-0.613116573,0.4004658,0.212650773,Normal
-539.0465593,-336.9820701,876.026383,-0.04174431,0.0272422,0.01450211,LLLG
163.4231183,671.1742162,-832.4735243,0.040491876,-0.009478617,-0.031013259,LLL
861.6469383,-261.4819587,-600.167243,0.027450595,-0.041608247,0.014157652,LLLG
-44.22454159,97.34936365,-56.3711447,-0.576187166,0.106300427,0.469886738,Normal
-30.3607219,94.19739635,-66.84710123,-0.612240471,0.242467962,0.369772509,Normal
-54.2900338,-136.0965174,192.6257468,-0.503499631,-0.040943002,0.544442633,LL
-25.45282235,765.0031002,-736.907175,0.259636365,0.006375513,-0.266011879,LL
-127.5550402,820.7411645,-693.188388,0.034261243,0.004433152,-0.038694394,LLLG
-463.5284163,883.641844,-417.9991886,0.021579818,0.020782881,-0.042362699,LLL
54.95003798,-1.064759916,-57.05179449,0.144203817,0.447559176,-0.591762994,Normal
-35.25769541,96.03532466,-63.90453087,-0.603999428,0.198322177,0.405677251,Normal
28.7855832,-29.65607814,-2.313414972,0.541684168,-0.047493019,-0.494191149,Normal
-623.5812659,-209.5741477,-48.85150933,-0.040274261,0.374697286,-0.334423025,LLG
-446.384881,-435.9621559,884.356094,-0.042325841,0.022943646,0.019382196,LLL
-70.3561167,52.53519738,14.71945648,-0.02021726,-0.501884158,0.522101418,Normal
-67.21742448,82.42569517,-18.32078137,-0.35173353,-0.246542032,0.598275561,Normal
687.6491754,136.5001826,-824.1516216,0.038828705,-0.033981872,-0.004846833,LLLG
-104.1153315,41.05535106,-49.75600781,-0.368523383,0.58935608,-0.220832696,LG
-129.0834392,-707.1494053,-57.60055592,-0.039245855,0.280426362,-0.241180507,LLG
-152.6007846,832.9017448,52.98123725,0.0334965,-0.179805499,0.146308999,LLG
-563.5541397,-290.0355521,-51.53893247,-0.041330783,0.369529377,-0.328198595,LLG
-759.9000138,-44.53652324,-10.49586063,-0.010052517,0.299531269,-0.289478752,LG
-68.58162244,46.42378878,18.81141284,0.06418862,-0.538718274,0.474529653,Normal
-855.0068147,234.3679726,620.6365785,-0.028503902,0.041435121,-0.01293122,LLLG
51.93241535,19.42903642,-74.28660522,-0.090668369,0.577659571,-0.486991203,Normal
700.1072156,-817.1327467,117.023269,-0.007347312,-0.032423973,0.039771286,LLLG
54.90703505,4.974045914,-63.04546792,0.079059082,0.492037556,-0.571096638,Normal
-72.40426483,798.6096235,-726.2076224,0.035754819,0.001779329,-0.037534148,LLLG
33.6525894,-785.4978584,754.4530692,-0.081378053,0.008883415,0.072494638,LL
-61.15774528,-3.181119877,66.7718962,-0.484144417,-0.042314202,0.526458618,LL
355.7932536,-22.28373908,46.33197764,0.321841951,-0.604671629,0.282829677,LG
708.4880524,-811.7421555,103.2518398,-0.006691171,-0.032847155,0.039538326,LLLG
56.67358646,-408.5664521,354.544796,0.318873881,0.037567953,-0.356441834,LL
-848.2635014,-62.87700427,11.13285482,0.154268736,0.056248022,-0.210516758,LG
55.64708557,-0.98169743,-57.59673269,0.11746078,0.465833242,-0.583294022,Normal
18.33866085,-789.1503875,770.8636145,-0.035356647,0.000297758,0.035058888,LLLG
463.7294824,68.0973257,-41.43428034,-0.352238087,0.371984453,-0.019746366,LG
-807.995827,-66.83238931,17.87934199,0.202084259,-0.02931889,-0.172765369,LG
55.13202268,11.5094937,-68.77020216,0.049057329,0.511790144,-0.560847473,Normal
856.2984583,-301.4457045,23.8811819,0.026557629,-0.333684963,0.307127335,LLG
-42.05243554,98.84062776,-60.16270639,-0.586715745,0.135252968,0.451462777,Normal
712.8936241,-816.5052823,105.7619612,-0.006331631,-0.033155321,0.039486952,LLL
-631.3587005,406.6852832,11.34812444,-0.12665612,0.257281473,-0.130625353,LLG
-117.7935866,40.14447733,-49.68447283,-0.366854212,0.5914933,-0.224639088,LG
-71.20788194,76.73972952,-8.889220167,-0.252613232,-0.342336994,0.594950226,Normal
-65.54474517,119.3411679,-51.35761891,-0.453931569,-0.042326785,0.496258355,LL
880.6338522,-367.04967,-513.5814044,0.023322385,-0.042341116,0.019018731,LLLG
2.627776081,81.58153155,-87.34795084,-0.573958179,0.498732424,0.075225755,Normal
416.0165777,19.599404,7.465368735,0.285077775,-0.563413938,0.278336163,LLLG
781.8017209,-69.16130986,36.91887912,0.034311622,-0.367905072,0.33359345,LLG
31.01721626,-797.0035968,-55.89292427,-0.034905847,0.228009779,-0.193103931,LLG
-833.0112072,-34.69887409,-17.41780396,-0.063375181,0.378238055,-0.314862874,LG
-71.05193687,55.69841575,12.12989337,-0.039760247,-0.49115965,0.530919897,Normal
30.70024826,-30.68465774,-3.07884067,0.534291784,-0.029293945,-0.504997838,Normal
415.6061316,-10.69769441,36.24319052,0.297140575,-0.586939902,0.289799327,LLG
-71.20814536,56.08275211,11.77575499,-0.030780298,-0.495424557,0.526204855,Normal
-1.165880847,-699.5281953,703.0063346,-0.354371474,-0.015333799,0.369705273,LL
-71.01377072,55.13619598,12.52825836,-0.021263151,-0.500346063,0.521609214,Normal
54.25561948,-603.3116504,551.7703575,0.222133949,0.025886525,-0.248020474,LL
-370.8023518,-526.4755166,897.3817245,-0.042337316,0.019111328,0.023225989,LLLG
655.5197293,-845.8013965,-26.93264549,-0.009929965,-0.066522694,0.076452659,LLG
55.05087351,-4.783582524,-53.31527106,0.172089617,0.426140021,-0.598229638,Normal
-869.7015324,498.6402868,-10.05212838,-0.017399207,0.27972535,-0.262326143,LLG
417.4181151,454.0895715,55.76302016,0.042373504,-0.347190531,0.304817028,LLG
2.374808837,-26.02223757,20.45463284,0.591871619,-0.305497879,-0.28637374,Normal
-37.77396846,-744.694337,784.5498843,-0.038359987,0.003611934,0.034748054,LLL
-8.219892504,-19.15868328,23.92840263,0.579237346,-0.379854138,-0.199383208,Normal
52.9435964,-262.222929,212.0714805,0.434249618,0.044126878,-0.478376495,LL
-852.1803305,-39.43325489,-13.69303187,-0.033564595,0.339932591,-0.306367996,LG
53.42891396,14.00606086,-70.84987175,0.011731706,0.532378612,-0.544110317,Normal
-7.27243021,87.32268712,-83.18588525,-0.602968884,0.434814389,0.168154495,Normal
53.59325754,13.58931711,-70.46844574,0.002764788,0.536624355,-0.539389143,Normal
20.49652443,-27.2518009,3.314473354,0.569275536,-0.130071294,-0.439204242,Normal
219.5665197,-855.1070033,-51.01035137,-0.031357802,0.153297831,-0.121940029,LLG
884.5204081,-403.9169507,-478.4622276,0.021640675,-0.042430204,0.020789529,LLL
24.60288922,61.67575332,-89.19145303,-0.45562941,0.597445837,-0.141816427,Normal
71.71878706,-812.6833913,741.011994,-0.035272638,-0.001956506,0.037229144,LLLG
-9.109390681,-651.6364967,663.0411246,-0.397118997,-0.020160371,0.417279368,LL
650.6792674,-851.7029227,201.0382971,-0.010745822,-0.030080891,0.040826713,LLLG
-25.96680477,-8.276644654,30.78790205,0.522008592,-0.490542889,-0.031465703,Normal
-27.88149103,-6.830285662,31.2556493,0.512901787,-0.500463515,-0.012438272,Normal
-819.6709458,126.4974307,695.1906976,-0.032201612,0.039967616,-0.007766004,LLL
-774.3340254,224.0667364,552.4502797,-0.053908427,0.042630581,0.011277846,LLL
-4.23447933,-24.50679221,25.66681409,0.585845724,-0.360361105,-0.225484619,Normal
40.51941148,42.15271102,-85.59081742,-0.29796492,0.623716146,-0.325751226,Normal
-44.93737925,-288.9124401,336.0931209,-0.507400226,-0.037904881,0.545305107,LL
129.5752465,54.81721278,-49.09119879,-0.382738676,0.531342823,-0.148604147,LG
544.7152311,-874.4731471,331.7523531,-0.017484763,-0.024655001,0.042139763,LLL
-845.3793125,644.8645612,200.5125867,-0.007923657,0.040028832,-0.032105176,LLLG
-6.656714923,84.88754219,-81.13441477,-0.601989685,0.433374373,0.168615313,Normal
786.285256,-709.7403781,-74.53616805,0.007223999,-0.149406943,0.142182944,LLL
-539.050003,-336.9769522,876.0246917,-0.041744649,0.027242467,0.014502182,LLLG
-51.25291289,14.48025478,33.56201579,0.336806487,-0.583364982,0.246558495,Normal
44.78144874,-96.71760912,54.76369037,0.481172406,0.054318922,-0.535491328,LL
-699.3012993,817.3842864,-115.9734159,0.007303749,0.032494791,-0.03979854,LLL
-873.3689791,-47.32332272,-6.7909826,0.020492301,0.265868294,-0.286360595,LG
42.07220126,44.59869929,-89.59241728,-0.266437764,0.625125909,-0.358688145,Normal
-46.32577213,7.588056938,35.64993291,0.382292396,-0.57615655,0.193864154,Normal
-737.9553636,-24.84710038,764.9802204,-0.046316146,0.038392308,0.007923838,LLL
-461.5444255,-438.2378731,899.9067358,-0.042889439,0.023436134,0.019453305,LLLG
52.75269233,-12.91630796,-40.42626347,0.322841285,0.287949595,-0.610790879,Normal
40.10091956,-764.4268768,726.9593249,-0.010156849,0.014287806,-0.004130957,LL
-64.625379,632.3201794,-565.2747961,-0.160259233,-0.027689177,0.18794841,LL
-768.5756806,40.04623091,-38.30185318,-0.03501393,0.370210906,-0.335196976,LLG
26.64168254,-31.14655222,1.440147225,0.553009955,-0.076524168,-0.476485787,Normal
289.9679462,62.2391956,-46.51397463,-0.376420781,0.467361866,-0.090941085,LG
-867.9313049,-58.92875569,5.724478748,0.114898726,0.122111034,-0.23700976,LG
55.30766205,-1.478846894,-56.87562377,0.135499668,0.4535019,-0.589001567,Normal
-70.56419636,54.80304285,12.88782285,-0.066768979,-0.47744129,0.544210269,Normal
-14.52066713,723.3119499,-706.2232181,0.32995047,0.013488372,-0.343438842,LL
-49.26292874,-753.9518045,805.3783025,-0.037726053,0.003755331,0.033970722,LLL
22.32645103,-775.0676053,755.2112605,-0.188820273,0.000941167,0.187879106,LL
-632.3090342,-218.5221225,850.8289142,-0.040296628,0.031545621,0.008751007,LLLG
776.5123557,-52.73472298,22.34931157,0.03460308,-0.363893577,0.329290497,LLLG
734.6266364,28.79059658,41.57353855,0.036827074,-0.374494101,0.337667027,LLG
54.46603467,15.19869702,-71.92502369,0.0111519,0.533217356,-0.544369256,Normal
-291.7499755,27.48673417,-47.64949171,-0.337098432,0.605853606,-0.268755174,LG
-46.73688911,-265.8711952,314.9446277,-0.508302637,-0.038478816,0.546781452,LL
-13.61729213,88.11819352,-77.40253626,-0.613686078,0.382443385,0.231242693,Normal
348.7613852,529.8357929,-876.5507071,0.042207326,-0.01823977,-0.023967556,LLL
-883.528982,438.8280634,444.6987194,-0.019810778,0.042368203,-0.022557425,LLLG
35.41703801,-761.2165097,728.3145711,-0.066164602,0.01144273,0.054721872,LL
-317.9505099,-546.912635,-57.22291324,-0.042108096,0.326174288,-0.284066192,LLG
-65.86311993,39.48273134,23.03621816,0.129657245,-0.560876754,0.431219509,Normal
-43.84582538,-314.0034305,360.2861558,-0.506287692,-0.037529535,0.543817227,LL
-160.3214251,-668.772174,-57.71277556,-0.040498631,0.285143715,-0.244645083,LLG
-618.1100658,861.3822968,30.08871725,0.012490448,0.043128164,-0.055618612,LLG
-41.18187719,3.899356406,33.95022033,0.429261334,-0.558668766,0.129407431,Normal
-532.9802171,876.5643399,-343.5863865,0.018041561,0.024185021,-0.042226582,LLLG
35.81837337,50.40060664,-89.36910618,-0.347961882,0.624328938,-0.276367056,Normal
30.78653089,60.01352309,-93.91447343,-0.395628699,0.620514821,-0.224886122,Normal
487.7449706,-882.1666723,394.4194406,-0.020465631,-0.021863527,0.042329158,LLLG
17.21200304,69.53354693,-89.77018633,-0.504371793,0.571334668,-0.066962875,Normal
-33.76772323,97.12821689,-66.61056222,-0.608452809,0.217181979,0.39127083,Normal
55.1549602,4.614139406,-62.81385926,0.070146531,0.497197058,-0.567343588,Normal
465.0280899,-882.6868605,419.6545498,-0.021613539,-0.020729075,0.042342614,LLL
52.88572398,-135.6776589,85.48599686,0.439302268,0.042141496,-0.481443765,LL
185.664591,-35.44614956,49.14310844,0.357164948,-0.599980763,0.242815815,LG
-876.950266,531.4620988,345.4859809,-0.014960794,0.041834877,-0.026874083,LLLG
-816.7509587,699.59082,119.2662662,-0.003964955,0.038521814,-0.034556859,LLL
-744.3670792,-69.66017584,24.95199286,0.250445894,-0.123633137,-0.126812757,LG
44.45752445,-26.36177485,-16.1518174,0.497061187,0.049907817,-0.546969004,Normal
40.97938934,-28.89760131,-8.32011285,0.540471092,-0.035540481,-0.504930612,Normal
3.982776386,-28.84059632,21.90157948,0.59320592,-0.298896568,-0.294309351,Normal
522.6726757,-7.087681211,41.15880042,0.2689167,-0.581640506,0.312723807,LG
283.9680132,583.7126286,-865.6351539,0.04181945,-0.015185363,-0.026634088,LLL
-269.3390357,-593.0168832,864.4409012,-0.041750438,0.014621131,0.027129307,LLL
-778.6730015,29.78438678,750.9834383,-0.035028334,0.038178455,-0.003150121,LLL
40.83985808,43.93840343,-88.05435793,-0.28254741,0.62501306,-0.34246565,Normal
815.9685734,66.44533711,-17.15736803,-0.196826517,0.019809214,0.177017303,LG
239.4000167,-31.52660871,48.49391653,0.347830454,-0.604109235,0.256278781,LG
803.5911393,-728.0649535,-75.51764587,0.002211829,-0.03779276,0.035580931,LLLG
-784.8244431,-68.16515476,20.77192579,0.222097057,-0.067262299,-0.154834757,LG
859.4811765,41.2592568,12.1766892,0.021625415,-0.324009774,0.302384359,LG
-28.50188018,-488.7017237,519.465181,-0.47559283,-0.030680853,0.506273683,LL
-3.39562867,-688.3992823,694.1974977,-0.365739023,-0.016566237,0.38230526,LL
19.28125562,69.63778664,-92.18633496,-0.488164536,0.583939428,-0.095774892,Normal
879.148308,53.54485551,0.533828773,-0.068157803,-0.195531435,0.263689239,LG
-275.1822496,865.3299245,-588.0303858,0.02949171,0.011588711,-0.041080421,LLL
-883.2043858,462.7156589,420.4864633,-0.018626007,0.042298398,-0.023672391,LLLG
49.56576552,-21.2526681,-31.25234054,0.357064492,0.249406937,-0.606471429,Normal
102.2398887,53.38325267,-49.35323518,-0.382472454,0.540228116,-0.157755663,LG
-2.56595419,-24.10822721,23.47985094,0.587947364,-0.344591858,-0.243355506,Normal
17.03251104,-773.7972795,756.7625051,-0.037161623,0.000970024,0.036191598,LLLG
-47.78441988,98.25776755,-53.84559307,-0.561463278,0.069252529,0.492210749,Normal
183.8960035,-43.32851186,48.19713714,0.36067884,-0.604693983,0.244015143,LLG
-868.2285284,-44.79079887,-9.113603757,0.002465466,0.291221269,-0.293686735,LG
-807.9682868,-66.83177549,17.87995063,0.202085417,-0.0293189,-0.172766517,LG
-726.5511379,-43.79360081,-42.2034046,-0.037101998,0.375039732,-0.337937734,LLG
55.02883389,7.044562908,-65.00220704,0.032784889,0.518890781,-0.551675669,Normal
54.32521436,8.972004,-66.58466873,0.050228578,0.510151431,-0.560380009,Normal
30.67653108,58.68720449,-92.76361946,-0.395065759,0.619687571,-0.224621812,Normal
-170.2344911,-56.86488218,48.60858232,0.382439789,-0.517034494,0.134594705,LG
184.3565111,-15.80958491,18.07180584,0.351902474,-0.585103745,0.233201271,LLLG
48.38036753,-21.14758404,-30.2878018,0.371478077,0.232418483,-0.60389656,Normal
-106.2326351,-704.3177747,-57.42049149,-0.039639054,0.269139499,-0.229500446,LLG
-64.48642843,89.60338562,-28.48078842,-0.41310214,-0.174645617,0.587747757,Normal
266.4282609,589.8566124,57.61380949,0.041725865,-0.313706762,0.271980897,LLG
-866.0739657,-43.92391066,-9.88324278,-0.003546189,0.299531292,-0.295985102,LG
-8.824528781,-774.923931,785.9114054,-0.036944471,0.001809335,0.035135136,LLL
729.0111891,-804.9087351,78.04743579,-0.004964743,-0.03398095,0.038945693,LLL
-51.57979718,758.9470708,-704.7946981,0.027360434,-0.013967488,-0.013392946,LL
-737.167035,791.9871103,18.60321106,0.003359938,0.123689222,-0.12704916,LLG
-669.8155867,-164.3242274,834.1375506,-0.039393451,0.033261523,0.006131927,LLLG
-651.5505517,-168.6006835,-47.34355122,-0.039611248,0.376035783,-0.336424535,LLG
-761.4084739,768.7642807,-5.32734947,0.002013907,0.03565044,-0.037664347,LLL
212.5226252,-33.50394095,48.84158589,0.3526668,-0.602342212,0.249675412,LG
23.9852191,64.11862891,-91.24943641,-0.456611718,0.598890425,-0.142278707,Normal
719.4967867,56.75570768,42.81351424,0.037468549,-0.37554971,0.338081161,LLG
85.78851384,-817.5810389,733.9540161,-0.035135054,-0.002580742,0.037715796,LLL
-10.58468278,90.07866938,-82.75155994,-0.609382158,0.41432849,0.195053668,Normal
-22.38704253,-13.04720821,32.23377461,0.535752475,-0.476304899,-0.059447576,Normal
-739.4433674,788.4512075,-46.89928234,0.004007696,0.034528952,-0.038536649,LLL
0.291155534,80.99988195,-84.19657894,-0.583170491,0.479288798,0.103881693,Normal
-681.3580657,-10.64906913,-32.83385199,-0.192708649,0.521141869,-0.32843322,LG
603.0273651,257.5079321,-860.5357633,0.040857316,-0.030121656,-0.01073566,LLLG
820.9930642,66.05310407,-16.41971645,-0.191651663,0.010294472,0.181357191,LG
-633.0651947,-195.956392,-48.36063633,-0.040063563,0.375236367,-0.335172804,LLG
-63.66306973,88.78410018,-28.35831827,-0.419682819,-0.16639863,0.586081449,Normal
56.42236587,-300.0073533,246.1610784,0.375837711,0.040170435,-0.416008146,LL
0.714719962,-22.99067133,18.82854706,0.590308117,-0.311901517,-0.2784066,Normal
526.8600981,69.36460748,-39.16057331,-0.339110685,0.333311405,0.00579928,LG
46.69975515,-720.9394054,676.9043531,0.077650687,0.019040445,-0.096691132,LL
245.9426982,-862.4292309,-50.1325965,-0.030447772,0.142419257,-0.111971485,LLG
-719.0889903,373.8999447,-3.137495074,-0.125954701,0.284502425,-0.158547724,LLG
-780.8702695,165.6098653,615.6468037,-0.053778243,0.043503783,0.01027446,LLLG
544.1878213,-4.874024627,40.24835799,0.260211553,-0.576020244,0.315808692,LG
498.3253088,68.93259387,-40.07588541,-0.34479315,0.349040877,-0.004247727,LG
-706.6690085,-13.93374743,-31.02527864,-0.176916606,0.506002461,-0.329085855,LG
-71.21548439,56.63429423,11.35725259,-0.049266785,-0.485984724,0.535251509,Normal
792.8567515,-58.28974031,-734.5662644,0.034287781,-0.038721425,0.004433644,LLLG
53.88189589,-8.210254874,-48.84089744,0.225057172,0.382861122,-0.607918294,Normal
37.76110776,-24.38691671,-16.80794385,0.479850777,0.077569588,-0.557420365,Normal
792.2262148,-739.349671,-11.6066638,0.002239966,-0.16746403,0.165224064,LLG
678.8485895,150.1947987,-829.0456518,0.039088683,-0.033581505,-0.005507178,LLLG
-334.5130952,-539.8329946,876.4320743,-0.042190121,0.017695805,0.024494316,LLL
693.0578523,71.19128562,20.59865874,0.072389155,-0.395522192,0.323133037,LLLG
-57.1330585,89.43685338,-35.191243,-0.483566303,-0.07608899,0.559655293,Normal
-473.938925,-412.7168821,-53.23874858,-0.039536213,0.361101632,-0.321565418,LLG
-603.5430453,439.3996226,9.638568731,-0.248609301,0.263482559,-0.014873258,LLG
-71.14375628,55.56138403,12.11123465,-0.012298142,-0.504324527,0.516622669,Normal
-7.598492022,88.61225037,-84.27227101,-0.603487432,0.435576969,0.167910463,Normal
815.9478551,-113.6467208,-702.3001051,0.032660982,-0.039729716,0.007068734,LLLG
511.3137433,-879.2960852,369.9773541,-0.019283041,-0.023006279,0.04228932,LLL
-66.91022403,40.62650624,23.30236999,0.084563172,-0.548013633,0.463450461,Normal
2.694297871,-27.28580795,21.51912021,0.592379715,-0.306245088,-0.286134627,Normal
-731.8313935,794.654751,-60.79412023,0.004666305,0.034141348,-0.038807653,LLL
-36.24230074,0.183680981,32.59993629,0.46562064,-0.538602769,0.072982128,Normal
-71.35327386,56.51297964,11.36904657,-0.021817101,-0.499531527,0.521348628,Normal
-373.348161,-507.0712428,880.4171526,-0.04233655,0.019504518,0.022832032,LLLG
14.7320365,73.64546594,-91.64322555,-0.516272515,0.564748328,-0.048475813,Normal
-398.3205024,-484.0834469,882.4016857,-0.042377373,0.020676762,0.021700611,LLLG
-31.06274813,778.1957114,-744.5026514,0.217907626,0.002405359,-0.220312986,LL
-71.16622428,67.36543848,0.81111742,-0.188496367,-0.39564766,0.584144026,Normal
-342.238819,224.8213448,119.1496044,0.095346975,-0.002325879,-0.093021096,LLLG
155.0200338,-831.0687608,676.0464636,-0.033517762,-0.005665538,0.0391833,LLLG
-66.20500011,40.8576495,21.87843735,0.129104177,-0.560063475,0.430959298,Normal
24.10196566,-31.23636562,4.068793779,0.562572507,-0.104598031,-0.457974476,Normal
30.21670303,-773.4883453,745.6717516,-0.120641742,0.00689845,0.113743292,LL
-732.4774327,793.8562743,-61.38095321,0.004662211,0.034153804,-0.038816014,LLLG
-52.02364299,755.753747,-701.2569313,0.019566967,-0.014576368,-0.004990599,LL
48.06268403,-19.89115387,-31.34627371,0.370972852,0.23316147,-0.604134323,Normal
-832.4286196,-64.79542164,14.16656138,0.175957904,0.018255485,-0.194213389,LG
46.45398575,-18.27920853,-31.60367723,0.384422297,0.216822386,-0.601244683,Normal
837.5070214,-647.4720054,-2.602643986,0.008546286,-0.217991189,0.209444903,LLG
1.319563075,83.50279244,-88.08368776,-0.578014064,0.493611085,0.084402979,Normal
182.2681344,-840.1059857,657.8355924,-0.032686696,-0.006981043,0.039667739,LLLG
-66.7121862,86.8447985,-23.49482774,-0.376081608,-0.219049188,0.595130796,Normal
-596.2540467,863.1432717,-264.8570604,0.014363647,0.027338009,-0.041701655,LLL
336.1761813,-881.3085727,-46.67687216,-0.027032615,0.103309396,-0.07627678,LLG
27.64252755,-28.43882558,-2.512706309,0.544902099,-0.056166934,-0.488735165,Normal
-62.32490114,88.48587574,-29.27677735,-0.433097238,-0.148952181,0.582049419,Normal
48.52878843,-1.70278193,-44.21547939,0.474561177,0.042269641,-0.516830818,LL
55.34117291,-242.4958047,189.8351717,0.400693687,0.041103003,-0.44179669,LL
510.6472439,-880.0359408,369.3864357,-0.0192903,-0.022991317,0.042281616,LLLG
597.6648501,-862.1251234,266.4537523,-0.014403474,-0.027279326,0.0416828,LLL
216.9451019,632.9415857,-849.8880744,0.041186341,-0.012037941,-0.0291484,LLLG
39.57273663,45.89678799,-88.74499141,-0.299470455,0.625930197,-0.326459741,Normal
746.0140956,19.33775673,27.86158845,0.149776256,-0.478291209,0.328514953,LG
-50.62120318,93.52314146,-45.90542965,-0.537808979,0.019426902,0.518382077,Normal
853.8051608,-625.3225737,-226.4181409,0.009181761,-0.040375733,0.031193972,LLL
-49.3285799,12.96463158,33.02844391,0.359177694,-0.579270756,0.220093062,Normal
-67.57971583,42.84011751,21.64111465,0.074662691,-0.543841263,0.469178571,Normal
-19.52982327,90.3344071,-73.70454607,-0.617932859,0.335260173,0.282672686,Normal
-1.906037185,-23.20630535,21.79314629,0.588501762,-0.336168508,-0.252333254,Normal
860.5578301,-579.4930388,3.740688021,0.013242145,-0.250490244,0.237248099,LLG
-544.2029538,4.874042118,-40.24856388,-0.260206276,0.576020351,-0.315814074,LG
-321.6309473,-550.7470918,874.4638231,-0.042122921,0.017088987,0.025033934,LLL
47.60181705,-20.42328026,-30.35358546,0.378281295,0.224229799,-0.602511094,Normal
538.6198511,-885.3551787,346.7547065,-0.01762655,-0.02451911,0.042145659,LLLG
-64.06355128,646.3913136,-579.806128,-0.145224019,-0.026698425,0.171922443,LL
-39.05688437,785.0825127,-743.4154997,0.151748288,-0.003579109,-0.148169179,LL
-296.3305315,-572.930515,869.258783,-0.041964895,0.015878042,0.026086853,LLLG
3.262675547,-732.6524971,731.9067072,-0.324725922,-0.012878276,0.337604198,LL
458.8422172,67.70185295,-41.95013413,-0.354266153,0.379451192,-0.025185038,LG
511.1368054,-8.195333799,41.5955436,0.273145097,-0.584235755,0.311090658,LG
-673.1514834,836.5727163,25.31288632,0.008625783,0.07813939,-0.086765174,LLG
-774.9198086,53.99418571,-37.61772349,-0.034634497,0.369084599,-0.334450102,LLG
-49.97924118,-221.5425366,273.9545382,-0.508386729,-0.039707924,0.548094653,LL
13.46442474,75.76156147,-92.61935096,-0.522067569,0.561297259,-0.03922969,Normal
6.525795767,78.94083762,-88.60648335,-0.55843641,0.521074204,0.037362206,Normal
249.4507897,-279.1308233,31.81909469,0.039095989,-0.537089256,0.497993267,LLL
50.47176514,23.35870167,-76.75449601,-0.128235754,0.591153137,-0.462917383,Normal
5.950860794,47.95932928,-49.88548635,-0.378573245,0.567075379,-0.188502134,LG
798.3959853,27.7197212,22.44840291,0.104454284,-0.427897732,0.323443448,LG
14.01415343,-21.17319804,21.13140993,0.591573059,-0.294272409,-0.297300651,Normal
836.6846237,64.33953832,-13.41311233,-0.170592083,-0.02776615,0.198358233,LG
802.0468013,-720.5139534,-58.76320547,0.002593653,-0.063740684,0.061147031,LLLG
-179.4731963,842.3246879,52.23088231,0.032664957,-0.169324628,0.136659671,LLG
-4.614637148,87.02505725,-85.66987236,-0.59628336,0.455903282,0.140380079,Normal
-379.0778368,-65.56306634,44.24221224,0.366551503,-0.422222904,0.055671401,LG
-673.8324258,831.5596758,-157.7293357,0.009253719,0.031192384,-0.040446104,LLLG
-70.00836663,416.965323,-344.4862165,-0.326104358,-0.037590946,0.363695304,LL
-824.7243153,140.2188202,686.5228715,-0.031765115,0.040184191,-0.008419076,LLL
-20.1798655,-568.9079522,591.4574438,-0.445771798,-0.026262707,0.472034506,LL
873.1223911,-424.9692947,-13.68691952,0.020924218,-0.286986155,0.266061937,LLLG
343.4198545,-23.33418653,46.62074591,0.325068099,-0.605206836,0.280138736,LG
-487.2426988,-380.5999009,-54.09454683,-0.042099607,0.359359744,-0.317260137,LLG
669.7978263,-842.156787,174.5102972,-0.009476362,-0.031013883,0.040490244,LLL
846.5882436,-631.2438701,-0.794716531,0.010037367,-0.227654198,0.217616832,LLG
32.27642732,297.5211357,-327.1771249,0.500508635,0.037936051,-0.538444686,LL
798.1856283,-71.06074815,-727.1271437,0.033820018,-0.038929665,0.005109647,LLLG
-99.52012059,39.76800962,-50.06094586,-0.366197335,0.591493327,-0.225295991,LG
-328.1357507,874.3161723,-546.1826853,0.027509414,0.014146192,-0.041655606,LLLG
-57.2820002,-89.08145385,148.7948077,-0.49828649,-0.041684867,0.539971356,LL
246.2542963,-870.4680099,624.2485417,-0.029704416,-0.01043657,0.040140986,LLLG
650.1003949,80.38990959,14.8585306,0.112367238,-0.427799938,0.3154327,LLLG
-70.46895728,52.85936203,14.38689676,-0.011211308,-0.505922728,0.517134037,Normal
25.15234166,62.00452772,-90.18412295,-0.449570086,0.600871395,-0.151301309,Normal
393.2010593,-19.09388374,45.40391295,0.311725968,-0.602171633,0.290445665,LG
47.73331434,-710.8337395,665.7706239,0.093365099,0.019980117,-0.113345216,LL
51.86194814,-17.63672793,-37.16276899,0.310238036,0.301079756,-0.611317792,Normal
52.43079279,-643.6528994,593.9216733,0.176559833,0.026996285,-0.203556118,LL
13.16545982,-758.7779012,748.0558714,-0.260033234,-0.005694374,0.265727608,LL
-13.57446777,-629.5643532,645.6191422,-0.416234591,-0.022941043,0.439175634,LL
-0.990308963,86.06806859,-88.46624079,-0.585208466,0.482285859,0.102922608,Normal
53.86806689,11.2356051,-68.51954798,0.040214509,0.516492473,-0.556706982,Normal
482.5743885,-892.3951752,409.842726,-0.020262196,-0.021829644,0.04209184,LLLG
302.9466052,62.7612566,-46.22313673,-0.375285846,0.461247042,-0.085961197,LG
848.7462053,38.50484818,14.4451965,0.03955434,-0.347769013,0.308214673,LG
7.667611067,-740.1080988,734.7739036,-0.299702008,-0.009618505,0.309320513,LL
565.5550661,-2.653340521,39.30039723,0.251266404,-0.569831488,0.318565084,LG
-69.06847014,74.66045901,-8.471954432,-0.285104316,-0.314129084,0.599233399,Normal
399.7535681,-892.4062369,494.8091802,-0.024189899,-0.017759445,0.041949344,LLL
-848.7654115,-38.50496992,-14.44553747,-0.039549263,0.347769094,-0.308219831,LG
14.50138985,-27.94636424,10.1311965,0.584086412,-0.194327943,-0.389758469,Normal
882.7327905,-500.4999901,-382.2286124,0.016923836,-0.042153117,0.025229281,LLLG
874.6705694,47.32153313,6.788963185,-0.020428671,-0.265868236,0.286296906,LG
21.71851898,-28.64656681,3.616816685,0.567204848,-0.121644651,-0.445560197,Normal
-44.89191105,8.81650214,32.61400884,0.401895515,-0.567847233,0.165951718,Normal
-199.1373607,34.47918065,-48.99873277,-0.354954581,0.601235747,-0.246281166,LG
53.66403656,-576.9987157,525.9440298,0.197638759,0.030612017,-0.228250777,LL
698.5298259,-821.4799839,-22.83862146,-0.006668815,-0.095395698,0.102064514,LLG
586.3640846,-0.430049817,38.31364981,0.242073273,-0.563080391,0.321007118,LG
368.6429321,-21.22340851,46.03614202,0.318560704,-0.603987273,0.285426569,LG
54.62076579,0.237499184,-58.14887621,0.143680164,0.448329265,-0.592009429,Normal
36.82529364,228.1238937,-262.3287936,0.501325252,0.039543307,-0.540868558,LL
-879.899433,509.0348295,370.8624137,-0.016198436,0.042030508,-0.025832073,LLLG
32.54926559,55.48007404,-91.30166012,-0.379533291,0.621553652,-0.242020361,Normal
-52.96125944,752.2775363,-696.7484427,0.011511372,-0.015217346,0.003705974,LL
-689.0462929,-130.1681611,819.4356991,-0.043945511,0.034938788,0.009006722,LLLG
72.47031089,-799.0832189,726.6106501,-0.03580915,-0.001690732,0.037499883,LLLG
34.91592788,-763.685747,731.1869274,-0.07389366,0.010800859,0.063092801,LL
-11.13146171,92.7929178,-85.039566,-0.610483092,0.41594427,0.194538822,Normal
-37.35500759,-0.842516729,34.99212316,0.454856319,-0.54717267,0.092316351,Normal
593.5041784,271.5394462,-862.9126589,0.041035008,-0.029665215,-0.011369793,LLL
818.356654,66.0662794,-16.40653075,-0.191769285,0.010294496,0.181474789,LG
51.5190464,-241.8823256,193.1578681,0.461768041,0.018914935,-0.480682976,LL
56.56046699,-344.386294,290.4900504,0.354018399,0.039244659,-0.393263058,LL
841.4348123,-231.4627942,14.71065828,0.028938417,-0.34365863,0.314720213,LLLG
-21.04814778,96.77026848,-79.12718715,-0.620527253,0.339074197,0.281453056,Normal
-857.9639065,-61.27531458,8.827662767,0.137596727,0.084604876,-0.222201603,LG
47.70377291,30.76082265,-81.62078226,-0.175520224,0.606284123,-0.430763899,Normal
-866.2985663,532.8067558,-7.360536679,-0.015560731,0.267540808,-0.251980077,LLG
37.06821295,-27.62153152,-12.62722727,0.491681752,0.057018519,-0.548700272,Normal
-862.9607008,554.9317405,-5.556692651,-0.014315638,0.259086058,-0.24477042,LLG
-418.7621914,-471.8708297,-54.88930345,-0.03619387,0.350130166,-0.313936296,LLG
20.01980183,-32.28698832,9.315771913,0.576149454,-0.151465096,-0.424684358,Normal
51.5174641,-10.54269779,-44.3994427,0.283664046,0.329031762,-0.612695809,Normal
521.9102966,-878.6440427,356.7314827,-0.018695479,-0.023546719,0.042242199,LLLG
99.38753558,-823.0229414,725.7966891,-0.03467765,-0.003263435,0.037941085,LLL
56.68555727,-449.5167818,395.3788019,0.293968594,0.036264378,-0.330232973,LL
272.1873388,-301.2487513,31.20115183,0.038566445,-0.53721649,0.498650046,LLL
50.15579504,-17.03627937,-36.29273407,0.333044928,0.276986232,-0.610031161,Normal
-875.5700827,-55.66968072,1.815177741,0.085899295,0.168298897,-0.254198192,LG
-3.651676022,-696.029546,702.1820769,-0.365546314,-0.017229895,0.382776209,LL
42.05809241,41.97060579,-87.30542435,-0.265359176,0.623499187,-0.358140011,Normal
-862.1241652,338.8139187,-21.38219547,-0.02486908,0.325029696,-0.300160616,LLG
32.70356071,-28.96178329,-6.924157764,0.52092674,-4.93e-05,-0.520877421,Normal
-655.2593508,-15.40190263,-29.07615106,-0.16082712,0.495283191,-0.334456072,LG
-511.1521733,8.195349319,-41.59575641,-0.273139874,0.584235825,-0.311095951,LG
-72.59673268,70.91351497,-1.788935724,-0.172290925,-0.406254268,0.578545194,Normal
43.42743264,-24.19234365,-22.41257968,0.433123306,0.151147462,-0.584270768,Normal
-758.9022992,-12.61917463,771.5192399,-0.036119793,0.037284424,-0.001164631,LLLG
768.614313,-40.10368516,38.30187189,0.035004206,-0.370200178,0.335195973,LLG
411.4859257,66.31145962,-43.55128415,-0.362524017,0.408364007,-0.04583999,LG
722.2850751,-804.4461385,-20.31297198,-0.004691053,-0.112448468,0.117139522,LLG
761.9094643,69.20687449,-23.60480206,-0.241080498,0.104940289,0.136140208,LG
50.2011633,-18.36200164,-31.7352324,0.390440183,0.208580999,-0.599021182,Normal
-751.7018256,-26.4947565,778.1943476,-0.036463479,0.03696293,-0.000499451,LLLG
22.57155345,64.58891142,-90.18684579,-0.468863476,0.592291843,-0.123428367,Normal
-882.4019447,402.2226608,480.1770805,-0.021553026,0.042396219,-0.020843193,LLLG
55.61902418,0.752626274,-59.30243164,0.098808881,0.47843589,-0.577244771,Normal
-69.5967626,448.2071125,-376.2319822,-0.307325273,-0.036572853,0.343898126,LL
3.023929703,-25.04838411,18.70685271,0.591681028,-0.296654052,-0.295026976,Normal
-410.2897382,888.9679939,43.2643743,0.023834039,-0.068764447,0.044930408,LLG
7.165201225,79.54331392,-89.97172846,-0.554736499,0.527117306,0.027619192,Normal
40.60541898,-740.0356546,701.8701466,-0.010662727,0.015849286,-0.005186559,LL
54.34475085,3.276452444,-61.04001541,0.124683563,0.462389417,-0.587072979,Normal
318.2131757,546.4679245,57.22018864,0.042122935,-0.326179563,0.284056627,LLG
277.2340371,-6.250414565,14.06602665,0.333106689,-0.586878758,0.253772068,LLLG
736.7826438,-798.8008311,64.16787047,-0.004311683,-0.034372405,0.038684088,LLL
-638.9268808,-201.0963882,842.1980963,-0.023771245,0.027959458,-0.004188213,LLL
-719.7965961,165.4514578,556.5277111,0.025137759,0.021410426,-0.046548186,LLL
379.0656987,-880.9741072,501.906148,-0.025488749,-0.016537477,0.042026226,LLLG
-439.6835487,884.0263628,-442.2281685,0.022713938,0.019612756,-0.042326694,LLL
831.0011151,-152.8714899,-676.0729019,0.031280964,-0.040332181,0.009051216,LLL
21.3011557,438.1653034,-456.8509184,0.483457761,0.033322169,-0.51677993,LL
865.7597781,59.53794498,-6.502734394,-0.120613355,-0.112773836,0.23338719,LG
-192.8444887,846.7247518,51.83632592,0.032237072,-0.164020891,0.131783819,LLG
14.39246489,74.98850186,-92.77465726,-0.516812566,0.56554253,-0.048729964,Normal
8.840961164,-26.77069661,14.61404621,0.590566807,-0.246677129,-0.343889678,Normal
-658.5801958,184.3673468,-10.70532022,0.076508173,0.234642752,-0.311150925,LLG
769.0803508,-761.5357902,-7.546823145,-0.001396254,-0.035932303,0.037328557,LLLG
49.22510391,26.32583331,-78.47412351,-0.156119196,0.599791879,-0.443672683,Normal
-55.48239118,94.48078627,-42.24004141,-0.5080359,-0.036120358,0.544156258,Normal
-40.86157639,97.52584337,-59.91183778,-0.589227838,0.143797541,0.445430297,Normal
-1.573906093,-24.51987043,22.89975304,0.589029962,-0.336945282,-0.25208468,Normal
-297.824748,874.3193913,48.22824789,0.028537333,-0.120246241,0.091708909,LLG
-23.3861845,-768.9864211,-56.67835262,-0.037620114,0.247060969,-0.209440854,LLG
-43.07159054,96.13206659,-56.18467431,-0.579140947,0.114952582,0.464188365,Normal
473.6677958,-491.6679795,20.13947625,0.031725288,-0.511215684,0.479490396,LLL
-876.4509453,-54.97599737,1.031201769,0.080030031,0.177420926,-0.257450958,LG
-2.150910654,88.03221695,-89.22813789,-0.58888977,0.476879511,0.11201026,Normal
-714.5035481,810.266788,21.16015907,0.005341971,0.106800812,-0.112142783,LLG
-839.3323807,180.415948,658.9141691,-0.030416377,0.04078927,-0.010372893,LLLG
3.675359667,-27.62476754,20.87731325,0.592717021,-0.298177591,-0.29453943,Normal
-645.9071026,-172.3910196,-42.86816013,-0.022606638,0.367414367,-0.344807729,LLG
-181.0399692,-674.2542037,857.4598225,-0.038255553,0.009621151,0.028634403,LLL
36.57517192,228.2748704,-262.1335311,0.501190294,0.039541536,-0.54073183,LL
-203.1983815,-643.3073608,846.5034788,-0.041060957,0.011471634,0.029589323,LLLG
645.239964,6.233616138,35.13062558,0.213098002,-0.539522301,0.326424299,LG
35.16008991,-782.3960915,749.8493739,-0.065370477,0.009573876,0.055796601,LL
-634.9177568,-216.9290637,854.0212295,-0.038732174,0.03121508,0.007517094,LLL
542.4475413,316.2554931,52.33407239,0.041592439,-0.367064269,0.32547183,LLG
-729.9138263,-32.63687725,-13.65377881,-0.048690644,0.370756214,-0.32206557,LG
-869.9077749,-58.30585531,4.944217312,0.10914907,0.131418039,-0.24056711,LG
416.9366527,-882.5669593,467.7050952,-0.023858756,-0.018369994,0.042228751,LLL
43.01462933,-27.642688,-12.62375449,0.517586728,0.011887896,-0.529474625,Normal
-543.9835132,874.7401606,-330.7589111,0.017437628,0.024728683,-0.042166311,LLLG
-71.5475603,67.76685057,0.674175726,-0.179860249,-0.401817492,0.581677741,Normal
-573.921016,-276.7850257,-51.12220174,-0.041179957,0.370620071,-0.329440114,LLG
56.09590141,-478.7714365,425.3118396,0.274277732,0.035191713,-0.309469445,LL
76.84147891,-42.84466984,49.86381801,0.371601084,-0.58464595,0.213044865,LG
56.69377246,-398.109346,344.0696264,0.324938822,0.037870992,-0.362809814,LL
-59.3200386,-38.56971629,100.224023,-0.490856698,-0.041971795,0.532828493,LL
828.3614559,-681.2419957,-145.0538232,0.005250191,-0.039000986,0.033750795,LLL
54.27868044,1.590766149,-59.28891091,0.143136,0.449129516,-0.592265515,Normal
-51.93051265,17.17260573,31.29420216,0.335723768,-0.581772766,0.246048998,Normal
54.28912435,6.742706148,-64.44933789,0.087385158,0.48759044,-0.574975598,Normal
555.5842355,-872.4331442,318.8431541,-0.01687652,-0.025192573,0.042069093,LLL
5.475775325,-732.1799798,729.1275865,-0.312536048,-0.010909339,0.323445388,LL
-485.2650839,209.52712,277.9255646,0.164855761,-0.017569812,-0.147285949,LLL
-716.5665004,-79.85244453,-12.44108032,0.100397176,0.103408963,-0.203806139,LG
35.2468462,-29.27672624,1.654090869,0.578425392,-0.138126101,-0.440299291,Normal
-750.0336792,-37.83102673,-10.41637462,-0.027847196,0.332012162,-0.304164967,LG
871.6168199,-400.3588725,-8.368036757,0.022070105,-0.297257669,0.275187564,LLLG
-1.491777195,-15.96143285,29.11775596,0.574955384,-0.349038831,-0.225916553,Normal
-70.24004428,52.2539408,15.00131549,-0.029240689,-0.497688716,0.526929405,Normal
857.3147352,-615.448443,-239.8020443,0.009830016,-0.040570274,0.030740258,LLL
10.7362052,759.6987984,56.36492448,0.037751072,-0.23860596,0.200854888,LLG
-764.9699141,255.8464063,-11.1341651,-0.072809849,0.322830841,-0.250020992,LLG
-65.84356965,81.22594694,-18.26511191,-0.366380223,-0.230734552,0.597114775,Normal
-724.2341661,266.7175391,-11.61851473,-0.029552202,0.273632416,-0.244080214,LLG
-643.9890643,-70.78620697,32.61385332,0.300245346,-0.23259209,-0.067653256,LG
54.72426822,8.249116798,-66.01697445,0.032300524,0.519603091,-0.551903615,Normal
533.3015225,-5.982690982,40.70750133,0.264588364,-0.578901814,0.31431345,LG
-642.9030918,274.4703313,369.1342001,0.029225458,0.016884247,-0.046109705,LLLG
686.6253413,113.3374796,45.16993485,0.038581497,-0.376511099,0.337929602,LLG
-21.40413994,-565.4524542,589.3227418,-0.449479472,-0.027196669,0.47667614,LL
411.1570079,-893.5155057,482.3839553,-0.023821559,-0.018290558,0.042112117,LLLG
37.47904054,51.46162862,-91.95640871,-0.325413262,0.627810016,-0.302396753,Normal
-66.97579216,585.613816,-516.1335484,-0.204866092,-0.030616285,0.235482377,LL
152.7383335,-833.1325919,-52.98279927,-0.033495305,0.179809079,-0.146313773,LLG
-35.24403659,-3.772152932,35.93226256,0.467211377,-0.540942093,0.073730716,Normal
831.8845773,-205.9751091,29.51650168,0.029917128,-0.350756637,0.320839509,LLG
-723.4114104,75.20661573,-24.98159826,0.010155154,0.320014113,-0.330169268,LLG
2.536617962,-719.1822536,719.0618615,-0.331010523,-0.012824877,0.3438354,LL
-8.362758942,-658.0358038,668.7905331,-0.392235999,-0.01957298,0.411808979,LL
26.72861778,64.5741386,-94.46398553,-0.43143577,0.61128235,-0.179846581,Normal
-50.51617589,96.24903969,-48.97669157,-0.543506468,0.030435593,0.513070875,Normal
-49.43929524,95.15683352,-48.83933552,-0.547544101,0.03919299,0.508351111,Normal
-53.60072061,-22.02929023,26.79741501,0.403247928,-0.521934955,0.118687028,Normal
-724.0423069,-36.90443023,6.815324581,0.039087255,0.248634816,-0.287722071,LG
247.7480151,59.93272045,-47.62790561,-0.379505739,0.490653364,-0.111147625,LG
22.87439792,63.39116425,-89.17781287,-0.468381849,0.591583559,-0.12320171,Normal
36.28102473,-30.59963947,-8.627132437,0.502935311,0.036546747,-0.539482058,Normal
-63.95839231,70.51678771,-4.122368282,-0.467396025,-0.042445641,0.509841666,LL
837.6714483,-663.251122,-172.3550863,0.006567647,-0.039498395,0.032930748,LLL
-279.4276803,26.0625795,-47.80540682,-0.333414887,0.605916202,-0.272501314,LG
572.5704951,35.77917395,31.84429632,0.199190947,-0.51131449,0.312123543,LLG
660.5979004,154.7900941,46.81726801,0.039361368,-0.376286099,0.336924731,LLG
-487.1043244,377.3259561,29.57328173,-0.132447353,0.203226167,-0.070778814,LLG
-641.2559114,-204.2954663,847.5639131,-0.040078611,0.031971773,0.008106839,LLL
-54.93124913,-124.0166434,181.18706,-0.502330993,-0.041107357,0.54343835,LL
-52.78328237,92.81127797,-43.03062116,-0.522982798,-0.009121891,0.532104689,Normal
-43.16010282,-10.84793703,37.64068574,0.50160005,-0.445643259,-0.055956791,Normal
-25.92859318,-11.51093788,34.35856645,0.519110041,-0.497904064,-0.021205977,Normal
-631.6404849,-217.7709687,851.4237956,-0.04028974,0.031530951,0.008758788,LLL
-837.4682764,647.4143315,2.60265984,-0.008555997,0.218001907,-0.20944591,LLG
14.35424184,-761.4327802,749.429647,-0.253034158,-0.005034383,0.258068541,LL
851.8694793,-614.2373925,-67.23664224,0.010468516,-0.16232879,0.151860274,LLLG
-28.28176288,772.4522599,-741.5337125,0.239041402,0.004395292,-0.243436695,LL
416.0137037,66.74881459,-43.10187938,-0.360945553,0.401282585,-0.040337032,LG
55.64087916,-0.118347324,-58.45359469,0.1081497,0.472190574,-0.580340273,Normal
34.34616632,263.2591965,-294.8886174,0.501342573,0.038780819,-0.540123392,LL
747.4813288,-790.7042181,-17.74795125,-0.002410731,-0.129445596,0.131856327,LLG
-70.35421035,74.88412222,-7.639133968,-0.260286114,-0.336213946,0.59650006,Normal
-51.15479022,-195.747548,249.2365617,-0.507620502,-0.039970552,0.547591054,LL
-162.4646793,-671.1400908,833.6025149,-0.040520821,0.009537622,0.030983198,LLLG
-708.3884308,811.2188214,-102.8324915,0.006640176,0.032933107,-0.039573283,LLLG
-806.5201312,715.4417107,91.07627554,-0.002645611,0.037962841,-0.035317229,LLLG
-475.9870134,882.3449605,-406.3599379,0.020997323,0.02137542,-0.042372744,LLLG
26.10988931,-26.19958677,11.86557333,0.594644697,-0.227244417,-0.36740028,Normal
-29.93097208,-482.927357,515.3112053,-0.478455342,-0.031466933,0.509922275,LL
618.1880604,-861.5098023,-30.08948515,-0.012495806,-0.043120313,0.055616119,LLG
55.62345247,-373.3752787,320.5207985,0.391166296,0.029938512,-0.421104807,LL
30.56300041,56.96949115,-90.68049928,-0.401359861,0.616573755,-0.215213894,Normal
-66.6118838,39.44657178,24.29639615,0.085037637,-0.548711384,0.463673747,Normal
50.58275616,-644.7705927,596.6780227,0.130502258,0.026180436,-0.156682694,LL
237.9897751,-267.9662675,32.11518313,0.039346316,-0.536845871,0.497499554,LLL
220.1817275,-862.910034,644.8877212,-0.031062484,-0.009064908,0.040127392,LLL
522.283598,-7.089887046,41.15659986,0.268899921,-0.581640524,0.312740603,LG
47.29352566,50.35875093,-49.73098089,-0.380808275,0.556391042,-0.175582767,LG
-880.5736118,377.3350589,503.2362893,-0.022689383,0.042363578,-0.019674196,LLLG
-267.3531543,26.9850577,-48.15117349,-0.336463535,0.605853581,-0.269390046,LG
-743.6159229,-39.5919646,785.3017047,-0.036790864,0.036617318,0.000173546,LLL
-46.17876783,9.260527583,33.58401779,0.388416235,-0.572782404,0.184366169,Normal
22.58908603,-28.66381878,2.76381981,0.564443133,-0.112377579,-0.452065553,Normal
34.98211205,-25.46136145,-12.9557923,0.500869148,0.039585257,-0.540454405,Normal
-343.4870147,104.5627513,3.794285309,0.272042501,0.011317575,-0.283360076,LLG
-794.7892359,731.3618631,63.42523331,-0.001316347,0.037351405,-0.036035058,LLLG
51.96558378,-14.81284107,-37.50978135,0.346142098,0.262006043,-0.608148141,Normal
20.60532304,-31.13706277,7.464954859,0.573331639,-0.141592161,-0.431739478,Normal
835.8314628,-168.5730025,-667.2571221,0.030910139,-0.040583076,0.009672937,LLLG
859.9229249,-606.1844108,-253.7407771,0.010468532,-0.040739796,0.030271265,LLLG
-24.96911761,-12.2283286,34.11677767,0.523597644,-0.492879741,-0.030717903,Normal
-21.14849693,-560.5147382,584.0312148,-0.449548313,-0.026781218,0.476329531,LL
-646.9463551,-14.42907077,-29.81386117,-0.16487705,0.500704666,-0.335827617,LG
37.24266871,50.15912943,-90.804618,-0.324862834,0.626981532,-0.302118698,Normal
39.75579982,-26.42619259,-16.50893066,0.469676622,0.094911167,-0.564587789,Normal
883.68193,-391.4688928,-490.0720132,0.02221263,-0.042417377,0.020204747,LLL
47.73255675,-18.58551324,-32.4462043,0.370447839,0.233933558,-0.604381397,Normal
-55.95966519,732.4703616,-674.0517618,-0.028015284,-0.018253527,0.046268811,LL
-498.5122807,881.4893594,-380.9431558,0.01983333,0.022503838,-0.042337169,LLL
-250.6347778,-60.58152657,47.31701476,0.379272429,-0.48500845,0.105736021,LG
-42.03585398,4.774973038,33.92826024,0.422717711,-0.56138211,0.138664399,Normal
-44.21424996,6.126433669,34.87994977,0.402977292,-0.569438071,0.166460779,Normal
673.935809,-832.0886002,158.1505291,-0.009304344,-0.031106724,0.040411068,LLLG
-817.4788778,698.8505824,118.6260318,-0.003974649,0.038538725,-0.034564077,LLLG
66.92749043,730.4642357,-795.3493809,0.038866734,-0.00487722,-0.033989515,LLL
-431.2282676,-458.9931341,-54.56225733,-0.038589109,0.353342304,-0.314753196,LLG
-213.7757746,-630.5904512,-57.77734297,-0.041198209,0.30002249,-0.258824281,LLG
44.77291225,-786.8275238,742.0523481,-0.036503441,-0.000360511,0.036863952,LLLG
-248.6766795,859.2226444,-608.4282689,0.030432157,0.010302831,-0.040734987,LLL
30.90652051,-780.4086497,749.4998657,-0.036837073,0.000304789,0.036532284,LLLG
-862.222213,596.2842108,268.0419046,-0.011157041,0.040986451,-0.02982941,LLL
19.61109687,-27.20313211,4.150914346,0.571749754,-0.139265836,-0.432483918,Normal
50.64045309,24.15987817,-78.08273058,-0.101603729,0.583460936,-0.481857206,Normal
881.3473633,-366.284822,-512.9219287,0.02333055,-0.042357876,0.019027325,LLL
38.38184588,-29.81487381,-11.51187008,0.487357216,0.065050835,-0.552408051,Normal
-8.823947143,691.5812516,-680.082049,0.364034255,0.017201794,-0.38123605,LL
-554.9590924,3.764027425,-39.77962538,-0.255765444,0.572996645,-0.317231201,LG
47.47891091,-682.5491512,637.6392978,0.083949971,0.022929659,-0.10687963,LL
-346.0727928,-548.3092694,894.4809677,-0.040746023,0.017542586,0.023203437,LLLG
872.3283325,-496.3298146,-32.45251682,0.017367121,-0.250330739,0.232963618,LLLG
-66.29512762,87.42250706,-24.48991798,-0.383671716,-0.210278174,0.59394989,Normal
-439.7532575,11.20583571,-43.14322664,-0.282793289,0.591154232,-0.308360943,LG
700.7990363,-816.3688809,117.6392566,-0.007340004,-0.032438975,0.039778978,LLL
816.6607781,-112.8750051,-701.6490655,0.032668817,-0.039745798,0.007076981,LLL
-7.543180937,-21.83878359,26.18609875,0.580315064,-0.381439026,-0.198876038,Normal
-69.13267355,297.413307,-225.9237285,-0.388020147,-0.040345938,0.428366085,LL
688.7908461,70.62140444,-29.54739859,-0.280689756,0.187977627,0.092712129,LG
-847.8374398,617.9051696,-0.119804978,-0.010498684,0.232221077,-0.221722393,LLG
525.5119107,-884.3502548,-36.73997963,-0.018073598,0.010015568,0.008058031,LLG
12.96676565,-28.9276215,12.77143342,0.587367646,-0.212788612,-0.374579034,Normal
-69.85712541,83.15781975,-16.77163567,-0.3128639,-0.286090563,0.598954462,Normal
867.2702879,43.92294671,9.882043937,0.003604452,-0.299531242,0.29592679,LG
49.36121831,-18.21652043,-34.31852625,0.348485819,0.259631743,-0.608117561,Normal
56.94262463,-398.2751602,343.8909588,0.32507372,0.037871504,-0.362945224,LL
712.820007,-666.3616852,-44.38573961,0.016765695,-0.328666872,0.311901177,LLL
42.38597587,40.67383859,-86.21296943,-0.264837731,0.622732346,-0.357894615,Normal
762.0943103,-768.543138,6.446564347,-0.002061042,-0.035706288,0.037767329,LLLG
203.946737,643.5909773,-845.4934054,0.041013823,-0.011397952,-0.029615871,LLL
-50.62247502,11.9868874,35.66253728,0.337809098,-0.584839428,0.24703033,Normal
181.6709803,56.69004793,-48.78365407,-0.382003843,0.517034531,-0.135030688,LG
791.5614185,-735.1915732,-45.72688446,0.001264513,-0.052205677,0.050941164,LLLG
22.24523037,-27.30221261,1.616815533,0.56389561,-0.111572393,-0.452323216,Normal
14.78738357,-775.5966532,763.3562706,-0.245824518,-0.005486796,0.251311313,LL
-235.4489731,855.9630341,-618.4760293,0.030881863,0.009663431,-0.040545294,LLL
-17.5680685,89.6538428,-74.98629396,-0.617113729,0.351322022,0.265791707,Normal
-60.0918643,87.43635786,-30.23055455,-0.452237092,-0.122771649,0.57500874,Normal
-354.2805244,-533.5841584,-56.30855238,-0.042152299,0.339476611,-0.297324313,LLG
-768.9863777,761.0208075,7.963442426,0.001344693,0.036018704,-0.037363397,LLLG
517.5441376,362.7553568,-878.2502681,0.041906862,-0.026135511,-0.015771351,LLL
-245.9033725,862.370456,50.13259354,0.030438128,-0.142408584,0.111970456,LLG
-148.1063146,-679.3202696,829.5097641,-0.040313481,0.008873097,0.031440383,LLL
-2.250360741,-21.84130847,20.64333708,0.587952867,-0.335361308,-0.252591559,Normal
634.5204858,70.76666686,-33.20398553,-0.303931861,0.241351674,0.062580188,LG
-686.1876893,222.5403148,-10.15333094,0.033175404,0.245938065,-0.279113469,LLG
43.7453909,-25.44986039,-21.35319236,0.433628967,0.150403833,-0.5840328,Normal
-69.74851442,49.97808008,16.54866485,0.017332311,-0.519518103,0.502185792,Normal
8.208533482,569.3160913,-574.9216458,0.442505207,0.026812353,-0.46931756,LL
54.40012999,-195.5045336,143.791313,0.418898651,0.041667388,-0.46056604,LL
-52.71017868,95.58216532,-46.11487932,-0.529065102,0.0018799,0.527185201,Normal
185.6645717,-35.44615431,49.14310872,0.357164954,-0.59998076,0.242815806,LG
33.87015396,-27.26752844,-9.90908678,0.511167266,0.019752582,-0.530919848,Normal
5.22972227,80.90961571,-89.40192415,-0.563040299,0.516434558,0.046605741,Normal
53.47449809,-9.690458066,-46.95390566,0.242433673,0.367451209,-0.609884882,Normal
-611.1278821,-252.9643046,866.2659687,-0.03805091,0.029478882,0.008572028,LLL
819.0318278,31.75396164,19.60266103,0.081091364,-0.40011645,0.319025085,LG
45.40768191,36.0302542,-84.71655222,-0.2123742,0.615395057,-0.403020858,Normal
-243.47915,-614.0494019,857.5262884,-0.041509821,0.013380143,0.028129678,LLLG
18.73510352,-770.8431371,754.5672866,-0.217954029,-0.001719494,0.219673523,LL
54.74422937,-586.3502507,534.3259235,0.234913512,0.029436648,-0.26435016,LL
486.9235094,39.27183289,5.740814183,0.24731983,-0.53600212,0.28868229,LLLG
584.9708933,70.40778436,-36.02730871,-0.321247577,0.284213143,0.037034434,LG
-664.7722467,836.1347052,-171.3645401,0.009901787,0.030737712,-0.040639499,LLLG
30.87800985,55.7236359,-89.63093648,-0.400858889,0.615837022,-0.214978133,Normal
-72.0375509,60.26776839,8.298152085,-0.059851896,-0.479085978,0.538937874,Normal
632.6094063,79.4302356,12.68825415,0.130566494,-0.442080998,0.311514504,LLLG
-596.8874874,862.3236989,-265.438262,0.014360896,0.027349396,-0.041710292,LLLG
-863.8759196,274.9830697,590.9121659,-0.026988056,0.041797427,-0.014809371,LLL
25.89082661,65.46662216,-94.52713078,-0.438295583,0.608997621,-0.170702038,Normal
-642.3851964,-182.3045964,-47.85805345,-0.0398421,0.375682273,-0.335840173,LLG
-741.2902685,-15.86307613,-40.94301168,-0.036441109,0.373798084,-0.337356975,LLG
-3.599065494,660.2780672,-654.0922443,0.390201606,0.020191541,-0.410393147,LL
-32.8283855,93.41315551,-63.48083316,-0.606958941,0.214985087,0.391973854,Normal
-767.5708225,173.6775371,-20.78505594,-0.054179339,0.337675356,-0.283496017,LLG
464.360813,-883.4261818,419.0631054,-0.021620847,-0.020714075,0.042334922,LLLG
54.0625631,-7.454705682,-49.77680928,0.216279599,0.390432609,-0.606712208,Normal
-69.61126761,49.40082929,17.22651075,-0.00068677,-0.512065647,0.512752417,Normal
-458.799929,-96.31892202,-7.381846513,0.273651632,-0.067262311,-0.206389321,LG
736.8168092,53.74279438,-790.5618672,0.037069915,-0.036204454,-0.000865461,LLLG
45.17431621,-25.8002398,-22.31586288,0.421033091,0.168199127,-0.589232218,Normal
-288.4452559,868.1636614,-577.6811569,0.029002118,0.012234187,-0.041236305,LLL
-416.1775221,882.8598009,-466.6845425,0.023811682,0.01844363,-0.042255312,LLLG
54.89361185,-1.895261962,-56.16517064,0.153372956,0.440769885,-0.594142841,Normal
560.3569196,-881.197471,320.858986,-0.016275744,-0.025622459,0.041898203,LLLG
869.2316451,-574.4570191,-292.7111715,0.012397141,-0.04124782,0.028850679,LLL
-2.898117187,-22.79453595,22.37313789,0.587419114,-0.343815009,-0.243604105,Normal
-64.82734918,37.86149247,23.49749931,0.156676187,-0.567422277,0.41074609,Normal
711.6652033,70.7179672,43.41773192,0.037775426,-0.37593857,0.338163144,LLG
-813.9798786,-30.75613214,-20.32162013,-0.086951403,0.407214292,-0.320262889,LG
-336.0671047,881.1270698,46.67566916,0.027030691,-0.103303779,0.076273088,LLG
-26.63024709,-507.4728977,536.3674571,-0.469732225,-0.029749041,0.499481266,LL
-59.88242709,91.98250706,-35.33954631,-0.466594543,-0.101996933,0.568591476,Normal
-694.3192701,-47.92105917,13.91023005,0.096317423,0.140692559,-0.237009982,LG
26.82156404,-28.51539145,-1.615494954,0.548508664,-0.065596236,-0.482912429,Normal
487.5925339,380.0068943,54.0911899,0.042123188,-0.359370798,0.31724761,LLG
10.54618626,79.38231464,-93.21467968,-0.537644345,0.548591338,-0.010946993,Normal
656.3189899,-840.2962388,185.9695788,-0.010590582,-0.030204921,0.040795503,LLL
-86.10757799,804.2642759,-718.1584263,0.035406256,0.002434433,-0.037840689,LLLG
-342.1962769,218.5665558,125.8207534,0.095904697,-0.003470662,-0.092434035,LLL
-529.7507952,-359.7732087,891.6959065,-0.038246363,0.025537957,0.012708406,LLL
830.8217701,-684.8711943,-143.8039892,0.00549726,-0.039197532,0.033700272,LLL
-554.8021019,872.6252947,-317.8252234,0.016834409,0.025262283,-0.042096692,LLLG
56.43855131,-473.8244657,420.1365194,0.329757946,0.027964315,-0.357722261,LL
40.17421196,47.55692204,-90.69328556,-0.292127716,0.627172149,-0.335044433,Normal
38.75334015,-28.31217122,-13.5011825,0.481429169,0.075248397,-0.556677566,Normal
-71.28944466,70.22449358,-2.042478692,-0.207119449,-0.380821812,0.587941261,Normal
-79.31371687,-721.5048273,802.9007232,-0.039165274,0.005595981,0.033569292,LLL
602.5924861,-869.4166143,268.9769124,-0.01395286,-0.027659981,0.041612842,LLL
859.1533184,-247.4314518,-609.6637592,0.027960791,-0.041497469,0.013536678,LLL
327.8588537,-355.1429635,29.42511067,0.03707722,-0.535375292,0.498298072,LLL
46.4188287,34.0443532,-83.74242825,-0.194297227,0.611515077,-0.417217851,Normal
42.97641372,39.68689389,-85.81676562,-0.25614941,0.621752005,-0.365602595,Normal
-56.57383379,727.9550662,-668.9246574,-0.035935911,-0.018851483,0.054787394,LL
45.82951197,33.27541919,-82.02615164,-0.219833484,0.614899088,-0.395065604,Normal
-626.9567503,852.4237445,-225.4692579,0.012463759,0.028847782,-0.041311541,LLLG
828.5519104,-193.7722316,30.28753829,0.030473973,-0.352922328,0.322448356,LLG
-28.79997178,95.08723365,-69.41626772,-0.615201174,0.260780206,0.354420968,Normal
724.7239703,-800.3627004,75.63646681,-0.005374057,-0.033669114,0.039043171,LLLG
-777.5967056,750.3033048,13.37243014,-0.000628746,0.156609696,-0.15598095,LLG
-49.68923949,-754.7926669,-56.98459079,-0.037693398,0.255593122,-0.217899725,LLG
-58.94615216,88.27955795,-32.22002155,-0.465105546,-0.104186662,0.569292208,Normal
226.0985455,-32.51826437,48.67477561,0.350296584,-0.603300112,0.253003528,LG
767.3582686,-1.943286814,-763.2799163,0.035786951,-0.037576355,0.001789403,LLL
18.42483227,67.5343967,-88.87008063,-0.498267315,0.574465746,-0.076198431,Normal
509.7277796,355.0873618,53.42982716,0.041921911,-0.362703954,0.320782043,LLG
-61.07530206,-51.13410757,49.6545582,0.381370657,-0.552553737,0.17118308,LG
-34.10567608,98.46481795,-67.73657511,-0.608990272,0.217972376,0.391017896,Normal
-56.78789637,-21.20206969,27.7521717,0.409327203,-0.517252991,0.107925788,Normal
-285.0034086,871.7538703,48.72344958,0.029017167,-0.125830682,0.096813515,LLG
-488.4831894,10.39989941,-42.44275366,-0.281427055,0.588993195,-0.30756614,LG
-521.845408,878.1721818,-356.3290375,0.018641037,0.023635402,-0.042276438,LLLG
-31.30921291,-5.180203469,33.16063676,0.493686423,-0.519559754,0.025873331,Normal
606.5945094,1.793677322,37.28909323,0.232641262,-0.555773587,0.323132325,LG
-688.6376821,-100.4084406,791.222832,-0.013111526,0.028221184,-0.015109658,LLL
563.9635421,289.3415154,51.53513451,0.041361407,-0.369544904,0.328183498,LLG
48.02649352,10.5607896,-55.97587192,0.477060783,0.042218573,-0.519279357,LL
49.56531385,-19.47450607,-29.84095914,0.404484187,0.190381979,-0.594866166,Normal
-13.24069987,90.13221628,-80.02533723,-0.613436192,0.391442866,0.221993326,Normal
-505.4735321,-375.0842132,880.5554818,-0.042043163,0.025682807,0.016360355,LLLG
-195.7600914,843.8402877,-648.08246,0.032204719,0.007724852,-0.039929571,LLLG
-40.66414889,4.40158563,32.80250323,0.43514455,-0.555002163,0.119857613,Normal
-390.8096405,882.2576657,-489.4123423,0.024906889,0.017221242,-0.04212813,LLL
-627.3677696,-211.0766047,-45.32200463,-0.038699765,0.375426624,-0.336726859,LLG
613.0218589,47.94936092,33.55465358,0.164146817,-0.481822571,0.317675755,LLG
-47.43918043,9.781016637,34.44906388,0.374519145,-0.577101616,0.202582471,Normal
52.04976795,-99.50381756,50.05608851,0.450376109,0.042302349,-0.492678458,LL
-867.7559579,575.4955316,294.3639243,-0.012435192,0.041305081,-0.028869889,LLL
52.38927568,18.72820185,-74.53074248,-0.035837359,0.556317144,-0.520479785,Normal
-877.7953617,-52.81426048,-1.321477914,0.062309732,0.204515542,-0.266825274,LG
-29.72035326,-8.534951113,35.17315516,0.499858258,-0.516713721,0.016855464,Normal
-850.8826118,607.7715491,-1.027391455,-0.011141966,0.236848208,-0.225706242,LLG
24.83754396,63.24954562,-91.23298029,-0.450070722,0.601607633,-0.151536911,Normal
-826.9283361,682.2819167,146.6727336,-0.005289998,0.039059653,-0.033769655,LLL
874.0770129,-314.8671391,-557.070084,0.025486951,-0.042112154,0.016625202,LLL
14.52884501,-31.57708493,14.09512299,0.587060553,-0.205438204,-0.381622349,Normal
-9.133542085,91.82841903,-86.06667908,-0.606700053,0.430210416,0.176489636,Normal
627.7143931,-852.1318235,226.488434,-0.012510856,-0.028774129,0.041284985,LLL
153.3531259,-843.7712275,690.4591747,-0.03228019,-0.006044054,0.038324244,LLLG
-847.5790879,207.4814701,640.095397,-0.029473805,0.041131785,-0.011657981,LLLG
-58.36206614,91.48693605,-36.24276943,-0.478500691,-0.084049287,0.562549978,Normal
-524.1822616,314.3291674,7.847025868,-0.014854652,0.186734166,-0.171879514,LLG
22.79785017,66.27357457,-92.33997366,-0.463563473,0.596795197,-0.133231723,Normal
5.870354836,78.37593206,-87.26743717,-0.562021476,0.51493627,0.047085206,Normal
-72.33151355,66.97382113,2.004189186,-0.143996542,-0.42680957,0.570806113,Normal
792.1335755,-57.21799022,-734.9178489,0.034215775,-0.038664401,0.004448626,LLLG
-757.1403586,149.2622107,-20.50096799,-0.038736102,0.335535533,-0.296799431,LLG
18.06819668,-769.4778893,753.7713155,-0.224975538,-0.00238391,0.227359448,LL
49.85879643,-13.76655994,-39.51853885,0.324125331,0.287142833,-0.611268164,Normal
-794.1376409,732.1506583,64.01446548,-0.001311647,0.037338467,-0.03602682,LLL
35.55875529,-30.8309467,-7.673838877,0.507875365,0.027033248,-0.534908613,Normal
-53.48209688,92.54366893,-42.06390908,-0.51778726,-0.018627583,0.536414843,Normal
-0.271530326,-22.62203519,19.44585142,0.589672055,-0.319806282,-0.269865773,Normal
-841.3082144,-36.62012984,-15.93967136,-0.051487826,0.363182788,-0.311694962,LG
-35.92073828,98.65764527,-66.11369135,-0.605053893,0.199872881,0.405181012,Normal
45.19692535,-25.58369311,-17.89339671,0.486102624,0.068891131,-0.554993755,Normal
25.48469227,-29.93159016,1.261763803,0.555831318,-0.085163368,-0.470667951,Normal
-409.9591285,-471.6451128,883.6914289,-0.042374418,0.021240014,0.021134405,LLL
-15.88740764,93.58457886,-81.08077445,-0.616801245,0.377785919,0.239015326,Normal
-682.7263078,826.7793679,-144.0551497,0.008603348,0.031639373,-0.040242722,LLLG
-16.27407172,-601.0459674,619.6965926,-0.429584359,-0.024125133,0.453709491,LL
373.6670482,-886.1506692,-45.0205933,-0.025466458,0.086137906,-0.060671448,LLG
-588.4989946,870.9302706,32.37903698,0.014383348,0.025459396,-0.039842744,LLG
-71.8001843,69.87273469,-1.301138769,-0.189504579,-0.394164976,0.583669555,Normal
20.54415123,-773.3391676,755.2596687,-0.203485798,-0.000389363,0.203875161,LL
52.13563714,19.68623793,-75.23481359,-0.045344704,0.560713317,-0.515368613,Normal
47.03455604,33.40769015,-83.85061444,-0.17658456,0.607849342,-0.431264782,Normal
-38.03261175,1.845514876,32.72785873,0.453775377,-0.545583054,0.091807677,Normal
18.16314788,-28.42118304,6.945530886,0.576811434,-0.15833933,-0.418472104,Normal
-71.03169332,63.67262787,4.482972111,-0.160508073,-0.416724369,0.577232442,Normal
-56.16683873,19.73810361,33.45339813,0.273078341,-0.587117774,0.314039433,Normal
160.5286516,668.4218544,57.71052002,0.040507176,-0.285144948,0.244637772,LLG
-403.8837006,882.2912955,-478.4098586,0.02435864,0.017842131,-0.042200771,LLLG
-49.17927077,44.59533868,-49.9192513,-0.374286889,0.579358962,-0.205072073,LG
-736.9026314,-35.69248742,-25.2579807,-0.087034503,0.407214268,-0.320179765,LG
61.44800712,-49.66035439,51.28594349,0.374653788,-0.585887308,0.211233519,LLG
-682.0236259,-96.34291487,-38.18890057,-0.01283053,0.358487607,-0.345657077,LLG
-67.64095274,78.09065697,-13.33105398,-0.326711908,-0.273329557,0.600041465,Normal
772.8468729,-765.3450115,-5.353210923,-0.001111122,-0.036186299,0.037297421,LLL
-13.20311956,-16.54641737,26.29784644,0.567943497,-0.4142265,-0.153716997,Normal
855.6082714,-600.6435658,1.9276388,0.011985108,-0.241541515,0.229556407,LLG
24.92280433,-25.63292794,13.03029728,0.595108982,-0.235854563,-0.359254419,Normal
330.6799495,-24.3810742,46.89582381,0.32820192,-0.605592648,0.277390728,LG
2.941351048,83.57136705,-89.90250102,-0.57134147,0.50605543,0.06528604,Normal
-44.91606239,93.45735143,-51.43345835,-0.567338964,0.085221136,0.482117828,Normal
-1.687743705,82.17507466,-83.392314,-0.589262549,0.466715819,0.12254673,Normal
-800.7791266,723.5290904,77.24777252,-0.001983767,0.037663779,-0.035680012,LLLG
776.5103003,-753.6341877,-20.8086883,-0.000723844,-0.036293955,0.037017799,LLL
-633.0613343,-195.9635413,-48.3607475,-0.040063123,0.375236071,-0.335172948,LLG
-823.9112184,-32.74392669,-18.87928904,-0.075200775,0.392920064,-0.317719289,LG
55.77584443,-384.9838323,331.9765332,0.387760048,0.026364999,-0.414125047,LL
-422.8945064,-460.6259046,883.518161,-0.04237589,0.021828243,0.020547647,LLLG
-49.12743559,10.09180654,36.06315009,0.353166513,-0.582778491,0.229611978,Normal
54.00302332,-10.20994754,-46.84310699,0.234280315,0.37445825,-0.608738565,Normal
49.95391289,-38.47245629,-8.873819587,0.466357287,0.042360255,-0.508717542,LL
297.3357877,572.8959383,-868.1058738,0.041940509,-0.015822725,-0.026117784,LLL
870.5321473,-387.9132558,-5.859096939,0.02263494,-0.302080322,0.279445382,LLLG
0.975588361,81.58863014,-85.58391743,-0.580393349,0.486112069,0.09428128,Normal
-63.34182795,32.89132092,27.35499967,0.167382053,-0.57193344,0.404551388,Normal
-51.60829792,-184.0400383,237.8880552,-0.506937859,-0.040184967,0.547122826,LL
852.2677148,-638.2609984,-211.861161,0.008735687,-0.040341211,0.031605525,LLL
-335.2104362,-540.6023489,875.810533,-0.042197431,0.01771081,0.024486622,LLLG
4.256721941,81.57558485,-89.09457943,-0.566989419,0.510908881,0.056080538,Normal
-381.3936088,-516.5725133,898.0726146,-0.040965078,0.019332459,0.021632618,LLLG
49.82582628,-15.7312656,-37.39213653,0.332520167,0.27775795,-0.610278117,Normal
-16.49617963,-16.90378494,30.20133338,0.557397143,-0.441386338,-0.116010805,Normal
-19.75593907,-48.771313,49.84597637,0.37941706,-0.563652623,0.184235563,LG
52.54803089,737.2157776,-789.7654022,0.038605838,-0.004212675,-0.034393163,LLLG
568.1109422,-876.3582607,-33.86712741,-0.015632615,-0.013638889,0.029271504,LLG
806.6103021,-715.9510588,-90.66150607,0.002593673,-0.03787614,0.035282467,LLLG
-10.72466718,-760.0036236,770.7260273,-0.037783158,0.002299646,0.035483512,LLLG
-314.4214097,872.8882129,-556.3501245,0.028026831,0.013495691,-0.041522522,LLL
-669.142531,-163.5791257,834.7347724,-0.039386143,0.033246523,0.006139619,LLL
-10.90283571,-22.25943336,30.20176394,0.572568647,-0.410614082,-0.161954565,Normal
-70.416643,72.14031953,-4.715069301,-0.242289998,-0.35218154,0.594471539,Normal
-51.59536612,97.37593151,-49.15119113,-0.539358231,0.021705241,0.517652989,Normal
3.765636113,-723.8648099,722.4229456,-0.324797179,-0.01218926,0.336986439,LL
641.9131621,-855.0740954,215.3128901,-0.01141263,-0.029621751,0.041034381,LLL
680.1575824,70.68922668,-30.17596695,-0.284742345,0.197002154,0.087740191,LG
-859.1355823,606.4593051,254.7803817,-0.01051376,0.040811955,-0.030298194,LLL
-434.2294271,889.7881114,42.03993537,0.022722615,-0.057102076,0.034379461,LLG
503.4238571,-887.0389351,-38.1227191,-0.019267941,0.021833814,-0.002565874,LLG
217.4283007,633.9938872,-849.3776826,0.041173621,-0.012037151,-0.029136469,LLL
18.90634584,72.33302325,-94.47013033,-0.489274387,0.585559989,-0.096285602,Normal
603.0114487,45.17606135,32.99267582,0.173014597,-0.489396183,0.316381586,LLG
19.7128867,-31.07314315,8.293176829,0.575661353,-0.150747292,-0.424914061,Normal
-422.2519483,889.3822871,42.65633956,0.023287782,-0.062945353,0.039657571,LLG
-10.81141493,702.8817815,-689.3985236,0.352976731,0.015977158,-0.368953888,LL
-868.7679791,510.1314765,-9.157446676,-0.016788953,0.275730526,-0.258941573,LLG
-58.11638338,25.91244643,28.73809522,0.262561342,-0.583660825,0.321099483,Normal
-21.47990258,90.95587543,-72.37537775,-0.618154249,0.318885234,0.299269015,Normal
-69.86810951,50.73772317,15.65987499,0.035240839,-0.526320521,0.491079682,Normal
4.00213488,-25.37281565,18.0533979,0.591868989,-0.288508425,-0.303360565,Normal
-24.37892067,91.7759348,-70.29558323,-0.617365248,0.293771206,0.323594042,Normal
-22.44996158,91.24425284,-71.69341754,-0.618040699,0.310585394,0.307455305,Normal
-609.3428821,226.9076651,383.2087389,0.089349784,0.00610906,-0.095458844,LLLG
-13.8862076,-20.57485699,31.49970579,0.564492822,-0.430289291,-0.134203531,Normal
55.5598018,7.922838045,-65.46085923,0.086693173,0.488429475,-0.575122647,Normal
668.341377,-847.7882072,-26.1299721,-0.0088637,-0.072604965,0.081468665,LLG
-51.25809296,96.04202379,-48.02744687,-0.538821851,0.020916437,0.517905413,Normal
777.4480142,-701.6792387,-73.74917509,0.009181744,-0.186134012,0.176952268,LLL
684.3171008,70.6528163,-30.21238772,-0.284565732,0.197002129,0.087563603,LG
-68.91175956,83.11666874,-17.56518667,-0.328732924,-0.270357437,0.599090361,Normal
-343.1607438,23.33635374,-46.61881189,-0.325051025,0.605206892,-0.280155868,LG
722.6655441,16.10699792,29.78101213,0.166173624,-0.495283147,0.329109523,LG
39.64713478,180.7167651,-217.7443564,0.499379215,0.040420647,-0.539799862,LL
-806.0501249,710.4997424,8.921249466,-0.003952292,0.182995207,-0.179042915,LLG
49.91021993,26.12423327,-79.31622168,-0.12038945,0.590208126,-0.469818676,Normal
55.15985675,6.12636105,-64.21530952,0.042268994,0.513471134,-0.555740128,Normal
-62.98559356,91.09889356,-31.47810107,-0.434147963,-0.147406978,0.581554941,Normal
-521.7912874,878.0919713,-356.3026982,0.018646383,0.023631152,-0.042277535,LLLG
33.83291008,274.6478654,-305.8601885,0.501279065,0.038509968,-0.539789033,LL
-635.9108939,849.3940521,-211.3721674,0.011838025,0.029313635,-0.041151661,LLL
-60.13746565,90.2857451,-33.26528018,-0.459699792,-0.112063902,0.571763694,Normal
-403.1083647,882.9678785,-477.7442585,0.024372748,0.017821668,-0.042194415,LLL
-252.4250204,30.52921178,-48.29928782,-0.345263297,0.60476934,-0.259506043,LG
-40.31992209,3.031410921,33.95653095,0.435695572,-0.555812472,0.1201169,Normal
-32.5833503,-3.031346069,32.15713739,0.487878152,-0.522991407,0.035113255,Normal
-0.324973898,83.43666467,-86.24942922,-0.584150348,0.480729783,0.103420565,Normal
808.7061865,29.75099211,21.03538981,0.092800877,-0.414211497,0.321410619,LG
825.2613413,-675.5128693,-5.318929472,0.006582696,-0.203286744,0.196704047,LLG
-655.5480081,840.5033282,-184.9573976,0.010547424,0.03027546,-0.040822884,LLLG
-65.74045224,83.00161794,-20.25716171,-0.374536221,-0.221321844,0.595858065,Normal
-64.14983414,88.27216578,-27.35930837,-0.412566841,-0.175432831,0.587999672,Normal
85.08596545,-818.1412664,733.101658,-0.03514768,-0.002554825,0.037702506,LLLG
44.22015531,-22.02655819,-25.49497807,0.41951565,0.170430685,-0.589946335,Normal
-881.6997951,402.9966559,480.8036072,-0.021545709,0.0423812,-0.020835491,LLL
-870.6997599,427.0433718,-15.36271782,-0.020955017,0.302204761,-0.281249744,LLG
403.9485906,-882.7631593,478.8123053,-0.024413082,-0.017753449,0.042166531,LLLG
-635.8307027,-5.12537049,-35.68392236,-0.21806064,0.543787484,-0.325726844,LG
10.40356158,-25.86062933,12.01278624,0.588452841,-0.228662236,-0.359790605,Normal
755.3631591,-688.3250746,-64.99716955,0.012397126,-0.247980887,0.235583761,LLL
-59.87845296,-16.12419493,33.05953798,0.436642872,-0.497284258,0.060641385,Normal
8.127201891,78.84332001,-90.23404884,-0.550383868,0.532271743,0.018112124,Normal
-7.937319302,89.95232236,-85.40120712,-0.604026291,0.436369418,0.167656873,Normal
-119.8025178,-695.6866569,-57.51486782,-0.039868756,0.27324267,-0.233373915,LLG
56.38286003,-487.6823534,434.0448154,0.314566929,0.033312487,-0.347879416,LL
-69.94135997,51.07264559,15.99648806,-0.028765678,-0.498387271,0.527152949,Normal
-66.71165921,41.47494862,21.89189735,0.11109486,-0.555252478,0.444157619,Normal
47.54802625,30.50456469,-81.08946034,-0.184166715,0.607849972,-0.423683257,Normal
616.486387,2.905004956,36.7629487,0.227838554,-0.551914048,0.324075494,LG
-682.0210338,827.5560734,-143.4250629,0.008610682,0.031624321,-0.040235003,LLL
417.03406,-900.1295524,-43.25484827,-0.023323341,0.068409509,-0.045086168,LLG
35.85897431,52.08526353,-91.34640516,-0.341050337,0.626403986,-0.285353649,Normal
-838.6577108,181.1626643,659.5130046,-0.030409069,0.040774269,-0.010365201,LLL
-151.6539843,36.15187911,-49.52830783,-0.358334776,0.598577954,-0.240243178,LG
-391.2004532,-507.0779101,898.3879197,-0.038619137,0.019273692,0.019345445,LLLG
-348.0123037,-529.5514642,877.5615045,-0.04225446,0.018313452,0.023941008,LLLG
214.0015889,630.2082669,57.77488946,0.041209112,-0.300025208,0.258816096,LLG
681.8284692,-831.8257262,-24.49456487,-0.007979319,-0.083907194,0.091886513,LLG
45.2905361,34.2676176,-82.47909345,-0.228748554,0.616472055,-0.387723501,Normal
-673.1270858,832.3364326,-157.0991673,0.009261053,0.03117733,-0.040438384,LLL
869.2329582,-524.2017513,8.253349366,0.016332041,-0.271765527,0.255433486,LLG
36.88312671,-756.0509363,721.6886274,-0.050393338,0.012718145,0.037675193,LL
-825.3909963,139.4607344,685.9280366,-0.031771651,0.040198582,-0.008426931,LLLG
-883.0082656,414.5466872,468.4593148,-0.02097866,0.042398328,-0.021419668,LLLG
26.11012383,-32.40515942,3.345605845,0.556825968,-0.086626107,-0.470199862,Normal
-65.32785834,36.65656963,25.69108677,0.121929892,-0.560396716,0.438466825,Normal
871.8947854,-489.4904688,10.93816418,0.018158402,-0.283744531,0.265586129,LLG
-874.2875979,326.4300805,547.8552537,-0.024891437,0.04217113,-0.017279693,LLLG
21.94187238,428.0557593,-447.2851929,0.485367322,0.033726342,-0.519093664,LL
53.47909119,-10.92274433,-43.33211903,0.298825572,0.313302723,-0.612128295,Normal
34.25972504,-25.69217527,-12.00291329,0.505809004,0.03007205,-0.535881053,Normal
-712.2861894,-94.95397862,809.2542513,-0.038038647,0.035205894,0.002832753,LLL
21.92981226,67.12697927,-92.32502636,-0.469884062,0.593792724,-0.123908662,Normal
-586.4918404,306.9212276,280.5863695,0.005595383,0.018677272,-0.024272655,LLLG
506.0100561,-889.4921333,385.6367242,-0.019295703,-0.022919937,0.04221564,LLL
493.2026602,-508.9636584,17.89900257,0.030828906,-0.504987773,0.474158866,LLL
-783.6726802,742.6975046,12.48782093,-0.001293935,0.161969018,-0.160675083,LLG
615.1530226,70.67538056,-34.35890506,-0.311089274,0.258689844,0.052399429,LG
-751.3896651,778.8567543,16.87569924,0.002031934,0.134799359,-0.136831293,LLG
323.3471605,551.4618383,-872.682738,0.042107551,-0.01704983,-0.025057722,LLL
-12.5433755,713.3970236,-698.2819413,0.341700702,0.014743019,-0.356443721,LL
881.1285165,-498.1255916,-383.0051881,0.016758399,-0.042025295,0.025266897,LLLG
576.9275648,-578.2380453,3.437189538,0.026431908,-0.465761479,0.439329571,LLL
4.309794219,602.0354403,-603.7471366,0.42674565,0.024699926,-0.451445577,LL
50.50725372,-676.862748,629.042232,0.139667693,0.023086212,-0.162753905,LL
-665.5425696,-161.5375059,829.2555295,-0.030153299,0.030394768,-0.000241469,LLL
869.2260821,-375.3785953,-3.452207196,0.023194184,-0.306700846,0.283506662,LLLG
789.5514243,-732.9372865,-54.62139415,0.00260096,-0.075448912,0.072847951,LLL
30.68178398,320.1050781,-348.1667359,0.499240831,0.037324711,-0.536565542,LL
-9.906549581,-22.79481394,29.74114289,0.574972724,-0.403841797,-0.171130927,Normal
-671.4260876,376.7649564,295.7254952,-0.124796364,0.05292407,0.071872294,LLLG
683.4943822,-826.5684547,145.0658281,-0.008646799,-0.031568616,0.040215415,LLL
-65.41770679,38.48488348,23.58897424,0.138886368,-0.563473963,0.424587595,Normal
-62.98369619,33.48807134,26.15338214,0.184420512,-0.574286175,0.389865663,Normal
55.13399318,-7.588821902,-50.47877039,0.190604937,0.411135947,-0.601740885,Normal
-734.0138831,-29.82718207,-41.5782643,-0.036776388,0.374465304,-0.337688916,LLG
429.1276996,-882.9176185,455.8645081,-0.023305918,-0.018966952,0.04227287,LLL
-61.49047244,28.66891922,29.84364165,0.194925382,-0.578269065,0.383343682,Normal
-4.141937041,-682.8326705,689.2802713,-0.371088612,-0.017176315,0.388264927,LL
-758.6160265,-69.23021181,23.58123387,0.241230811,-0.104940234,-0.136290577,LG
-319.4646558,-570.7145912,890.2733364,-0.037419891,0.015605152,0.021814738,LLLG
874.4713467,56.3499441,-2.598615151,-0.091741491,-0.159135205,0.250876696,LG
51.70448628,-658.2600704,609.2496745,0.162668561,0.023961238,-0.186629798,LL
54.68677462,1.923445442,-59.90019888,0.125227623,0.461589319,-0.586816942,Normal
823.3380559,-178.6799108,31.06226919,0.030843954,-0.354884359,0.324040405,LLG
51.42354246,-630.8230613,581.8950846,0.145730683,0.027213711,-0.172944394,LL
-639.56621,-200.770129,840.5423817,-0.023864471,0.028150814,-0.004286343,LLLG
457.7796443,-889.7883983,-40.77400311,-0.021598434,0.045394039,-0.023795605,LLG
405.4803313,-18.02083237,45.07204762,0.308199033,-0.601040826,0.292841793,LG
225.8746372,-32.52031644,48.67272879,0.350286937,-0.603300129,0.253013192,LG
-767.9065583,-49.71114859,-17.31540699,-0.01693867,0.307767487,-0.290828817,LG
236.8636553,-854.94102,620.0765992,-0.03092169,-0.009604749,0.040526439,LLL
-72.59847035,65.71997953,3.406471641,-0.116523261,-0.444739898,0.561263159,Normal
863.7105502,43.04672355,10.65075226,0.009563036,-0.307767352,0.298204315,LG
-646.2028978,844.7250898,-198.5244558,0.01118637,0.029808968,-0.040995338,LLLG
24.8096977,-27.26046409,-0.988443747,0.554757223,-0.0835838,-0.471173423,Normal
52.23888925,-14.18665961,-38.47766718,0.338457154,0.270715945,-0.609173099,Normal
28.16287949,59.70083883,-91.01081858,-0.422845568,0.61103412,-0.188188552,Normal
643.9703174,70.78611085,-32.61417538,-0.30024026,0.232592165,0.067648095,LG
633.1038101,195.8989717,48.36065514,0.040053836,-0.375225637,0.335171801,LLG
30.08728114,56.64040719,-89.75668796,-0.40811897,0.614137284,-0.206018314,Normal
610.2507637,70.55510794,-34.97219784,-0.314331843,0.267264225,0.047067618,LG
276.8768873,-34.62327678,44.09661587,0.34276162,-0.607709354,0.264947735,LLG
179.7216455,-852.1174583,672.4349338,-0.032106748,-0.007163262,0.039270009,LLLG
-672.574537,-9.548318354,-33.42046848,-0.197878998,0.525932777,-0.328053778,LG
877.4272994,-341.5054941,-535.9192482,0.02440893,-0.042238093,0.017829163,LLLG
862.1628328,-338.8714422,21.38221351,0.02485936,-0.325018971,0.300159611,LLG
579.9679257,70.2283005,-36.62135672,-0.324253044,0.292583491,0.031669553,LG
51.31211061,22.20569427,-76.80083516,-0.082731415,0.576158055,-0.493426639,Normal
-343.1634982,23.33625183,-46.61890866,-0.32505113,0.6052069,-0.28015577,LG
879.3420973,52.81069635,1.317678517,-0.062235951,-0.204515403,0.266751354,LG
46.55934658,-23.94354219,-21.51111022,0.462857623,0.106709016,-0.569566639,Normal
53.9186841,12.66857802,-69.51438405,-0.024271623,0.548769629,-0.524498006,Normal
550.0447074,323.6322478,-873.6792189,0.041570082,-0.027660419,-0.013909663,LLLG
117.7762592,-40.14452171,49.68420088,0.366859399,-0.591493189,0.22463379,LG
-154.8485667,830.4389799,-675.5921984,0.033473923,0.005745832,-0.039219755,LLLG
39.2489587,45.57569935,-87.97629825,-0.307306107,0.625398209,-0.318092102,Normal
-521.0849612,878.8694473,-355.6712627,0.018653728,0.023616076,-0.042269804,LLL
-44.40645412,94.74536816,-53.34471543,-0.571564292,0.095376535,0.476187757,Normal
-669.8109227,-164.3311532,834.1398353,-0.03939299,0.03326116,0.00613183,LLLG
49.41979491,-177.2163333,130.6063991,0.462821116,0.048801269,-0.511622385,LL
-632.3127776,-181.714572,-90.79545335,0.193116164,-0.086143789,-0.106972375,LG
54.31048337,-8.138783188,-47.19612335,0.26576671,0.346090838,-0.611857548,Normal
-54.76406344,97.77627906,-46.47127844,-0.519893411,-0.015530658,0.535424069,Normal
-678.4773,-122.4400138,-40.81399762,-0.044014238,0.377330003,-0.333315765,LLG
-54.84586836,91.96335513,-40.11924678,-0.507023612,-0.037609035,0.544632648,Normal
410.3288668,-889.0263983,-43.26437091,-0.023843706,0.068775135,-0.044931429,LLG
-64.87844216,632.1127965,-564.7171074,-0.160381276,-0.027719978,0.188101254,LL
45.30680596,-704.4779457,661.7289893,0.052547492,0.020647796,-0.073195288,LL
691.553318,-822.3212781,130.765698,-0.008001678,-0.031992759,0.039994436,LLLG
36.36782171,-27.88290458,-11.66576864,0.496874782,0.047516515,-0.544391298,Normal
-48.86547801,99.49343157,-54.08059328,-0.557866005,0.06057765,0.497288355,Normal
-69.747107,50.12657065,16.74858605,-0.019248724,-0.503308492,0.522557217,Normal
27.77801903,-32.29814535,1.571263417,0.550029753,-0.067833159,-0.482196594,Normal
-48.22913448,96.77784222,-51.79347086,-0.556771523,0.05896843,0.497803093,Normal
-326.4037457,22.25425673,-46.36168827,-0.31995273,0.604671762,-0.284719032,LG
-871.5003613,314.2417958,559.2784638,-0.025419641,0.042081996,-0.016662355,LLL
-855.3740247,-40.35150287,-12.93684548,-0.027571215,0.332012185,-0.30444097,LG
-851.4023704,220.9585059,630.4416009,-0.028992859,0.041288884,-0.012296025,LLLG
-815.0820683,111.9875264,703.0923148,-0.03263674,0.039755605,-0.007118866,LLLG
-883.5423165,438.8478344,444.6922185,-0.019812096,0.042369248,-0.022557152,LLLG
-4.55418326,-23.242372,24.60161076,0.585337286,-0.359613393,-0.225723893,Normal
56.58638533,-429.1723753,375.2335906,0.306506822,0.036934156,-0.343440978,LL
-66.5825411,155.6635114,-86.63968626,-0.442664251,-0.042127274,0.484791525,LL
685.4924009,-837.9252225,-24.49818312,-0.007648529,-0.084129523,0.091778052,LLG
848.3774702,-258.2791058,12.38599668,0.027953476,-0.338525169,0.310571693,LLLG
825.4637504,-139.9442733,-685.5217407,0.031717985,-0.040110512,0.008392527,LLLG
-681.352442,-10.64888766,-32.8336757,-0.192708401,0.521141881,-0.32843348,LG
-64.62377865,36.16301441,25.24332656,0.14860981,-0.566709486,0.418099676,Normal
380.6521053,490.0891407,56.41702295,0.042330222,-0.33991909,0.297588869,LLG
459.0371865,424.113009,-883.1524592,0.042241543,-0.023426648,-0.018814894,LLLG
-40.21878443,0.090352274,37.15909387,0.430792978,-0.560921211,0.130128233,Normal
883.9585783,-462.4265011,-419.4706048,0.018578884,-0.042224724,0.02364584,LLL
-6.583076937,679.4964608,-670.3313884,0.37486271,0.018414873,-0.393277582,LL
31.5759105,-779.6672146,750.0934227,-0.036829765,0.000289789,0.036539976,LLL
860.6129584,-605.4223301,-253.1265789,0.01047584,-0.040754797,0.030278957,LLL
25.54691666,-791.9309411,768.9634894,-0.158570465,0.002548335,0.15602213,LL
28.64491018,60.09107003,-92.00672868,-0.41630288,0.613792693,-0.197489812,Normal
-498.2807904,-68.93160489,40.07664288,0.344800922,-0.349040815,0.004239893,LG
341.778736,3.783075929,10.91659472,0.31452297,-0.580448154,0.265925184,LLLG
-66.94658279,180.6086741,-111.3166146,-0.434513818,-0.041857703,0.476371521,LL
-31.92778657,96.87295824,-68.19586497,-0.611802158,0.235086906,0.376715252,Normal
-71.04093762,56.28854138,11.64974092,-0.058251428,-0.481439515,0.539690943,Normal
-343.2707977,-524.5955566,-56.94271809,-0.042231864,0.331922685,-0.289690821,LLG
-71.49616432,58.48895947,9.782647552,-0.068251128,-0.475261633,0.54351276,Normal
167.2970476,-847.4840717,682.3472692,-0.032134452,-0.006647327,0.038781778,LLL
12.25810393,74.6430949,-90.0428598,-0.531141038,0.550849898,-0.01970886,Normal
203.2632834,642.8354754,-846.1010226,0.041006515,-0.011382951,-0.029623564,LLLG
-56.12967724,97.19521452,-44.52595307,-0.509129363,-0.03451271,0.543642072,Normal
-14.23259355,90.55170176,-79.45262788,-0.614664619,0.383882433,0.230782186,Normal
838.2275128,35.66444197,16.68110363,0.057486989,-0.37075605,0.313269061,LG
379.065025,-880.973092,501.9058037,-0.025488813,-0.016537428,0.042026242,LLLG
206.817314,-859.2014352,654.5437435,-0.031623319,-0.008386092,0.040009411,LLL
-70.97849378,68.99468845,-1.00643774,-0.20662493,-0.381549054,0.588173984,Normal
23.67878778,-25.01635463,14.22488592,0.595342181,-0.244402119,-0.350940062,Normal
30.35416093,-780.7437307,-55.70310553,-0.036814593,0.224630387,-0.187815794,LLG
-210.7259603,-58.78923198,48.01534008,0.381276936,-0.501578267,0.120301331,LG
-422.8972334,-460.6218483,883.5168182,-0.042376158,0.021828453,0.020547705,LLLG
-764.9549493,311.6235837,453.9389433,-0.093475316,0.052783263,0.040692053,LLLG
-686.5822724,-113.403127,-45.17004242,-0.038590717,0.37652149,-0.337930772,LLG
-84.81793881,805.7682251,54.62686693,0.035428859,-0.205209086,0.169780227,LLG
44.94796755,-19.7541619,-28.62367829,0.405459854,0.189595902,-0.595055756,Normal
-721.0635432,-81.89815537,802.9594615,-0.037747506,0.035586689,0.002160817,LLLG
696.8139265,121.9807679,-818.7947088,0.038612008,-0.034415796,-0.004196212,LLLG
0.661575877,82.83054279,-86.63015867,-0.580892736,0.486846471,0.094046265,Normal
-50.51051255,13.52998534,33.77019344,0.344529467,-0.582408964,0.237879497,Normal
3.937920097,-783.4829538,-56.31352574,-0.036032348,0.237530345,-0.201497998,LLG
-129.471405,-54.81574221,49.09244215,0.382749063,-0.531342706,0.148593644,LG
-730.9790075,-38.17086666,769.4323564,-0.041292542,0.036483999,0.004808544,LLLG
-8.22047879,-22.60833386,27.7531731,0.578856009,-0.389266585,-0.189589424,Normal
-557.3918085,-119.4686428,-29.52944976,0.210003736,-0.076712453,-0.133291283,LG
582.694692,285.3047464,-865.9490303,0.041155563,-0.029153817,-0.012001745,LLL
783.7350602,-742.797534,-12.48833058,0.001286869,-0.161960042,0.160673174,LLG
-59.8255575,89.0521543,-32.22604989,-0.459203751,-0.112793383,0.571997134,Normal
-411.8009818,-486.9142097,898.8304101,-0.03545115,0.019449062,0.016002088,LLLG
623.0499017,230.8089662,-853.8592516,0.040488147,-0.031043611,-0.009444536,LLLG
115.3752607,53.30856752,-49.42793079,-0.381774383,0.540228153,-0.15845377,LG
-206.3557718,-656.867517,865.3893547,-0.037551068,0.010533407,0.027017661,LLL
-605.9814527,-10.44675634,-37.67555094,-0.206844384,0.535124153,-0.328279769,LG
-0.003822905,85.46219948,-88.84718314,-0.581950956,0.488402696,0.09354826,Normal
26.51741834,61.48923017,-91.15314394,-0.436667058,0.606610562,-0.169943503,Normal
-850.7275065,221.7054162,631.0406303,-0.028985551,0.041273884,-0.012288333,LLL
-68.89220239,47.06094542,18.61041621,0.045807245,-0.531915601,0.486108356,Normal
-146.8502496,-677.9116637,-57.66102788,-0.040298597,0.281245766,-0.240947168,LLG
813.9693818,30.75626707,20.32153086,0.086956837,-0.40721422,0.320257382,LG
846.1554742,-644.6051809,-199.4854503,0.007878601,-0.039956795,0.032078194,LLL
-64.95945283,89.07792996,-27.48198514,-0.405887689,-0.183631649,0.589519338,Normal
628.7051606,-615.8274734,-10.76489763,0.023201492,-0.427576845,0.404375353,LLL
-3.621684378,86.46975948,-86.10784061,-0.59359372,0.462465934,0.131127786,Normal
-102.6593965,-724.8048771,827.5286405,-0.037284594,0.005928888,0.031355706,LLLG
70.30939783,-814.5486061,-55.15539775,-0.035230116,0.214363975,-0.179133859,LLG
818.356916,66.0662956,-16.40651965,-0.191769282,0.010294491,0.181474791,LG
385.948092,495.1647162,-881.1150719,0.042307864,-0.020004527,-0.022303337,LLLG
-50.40269083,99.15610038,-52.2078315,-0.549154642,0.041561113,0.507593529,Normal
645.1491701,-626.7544789,-16.28784614,0.022077412,-0.412434621,0.390357208,LLL
55.6376417,-1.837210295,-56.73205768,0.126739825,0.459365465,-0.586105289,Normal
-516.1220397,-361.7259891,879.8582447,-0.041946687,0.026194193,0.015752494,LLL
119.841111,695.6292814,57.51488593,0.039859026,-0.273231939,0.233372912,LLG
31.48400634,-30.54564272,-4.001319405,0.530139225,-0.019802792,-0.510336433,Normal
-870.89769,475.2427607,-11.83449081,-0.018603651,0.287504965,-0.268901315,LLG
839.0076564,-651.8245387,-73.35967389,0.007871276,-0.126736926,0.11886565,LLLG
-712.954326,-95.70718411,808.6592724,-0.038045438,0.035220486,0.002824952,LLLG
39.68524347,-743.4740145,706.321032,-0.018727812,0.015230118,0.003497694,LL
-415.9580334,-66.7477062,43.10275602,0.360953872,-0.401282462,0.04032859,LG
800.7952977,-718.885255,-9.816861833,0.00327969,-0.177792875,0.174513185,LLG
-57.13187612,23.55479833,30.23804548,0.271543604,-0.58486078,0.313317176,Normal
-62.72742413,85.08363986,-25.24089027,-0.418194822,-0.168586888,0.58678171,Normal
-617.1004294,855.9579622,-238.8597965,0.013097909,0.028356469,-0.041454378,LLLG
-65.86391422,87.98735698,-25.48630442,-0.391170661,-0.201450125,0.592620787,Normal
10.13722405,552.111885,-559.6438973,0.449728554,0.027829413,-0.477557968,LL
-606.3411389,859.9914868,-251.5387485,0.013740597,0.027839582,-0.041580178,LLL
-249.4749565,858.5784623,-609.1057696,0.030415771,0.010325084,-0.040740855,LLLG
554.9398859,-3.764149908,39.77928467,0.255770522,-0.572996564,0.317226041,LG
-500.7124887,223.3563254,1.170838569,0.133308021,0.130256627,-0.263564647,LLG
-23.29162912,759.0241935,-733.1820609,0.273177061,0.007696095,-0.280873156,LL
56.94721669,-387.7185877,333.3318786,0.331057607,0.038165214,-0.369222821,LL
74.90978789,50.96724821,-49.82165006,-0.380715002,0.552553786,-0.171838784,LG
-688.7689098,-70.62069494,29.54787702,0.280696624,-0.187977505,-0.092719119,LG
15.71871319,-777.9468832,764.7777985,-0.238858183,-0.004784425,0.243642607,LL
52.85100775,16.82503238,-73.08995791,-0.016809158,0.547129815,-0.530320657,Normal
553.4894756,69.9838397,-37.61574347,-0.330692605,0.309105452,0.021587153,LG
54.23846007,11.03756096,-68.31873309,0.003790878,0.53511538,-0.538906258,Normal
486.9119134,68.67106014,-40.53874983,-0.347360725,0.3567774,-0.009416675,LG
21.68594037,-774.4692883,755.1557318,-0.196042598,0.000276033,0.195766565,LL
658.6535868,55.53380053,36.45724291,0.11875902,-0.443661639,0.324902618,LLG
765.9866276,-1.740566415,-764.2483248,0.035713371,-0.03750853,0.001795159,LLLG
-59.62397987,27.50766853,28.77599524,0.237421593,-0.582413989,0.344992395,Normal
125.7198205,-822.8954017,-53.68092018,-0.034293224,0.190112143,-0.155818919,LLG
833.0016449,34.69903694,17.41773745,0.063380647,-0.378237987,0.314857339,LG
-849.5955669,273.1924042,-25.52826211,-0.027481701,0.338942718,-0.311461017,LLG
-65.02963273,35.47708841,26.68473109,0.122404174,-0.561094199,0.438690025,Normal
203.2600005,-234.0930814,32.9705333,0.040038785,-0.535410158,0.495371373,LLL
-71.96474974,63.89994219,4.83839038,-0.124805993,-0.440204362,0.565010354,Normal
-18.80296617,-14.35074058,29.82908331,0.550207659,-0.452718798,-0.097488861,Normal
51.31972722,-665.0536058,616.4255379,0.155394666,0.022966321,-0.178360986,LL
17.30223215,-32.00197854,11.74748076,0.582265229,-0.178670348,-0.403594882,Normal
54.22781542,-6.689106863,-50.70735589,0.207445361,0.397912618,-0.605357979,Normal
684.1815862,-650.6028464,-31.48954094,0.019174285,-0.369007394,0.349833109,LLL
-368.3736331,21.22548258,-46.03429606,-0.318543195,0.603987337,-0.285444141,LG
31.16549785,-29.28595001,-5.062539921,0.529632688,-0.019057875,-0.510574813,Normal
117.9624586,-40.14261272,49.68610462,0.366867399,-0.591493172,0.224625773,LG
108.5250935,-141.5619984,35.17008654,0.041446999,-0.526491801,0.485044802,LLL
51.09395026,-16.64586393,-34.62699596,0.368687516,0.235530068,-0.604217585,Normal
-194.9527766,844.471506,-647.4002192,0.032221885,0.007701917,-0.039923803,LLL
304.7020088,-26.45869727,47.40905581,0.334214723,-0.605916062,0.271701339,LG
-440.4540764,883.3430531,-442.8912404,0.022700258,0.01963286,-0.042333117,LLLG
-10.86668657,-18.99749899,26.5421172,0.57344578,-0.401596263,-0.171849517,Normal
-841.1381909,637.7447757,1.695649033,-0.009206522,0.222797414,-0.213590892,LLG
268.3032723,-880.8080982,-49.65346524,-0.028730477,0.136161212,-0.107430735,LLG
30.38170917,-29.42484404,-4.140163124,0.533785198,-0.028548957,-0.505236241,Normal
55.51544916,-4.354617283,-54.0933035,0.15436189,0.439315551,-0.593677442,Normal
-157.0165467,-690.9342632,848.0209264,-0.039925197,0.008939416,0.030985782,LLLG
-68.53830767,533.9448693,-462.9141736,-0.247564401,-0.033241827,0.280806228,LL
55.44346422,-5.176683158,-53.19953452,0.163489982,0.432422218,-0.5959122,Normal
-542.0433108,-346.1031298,890.3185519,-0.04184659,0.027014078,0.014832512,LLL
439.8936208,25.69441137,6.515970243,0.273393129,-0.555397809,0.28200468,LLLG
745.337982,19.33628136,27.86012344,0.149747061,-0.478291236,0.328544175,LG
-769.8648786,75.58155061,694.6256953,-0.049657759,0.041190496,0.008467263,LLLG
-62.94166697,43.72623847,-49.89696171,-0.372983759,0.582074309,-0.20909055,LG
-72.13590732,71.20050668,-2.419714298,-0.190038491,-0.393379801,0.583418292,Normal
-379.1572662,-65.56430942,44.24097437,0.36654812,-0.422222892,0.055674771,LG
21.49066645,-31.18535405,6.628197447,0.570857269,-0.132397396,-0.438459873,Normal
-584.9370972,-70.40692056,36.02794121,0.32125489,-0.28421308,-0.037041809,LG
29.10418349,-30.91613386,-1.251888614,0.542190851,-0.04823815,-0.493952701,Normal
-654.9089606,841.3136148,-184.3736611,0.010550755,0.030263603,-0.040814358,LLL
825.0107139,-177.2276478,18.168537,0.030821599,-0.352105175,0.321283576,LLLG
54.57798419,6.27542975,-64.14181225,0.078535781,0.492807127,-0.571342907,Normal
141.3374165,-826.2428009,684.903121,-0.033920905,-0.005005627,0.038926532,LLLG
-168.4954366,835.0636136,-666.5699727,0.033062204,0.006404546,-0.03946675,LLLG
-882.7662817,451.5913983,433.276159,-0.019212749,0.04232295,-0.023110201,LLL
-72.28174577,798.428022,-726.1479925,0.03576691,0.001769704,-0.037536614,LLLG
56.41849601,-480.9648594,427.2942203,0.322317424,0.030412678,-0.352730102,LL
-57.74983046,89.0655517,-34.20289189,-0.477527026,-0.085481166,0.563008191,Normal
36.62620801,-778.4187185,744.4115802,-0.049412473,0.010475764,0.038936709,LL
-35.4080611,45.45330071,-49.92934879,-0.375497771,0.576500696,-0.201002925,LG
-52.63166834,98.53477065,-49.35997824,-0.535101641,0.013005523,0.522096118,Normal
831.7135548,-669.9400328,-4.420980972,0.007486151,-0.208397372,0.200911221,LLG
393.1729701,477.9169318,56.21090245,0.042372964,-0.342439304,0.30006634,LLG
-67.22025035,41.85265507,22.26940938,0.084070124,-0.547288553,0.463218429,Normal
-8.932752015,90.45458678,-84.90771363,-0.606137338,0.429386691,0.176750647,Normal
-779.3797479,29.02175913,750.3557252,-0.035036286,0.03819397,-0.003157684,LLLG
349.6261717,-376.0602142,28.57535323,0.036416927,-0.533734004,0.497317077,LLL
-36.87244408,-398.3196826,437.5377074,-0.496259858,-0.034486581,0.530746438,LL
-797.4132617,71.35091091,728.1577784,-0.033866458,0.039002792,-0.005136334,LLL
622.6066943,231.4654715,-854.0744294,0.0404438,-0.031008676,-0.009435124,LLLG
-15.54883945,92.24553624,-79.95270522,-0.616262801,0.376994079,0.239268722,Normal
56.76814864,-439.4824289,385.2640816,0.300342626,0.03660402,-0.336946645,LL
-54.04448915,744.9341537,-688.4236242,-0.004224951,-0.016433208,0.020658159,LL
56.80943867,-344.5513958,290.3105049,0.354153329,0.039245235,-0.393398564,LL
-49.67245455,14.33620765,31.87329369,0.358626083,-0.578459589,0.219833506,Normal
-839.563538,232.9950396,-27.94180392,-0.028969595,0.346292884,-0.317323289,LLG
462.8319191,1.328923678,33.73343294,0.273859518,-0.570783147,0.29692363,LLG
-68.91177683,47.40617392,18.15886048,0.054740113,-0.534993856,0.480253743,Normal
-99.34701243,810.8292961,-709.4422924,0.035032635,0.003092751,-0.038125387,LLL
-39.36267712,95.00858421,-58.65344218,-0.591120696,0.151609784,0.439510912,Normal
497.9708796,-897.5910788,-38.79744286,-0.019272615,0.027352526,-0.008079912,LLG
842.373778,-642.8251601,-72.57983043,0.008523911,-0.13561388,0.127089969,LLLG
291.7333045,-27.48675751,47.64924051,0.337103601,-0.605853535,0.268749934,LG
812.9522827,-703.9139161,-66.83530278,0.003920206,-0.077297477,0.073377271,LLLG
32.25798985,-30.39115519,-4.929496097,0.525852671,-0.010302059,-0.515550612,Normal
40.1542332,-29.18070226,-6.526174651,0.548703963,-0.054420894,-0.494283069,Normal
46.30850323,-20.14159167,-29.46702366,0.392081307,0.2069896,-0.599070907,Normal
26.29946866,59.92966211,-89.14250117,-0.442439459,0.602736358,-0.160296899,Normal
506.2234744,375.3693816,-879.5438267,0.04199603,-0.025609126,-0.016386903,LLL
250.2351754,-858.2850933,610.1273002,-0.030462822,-0.010251466,0.040714289,LLL
42.84663204,-24.60072728,-21.42370083,0.439499985,0.141842373,-0.581342358,Normal
-6.54628851,-22.32047104,25.67120089,0.582136238,-0.374260455,-0.207875783,Normal
374.8333455,65.05835486,-44.67790233,-0.367838693,0.428997064,-0.061158371,LG
-703.0948659,-85.61429713,-44.01574306,-0.038023599,0.37620736,-0.338183762,LLG
199.118174,-34.47929887,48.99839198,0.354959681,-0.601235646,0.246275965,LG
-654.8425361,841.2801864,-184.3270652,0.010554759,0.030260403,-0.040815163,LLL
788.7208683,-739.5641699,-49.15896103,0.000599406,-0.036945285,0.036345879,LLLG
11.31405855,75.38613776,-89.84155538,-0.536016544,0.54620817,-0.010191626,Normal
-176.0865414,-662.0259472,838.1102337,-0.040710859,0.010184801,0.030526058,LLLG
411.4089461,472.6955505,-882.057042,0.042334857,-0.021181543,-0.021153314,LLL
56.08521328,-522.9891681,469.6425042,0.290063513,0.030292593,-0.320356106,LL
-44.57958224,786.1653248,-741.5874336,0.036461739,0.000439092,-0.03690083,LLLG
574.3389082,276.0763891,51.11835028,0.041210885,-0.370635894,0.329425009,LLG
142.0334495,-825.4772923,685.5228227,-0.033913497,-0.005020706,0.038934203,LLL
-368.2564744,-501.7529733,-56.60620265,-0.042314437,0.337343844,-0.295029407,LLG
56.3445625,-478.9382125,425.1343983,0.274412569,0.035192138,-0.309604707,LL
859.3938756,-618.5156759,-238.7330567,0.010019657,-0.040731528,0.030711871,LLL
-23.69725458,-14.15382344,34.88687188,0.528443063,-0.488450001,-0.039993061,Normal
-39.46928805,98.8560498,-62.76224868,-0.595436458,0.163162248,0.43227421,Normal
-493.3562489,-386.8618082,882.2278867,-0.042114656,0.025135097,0.016979559,LLL
-70.9189572,54.60509493,12.8428397,-0.002779773,-0.508987762,0.511767535,Normal
-761.6202299,78.81540553,683.1627939,-0.036993663,0.038452267,-0.001458604,LLLG
30.35308328,-780.741686,-55.70307403,-0.036814717,0.224630473,-0.187815756,LLG
533.711999,-876.2972627,344.5798925,-0.018088696,-0.024111338,0.042200034,LLL
-608.3890486,864.7786548,30.85983458,0.013124703,0.037247281,-0.050371985,LLG
-70.58032447,71.36850805,-3.779288886,-0.233453262,-0.359665223,0.593118485,Normal
-1.989832773,83.36983448,-84.39883015,-0.589742975,0.467422337,0.122320638,Normal
-61.70488076,31.86659743,26.37112996,0.21061856,-0.578203319,0.367584759,Normal
-564.0870395,-70.14157813,37.09603768,0.327632277,-0.300881494,-0.026750783,LG
121.6085922,696.7543035,-818.3644099,0.039853687,-0.007507526,-0.032346162,LLLG
758.5971523,69.23011019,-23.58156108,-0.24122573,0.104940309,0.136285421,LG
51.17531079,-630.6547546,582.0704009,0.145596006,0.027213432,-0.172809438,LL
-802.5061205,-67.19069522,18.60939154,0.207165062,-0.038821438,-0.168343625,LG
-827.6748463,192.2938874,-30.29310926,-0.03039402,0.352874764,-0.322480744,LLG
-45.71726893,93.34337607,-50.51799852,-0.563455021,0.075752612,0.487702409,Normal
659.5291572,-852.4212998,-26.93613888,-0.009454996,-0.066821914,0.07627691,LLG
-140.4551385,826.387763,-683.8132997,0.033884714,0.005070566,-0.03895528,LLL
9.070427526,75.1128834,-87.09136652,-0.548883817,0.530065759,0.018818058,Normal
232.8928409,-867.0970476,634.239881,-0.030385572,-0.00974267,0.040128242,LLLG
703.6579983,84.66252408,44.01123873,0.038072055,-0.37623422,0.338162166,LLG
43.87706522,-20.66886514,-26.63872063,0.418969705,0.171233554,-0.590203259,Normal
-52.27615076,755.7050651,-700.85871,0.019438737,-0.01459419,-0.004844547,LL
21.69590229,65.43446468,-90.15645705,-0.475071631,0.589148013,-0.114076382,Normal
-0.16679638,86.83180485,-90.0039892,-0.582516218,0.48922715,0.093289068,Normal
-60.79549812,29.49627861,27.95826133,0.219979768,-0.580296983,0.360317215,Normal
36.84223612,48.19640943,-88.07026617,-0.339486584,0.624104321,-0.284617737,Normal
-53.21746027,-159.9798492,215.5309282,-0.505599669,-0.040584031,0.5461837,LL
-69.85033205,447.7584368,-375.4323035,-0.30743826,-0.036622322,0.344060582,LL
-494.0282093,-387.6058143,881.6317601,-0.042121964,0.025150097,0.016971867,LLLG
-83.7133742,42.10281172,38.01563142,0.416930483,-0.066439089,-0.350491394,LLG
-586.1730329,303.1329172,285.2283536,0.00569076,0.018481501,-0.024172261,LLL
-635.5631982,-216.7501653,852.5080816,-0.038747912,0.031247384,0.007500528,LLLG
582.0092054,284.5472113,-866.5586803,0.041148254,-0.029138817,-0.012009438,LLLG
-262.6695921,861.6043898,-598.9366615,0.029958287,0.010962237,-0.040920524,LLLG
56.92241474,-408.732398,354.3662932,0.319008771,0.037568454,-0.356577225,LL
-34.43350747,783.1379217,-746.1797739,0.189103967,-0.000244864,-0.188859103,LL
-829.5397027,153.9201158,677.7162231,-0.031319991,0.040390223,-0.009070232,LLL
492.1921492,-888.0551438,-38.80006425,-0.019858056,0.027735588,-0.007877532,LLG
470.9694127,-893.1372435,422.1903306,-0.020820876,-0.021266766,0.042087642,LLLG
16.5706316,72.07015254,-91.907135,-0.505391791,0.572834684,-0.067442893,Normal
-53.79430479,93.77844515,-43.10413805,-0.518283777,-0.017897401,0.536181178,Normal
46.44793484,-144.4694871,100.8507228,0.493587955,0.017650877,-0.511238832,LL
762.7080241,-27.21185748,38.97176019,0.035444368,-0.37127992,0.335835552,LLG
705.5442126,70.43343989,-28.26859912,-0.272377913,0.169791628,0.102586285,LG
48.26554551,-21.56096776,-26.08386992,0.431427172,0.153506724,-0.584933896,Normal
54.82156718,-2.717091609,-55.27160068,0.162500953,0.433876691,-0.596377644,Normal
-26.59277968,93.43897813,-69.85778269,-0.616571885,0.277389689,0.339182197,Normal
-586.6657456,-282.3654308,871.2045408,-0.028071152,0.026033532,0.00203762,LLL
-65.44669763,36.4720551,26.10655368,0.11310658,-0.558210927,0.445104348,Normal
800.7954947,-718.8856426,-9.81686226,0.003279713,-0.177792893,0.174513179,LLG
285.3417408,-878.8727078,593.5634019,-0.028526305,-0.012264443,0.040790749,LLLG
-200.4843358,-640.3729133,-57.78254649,-0.041038601,0.296411681,-0.25537308,LLG
34.41142954,-784.0097883,752.2089558,-0.073405949,0.009275957,0.064129992,LL
92.675129,712.7177453,57.31196557,0.039389844,-0.264959191,0.225569348,LLG
858.6801668,-619.2669909,-239.4071828,0.010011058,-0.040713876,0.030702819,LLLG
751.0288457,-786.7048705,35.68668443,-0.003068505,-0.035096431,0.038164936,LLLG
-611.9439773,-244.5570898,858.5130224,-0.040682139,0.030626102,0.010056038,LLL
-772.0847016,-68.73124879,22.18787488,0.231778997,-0.086143779,-0.145635219,LG
434.2685305,-889.8464681,-42.03993116,-0.022732285,0.057112766,-0.034380482,LLG
832.4096589,64.79531608,-14.16689223,-0.175952791,-0.018255379,0.19420817,LG
-476.9665018,11.49846136,-42.8505957,-0.285466964,0.591154204,-0.30568724,LG
43.16462084,-25.85836481,-20.36421175,0.440005695,0.141098672,-0.581104367,Normal
-41.58561498,783.9130544,-739.7242381,0.128939052,-0.005564054,-0.123374998,LL
624.913616,70.72973712,-33.78562311,-0.307548531,0.250051596,0.057496935,LG
789.6170952,-735.0074638,-11.60063004,0.00195168,-0.167279362,0.165327682,LLG
49.56901086,27.47386514,-80.45320296,-0.120932153,0.591006227,-0.470074075,Normal
416.9099446,-882.5920872,467.6786891,-0.023858817,-0.018369947,0.042228764,LLL
-46.9805269,10.17758906,33.46839494,0.381251115,-0.574625235,0.19337412,Normal
729.6516503,66.72010984,-796.3715633,0.037444984,-0.03590214,-0.001542844,LLLG
-62.01773142,29.66770898,29.37182466,0.185956723,-0.576545337,0.390588614,Normal
-10.92341291,91.41835526,-83.8801709,-0.609920862,0.415120711,0.194800151,Normal
51.40953223,-87.17614168,38.46572307,0.453664576,0.042333858,-0.495998433,LL
-60.94547948,88.18042943,-30.23382658,-0.446116453,-0.131311365,0.577427818,Normal
-573.924366,-276.7788053,-51.12210412,-0.041180339,0.370620328,-0.329439989,LLG
19.32853869,66.72318245,-88.96285255,-0.49252428,0.57816742,-0.085643139,Normal
463.6236739,32.40118445,6.054043111,0.260778216,-0.546253389,0.285475173,LLLG
55.25271288,-6.79398572,-51.39204436,0.181613742,0.418330677,-0.599944419,Normal
815.154463,-112.4705331,-702.6861934,0.032583038,-0.039667507,0.007084469,LLLG
32.43046532,53.87262074,-89.3329591,-0.386053292,0.618794192,-0.2327409,Normal
-501.663179,-55.26363629,28.33882818,0.21780926,-0.019809055,-0.198000205,LG
8.453765214,77.55177347,-89.1459922,-0.549864522,0.53150799,0.018356532,Normal
-848.2858868,-62.87753207,11.13233222,0.154267773,0.056248009,-0.210515782,LG
-25.95193704,94.44981176,-71.62778281,-0.617780927,0.286698398,0.331082529,Normal
-643.9195763,-190.8920941,836.9867066,-0.020345344,0.027274611,-0.006929267,LLL
23.74252657,62.53740072,-89.19245786,-0.462061116,0.594585819,-0.132524704,Normal
-744.3701955,785.5188636,17.74164406,0.002696273,0.129260234,-0.131956507,LLG
642.4584813,203.8802571,-846.3390358,0.040078531,-0.031934873,-0.008143658,LLLG
843.6110814,-658.146456,-185.4578592,0.007458871,-0.03990027,0.032441399,LLLG
-70.14647749,51.58396435,15.46134835,-0.010698456,-0.506676932,0.517375389,Normal
-23.41638048,91.51762869,-71.00009588,-0.617777677,0.302213363,0.315564315,Normal
818.3904602,-697.2379859,-7.130184163,0.005515702,-0.19339259,0.187876888,LLG
54.54293798,9.833354107,-67.30425805,0.004275103,0.534403276,-0.538678379,Normal
75.19692208,-49.13097388,51.08333976,0.373557167,-0.588699737,0.21514257,LLG
-16.8287896,-15.588326,29.09313111,0.556868181,-0.440608444,-0.116259737,Normal
416.242412,-883.3316644,467.086989,-0.023866125,-0.018354947,0.042221072,LLLG
223.4608278,-851.3610506,629.8996495,-0.03137285,-0.008955719,0.040328569,LLL
47.203583,-688.4579262,643.7253033,0.076261503,0.022367551,-0.098629054,LL
-716.6295375,805.6799957,-89.05272183,0.005978912,0.033350926,-0.039329838,LLLG
-738.5650696,-24.32025952,763.1741771,-0.046265419,0.038288185,0.007977234,LLLG
772.0974316,68.73182369,-22.18753071,-0.231772585,0.086143843,0.145628742,LG
506.5917463,374.8825788,-879.344997,0.042029705,-0.025636401,-0.016393305,LLL
-741.2955166,-15.853411,-40.94286517,-0.036441705,0.373798483,-0.337356778,LLG
-4.236004047,-21.00328485,21.79034083,0.585639068,-0.350564238,-0.23507483,Normal
-607.0918402,859.280927,-252.1913504,0.013728821,0.02785817,-0.041586991,LLLG
763.5660523,-24.86381205,22.83570439,0.035351971,-0.365407943,0.330055972,LLLG
26.39681682,-792.105526,768.2910102,-0.151000747,0.003204661,0.147796086,LL
661.1481115,-636.8715308,-22.17634788,0.020931525,-0.396003565,0.37507204,LLL
230.8563938,624.2404969,-853.0521889,0.041323254,-0.012673374,-0.028649881,LLL
-2.303754781,84.61138933,-85.44476996,-0.590242218,0.468156527,0.122085691,Normal
-472.0907403,7.982496659,-41.80861439,-0.270883356,0.5842358,-0.313352444,LG
-671.3761076,-70.73975011,30.79673152,0.288729735,-0.205977999,-0.082751736,LG
-853.0300904,625.5832414,227.44468,-0.009226914,0.040447847,-0.031220933,LLLG
830.1081565,-685.6161404,-144.4846241,0.005488304,-0.039179149,0.033690845,LLLG
840.5086416,-234.5891941,27.93585976,0.02905462,-0.3463441,0.31728948,LLG
16.99522856,-30.78778356,10.72459097,0.581776988,-0.177952337,-0.403824651,Normal
-43.18659577,100.1850122,-60.44383932,-0.584083603,0.126711094,0.457372509,Normal
452.4957088,-883.7295433,431.2315711,-0.022190508,-0.020131615,0.042322123,LLLG
-621.1107857,-11.67726803,-35.54942347,-0.197089792,0.525932752,-0.32884296,LG
3.774667294,84.28443421,-91.38046463,-0.568095394,0.512527011,0.055568384,Normal
-341.3554614,-64.23285772,45.28344171,0.371335406,-0.442225825,0.070890419,LG
-2.60545789,653.5461138,-648.3523709,0.395121955,0.020774001,-0.415895955,LL
864.6224787,-562.4562051,-52.62200416,0.013655631,-0.204868481,0.19121285,LLLG
639.2304902,70.73784358,-33.23281413,-0.303710768,0.241351698,0.06235907,LG
43.09701985,-22.88557388,-23.51346153,0.432597838,0.151920218,-0.584518057,Normal
-66.45774301,39.87107521,23.48907732,0.102810763,-0.553762974,0.450952211,Normal
-62.77809675,92.95104631,-33.63913846,-0.441515085,-0.137422968,0.578938053,Normal
24.41898495,752.3263748,56.55779012,0.038047904,-0.243151805,0.205103901,LLG
-33.78960789,782.2205776,-745.807269,0.196282026,0.000409994,-0.196692021,LL
-751.0018135,-25.72279014,778.8186222,-0.036456167,0.036947921,-0.000491754,LLL
-166.1532947,837.8844866,52.61407933,0.03307427,-0.174579698,0.141505428,LLG
-68.98288544,286.0112121,-214.6727196,-0.393116367,-0.040542647,0.433659013,LL
-72.16996072,61.19241341,7.505836638,-0.069338604,-0.473662508,0.543001112,Normal
-330.4298681,24.38312949,-46.89399661,-0.328185181,0.605592767,-0.277407586,LG
-27.52580775,-11.26343897,35.82390086,0.5102325,-0.50828998,-0.00194252,Normal
-70.89288068,55.35840645,12.43211708,-0.048753736,-0.486739217,0.535492954,Normal
758.2886775,-772.1070596,-16.00614297,-0.001373895,-0.140296428,0.141670323,LLG
516.8590449,361.9982156,-878.8595242,0.041899554,-0.026120511,-0.015779043,LLLG
-405.0427923,-466.5737545,-55.99689784,-0.042359634,0.344849546,-0.302489911,LLG
-663.6306822,-8.445393061,-33.99901527,-0.203000707,0.530593964,-0.327593257,LG
5.949347451,47.95926667,-49.88554383,-0.378573299,0.567075386,-0.188502087,LG
-873.160494,-57.01567206,3.38159334,0.097572728,0.149932457,-0.247505185,LG
774.1975078,-762.4861693,-14.25989639,0.000276312,-0.151406135,0.151129823,LLG
50.96890396,22.86086709,-76.98838523,-0.101081382,0.582692768,-0.481611386,Normal
-669.0666151,-137.5482763,-41.34777664,-0.038752846,0.375025684,-0.336272838,LLG
1.059003631,-24.35527735,19.9780343,0.590856854,-0.312708484,-0.27814837,Normal
-865.7592927,-59.53757643,6.50287271,0.120619305,0.112773954,-0.233393259,LG
56.22505295,-469.0804408,415.4940036,0.280867121,0.035557916,-0.316425037,LL
769.630398,-696.4044301,-71.19820544,0.010475824,-0.210957205,0.200481381,LLL
760.3285797,11.95908962,-770.1528091,0.03613644,-0.037262408,0.001125968,LLL
-698.4017812,-12.84187274,-31.63593302,-0.182225911,0.511175494,-0.328949583,LG
-38.79601216,-0.415944697,36.12684416,0.443059218,-0.554343927,0.111284709,Normal
-10.56004186,702.7823703,-689.6470831,0.353110268,0.015983131,-0.369093398,LL
48.90895798,-20.55155913,-27.96690836,0.418149814,0.172017762,-0.590167576,Normal
-253.3253559,-600.3103431,-57.67607673,-0.04161646,0.310407677,-0.268791217,LLG
104.2799234,-41.0535041,49.75762204,0.368536319,-0.589356021,0.220819702,LG
242.4317017,-874.580674,-50.55490034,-0.029657859,0.147100985,-0.117443126,LLG
-866.085988,-43.92424085,-9.8835678,-0.003546687,0.299531301,-0.295984614,LG
-70.67862747,53.81071757,13.64490168,-0.020730161,-0.501129882,0.521860043,Normal
779.5336499,-758.1141694,-19.27103648,-0.000427427,-0.036534351,0.036961778,LLL
-69.75472486,417.4596358,-345.3316314,-0.325993426,-0.037537288,0.363530713,LL
-66.96581196,79.38128144,-15.29737309,-0.342825925,-0.25649254,0.599318465,Normal
-55.81374667,21.59442592,30.88093015,0.28819012,-0.585188159,0.296998039,Normal
117.7762421,-40.14452634,49.6842013,0.366859393,-0.591493195,0.224633802,LG
283.2841666,582.9567337,-866.243164,0.041812142,-0.015170362,-0.02664178,LLLG
-835.8118963,219.4908187,-28.73258454,-0.029452313,0.348573431,-0.319121118,LLG
55.15024037,-219.2736636,166.7114416,0.410135245,0.041406365,-0.45154161,LL
-16.50967052,773.6627489,55.93568296,0.037143284,-0.229347757,0.192204474,LLG
-210.6188157,-58.78775892,48.0168079,0.381281533,-0.501578251,0.120296718,LG
-61.11573547,94.28088863,-36.63002093,-0.461307882,-0.10969945,0.571007332,Normal
168.0579759,-199.7215482,33.79958903,0.040642313,-0.532929724,0.492287411,LLL
-717.7392013,-55.91466389,773.9249428,-0.029448297,0.033039714,-0.003591416,LLLG
-8.593957119,89.1146435,-83.77888591,-0.605598531,0.428594318,0.177004213,Normal
54.37761227,-5.913648106,-51.63230699,0.198556638,0.405299303,-0.60385594,Normal
31.01671592,57.34171509,-91.63012261,-0.394524722,0.618891919,-0.224367197,Normal
-131.4446843,39.22362309,-49.60074926,-0.365094652,0.593484535,-0.228389883,LG
-63.03206953,31.66623156,28.38706771,0.167874675,-0.572657894,0.404783219,Normal
-71.61322788,59.40729023,8.981070451,-0.077724248,-0.469716112,0.54744036,Normal
33.19180865,52.93883511,-89.16080798,-0.37851143,0.620050896,-0.241539467,Normal
17.03377435,-773.7991678,756.7631361,-0.0371615,0.000969929,0.036191571,LLLG
-42.97651697,782.1654518,-736.6873138,0.113696459,-0.006867281,-0.106829179,LL
494.4273231,386.6383456,-881.0664959,0.042100154,-0.025087601,-0.017012552,LLLG
-57.64983126,793.7143926,55.19305981,0.036128724,-0.215016562,0.178887839,LLG
31.57030041,59.0830757,-93.75826155,-0.388178039,0.621919897,-0.233741857,Normal
-867.3067994,287.3941228,579.9104131,-0.026479042,0.041917623,-0.015438581,LLLG
29.77230195,57.88614279,-90.80614995,-0.408619894,0.614873947,-0.206254053,Normal
56.43128471,-455.3003711,401.6238694,0.341288322,0.02925126,-0.370539582,LL
51.5707887,-14.52792913,-40.21485838,0.301153033,0.310916611,-0.612069644,Normal
837.2486663,35.66392668,16.68059364,0.05744388,-0.370756071,0.313312191,LG
-23.71783184,92.70986657,-72.00448736,-0.618257089,0.302918389,0.3153387,Normal
51.62576358,21.23302168,-76.14213105,-0.073268604,0.572300462,-0.499031858,Normal
-858.7711783,576.5090462,-3.74736483,-0.013056421,0.250375626,-0.237319205,LLG
600.2922261,70.46204119,-35.53223717,-0.317722287,0.275772761,0.041949526,LG
768.6734519,68.96624516,-22.91060761,-0.236389731,0.095553908,0.140835824,LG
44.14192481,96.1934885,-137.7189386,0.491207398,0.041570562,-0.53277796,LL
-236.1303343,855.209625,-619.0815544,0.030874555,0.009678431,-0.040552987,LLLG
-53.38239826,748.7246357,-692.8738217,0.003708122,-0.015818117,0.012109995,LL
52.78790683,-123.7580731,73.56969748,0.443194065,0.042206113,-0.485400178,LL
-237.2869847,-59.99741043,47.56297818,0.380038824,-0.490653213,0.110614389,LG
-571.4295761,-298.122042,869.5493545,-0.041353513,0.028741739,0.012611773,LLLG
-60.53579328,94.6959049,-37.62449465,-0.467687271,-0.100390377,0.568077648,Normal
-29.10027578,-8.027088347,33.92473423,0.504354406,-0.511457296,0.00710289,Normal
-842.8545479,194.739463,650.2123257,-0.029941053,0.040950236,-0.011009183,LLL
503.4234074,-887.0380664,-38.12270901,-0.019267993,0.021833852,-0.002565859,LLG
128.6994911,53.99626577,-49.33894255,-0.381989367,0.535851539,-0.153862172,LG
-11.25351521,89.25099474,-81.13190275,-0.610535404,0.406286545,0.20424886,Normal
660.6884965,-846.6865879,188.1496346,-0.010087816,-0.030566994,0.04065481,LLL
553.4493051,302.5347689,51.93920257,0.041501541,-0.368362653,0.326861112,LLG
-181.3925589,840.2604482,-656.7491755,0.032649767,0.007046527,-0.039696294,LLL
-63.63482988,653.2934934,-587.1348137,-0.137592068,-0.026177677,0.163769745,LL
-345.3898411,-548.0178055,895.5760036,-0.040726432,0.017502373,0.023224059,LLL
-30.71010408,779.7419157,-749.0334898,0.036795713,-0.000226457,-0.036569255,LLLG
881.6677607,-390.3082381,-491.3617859,0.022070114,-0.042296933,0.020226819,LLLG
498.5660465,367.8603166,53.76882967,0.042011079,-0.361071029,0.31905995,LLG
29.5883391,-29.5482305,-3.223712545,0.537802689,-0.038028119,-0.49977457,Normal
429.1109357,442.4831584,55.52154773,0.042327792,-0.34941822,0.307090428,LLG
-125.5774573,822.6562776,53.6793031,0.034294993,-0.190108929,0.155813936,LLG
846.1466973,37.56715613,15.194221,0.045574381,-0.355519686,0.309945305,LG
47.51077542,22.82282536,-67.72134539,0.479441826,0.042157092,-0.521598918,LL
7.109677137,-25.07588831,21.34196652,0.370320573,-0.554504767,0.184184194,Normal
880.080829,-364.4520939,-513.5688469,0.023201501,-0.04225743,0.019055928,LLL
55.86436899,-507.2866931,453.9560187,0.254239605,0.034041796,-0.288281401,LL
54.26131332,10.42466559,-67.84854174,0.022302037,0.525639265,-0.547941302,Normal
-71.9483631,72.83049344,-4.237890165,-0.208167351,-0.379280759,0.587448111,Normal
52.96927729,16.42345892,-72.67766009,-0.025781504,0.550990069,-0.525208565,Normal
7.536778353,-25.15756389,14.17556274,0.590577655,-0.254377197,-0.336200457,Normal
-30.14146463,776.4716219,-743.6976717,0.225009213,0.003069477,-0.228078691,LL
37.58314304,48.81247626,-89.67014189,-0.32432133,0.626185192,-0.301863862,Normal
464.3613856,-883.4270471,419.0634005,-0.021620793,-0.020714116,0.042334909,LLLG
43.79116048,39.00552418,-86.07435565,-0.239116774,0.620112932,-0.380996158,Normal
54.24252695,-560.3479373,508.7198542,0.212088532,0.031516851,-0.243605383,LL
-606.6136707,-1.793793563,-37.28943291,-0.23263616,0.555773689,-0.323137529,LG
144.3608572,-176.5732776,34.34737322,0.040994584,-0.53069972,0.489705136,LLL
-56.50408127,89.7935692,-36.17721355,-0.489489275,-0.066673616,0.556162892,Normal
15.97529448,-765.6654515,752.1414237,-0.239255274,-0.003711071,0.242966344,LL
-23.35826359,-12.36321018,32.52069006,0.531665211,-0.481704297,-0.049960914,Normal
576.2422297,-868.4462254,292.2017323,-0.015655016,-0.026233917,0.041888932,LLLG
-49.24794573,-233.3177467,284.998826,-0.508561114,-0.039467371,0.548028485,LL
49.18218363,28.45911974,-81.05130387,-0.13028669,0.594169257,-0.463882567,Normal
741.9219347,14.79386433,40.9380848,0.03649382,-0.373828204,0.337334384,LLG
-65.95866252,86.09179858,-23.36886869,-0.383136622,-0.211065086,0.594201708,Normal
-308.6976826,-561.5480619,872.252679,-0.042045551,0.016478133,0.025567418,LLL
19.39394959,-29.81175543,7.230528299,0.575154135,-0.150001373,-0.425152762,Normal
341.4213668,64.23403101,-45.28249521,-0.371326659,0.44222594,-0.070899281,LG
-876.1727295,339.2687232,536.9017964,-0.024348696,0.042234004,-0.017885307,LLLG
-36.73344385,94.92901484,-61.2039733,-0.598982687,0.179314765,0.419667921,Normal
616.9653304,2.907169798,36.76510324,0.227859329,-0.551914067,0.324054738,LG
48.71294228,-699.1832152,653.1456387,0.108227065,0.022413431,-0.130640496,LL
-240.2020784,-610.5519283,-57.7240257,-0.041487465,0.30702155,-0.265534085,LLG
-60.9372687,-51.13242996,49.65623059,0.38137656,-0.55255375,0.17117719,LG
53.29798066,15.12344931,-71.58247351,-0.025258755,0.550221311,-0.524962556,Normal
819.9230737,31.75439471,19.6030888,0.081129922,-0.40011643,0.318986508,LG
-520.7977555,-69.4046035,39.12034573,0.339408547,-0.333311352,-0.006097195,LG
729.3646989,70.02129354,-26.29845296,-0.259408737,0.142204103,0.117204634,LG
398.6627015,483.2004136,-881.8641783,0.042350045,-0.02060981,-0.021740235,LLLG
189.7316411,652.2739627,-842.0078675,0.040836593,-0.010740932,-0.03009566,LLLG
851.5292899,-271.5993594,11.08671259,0.027450589,-0.335732278,0.308281689,LLLG
-7.837972585,47.13556976,-49.91240316,-0.377641136,0.570358157,-0.192717021,LG
-639.5668956,415.3295648,225.1174144,-0.223359416,0.073192001,0.150167415,LLLG
43.29196829,38.43888285,-84.76538663,-0.255647571,0.621013996,-0.365366426,Normal
315.2749789,-872.7023688,557.4251299,-0.028065875,-0.013428502,0.041494377,LLLG
-19.13361275,-16.29572112,32.35044121,0.547706434,-0.46012643,-0.087580004,Normal
730.4038856,17.18775751,29.14785577,0.160737327,-0.489739533,0.329002206,LG
213.816019,630.5299681,57.77731193,0.04118867,-0.300011888,0.258823218,LLG
122.1215702,697.761378,-817.8398178,0.039843978,-0.007509112,-0.032334866,LLL
53.42632366,14.58140877,-70.93429179,-0.043291994,0.557694589,-0.514402595,Normal
-37.14090556,1.010239084,32.67170503,0.459756531,-0.542162448,0.082405918,Normal
266.63194,589.5038589,57.61123112,0.041747926,-0.313721187,0.271973261,LLG
185.8735798,-35.44413801,49.14511476,0.357173942,-0.599980777,0.242806835,LG
784.8354345,68.1656893,-20.77161683,-0.222090709,0.067262369,0.15482834,LG
-70.57884718,78.96396921,-11.74346265,-0.278592314,-0.31908078,0.597673094,Normal
52.26075855,-248.3624141,198.8956765,0.445185202,0.03763032,-0.482815522,LL
-24.98458171,-525.5691569,552.9154853,-0.463545041,-0.028787886,0.492332928,LL
-823.2636234,-65.65890626,15.6634502,0.186547811,-0.000777184,-0.185770627,LG
17.58841984,-790.4458465,-56.10856389,-0.035293375,0.23270751,-0.197414135,LLG
-89.03263152,-732.8168572,821.9123732,-0.036759479,0.005234219,0.03152526,LLLG
46.1898195,47.48745919,-90.967476,0.483710873,0.042001709,-0.525712582,LL
-328.6086017,-63.75760649,45.60828517,0.372747254,-0.448677461,0.075930208,LG
853.7727149,-597.5747297,1.934353502,0.011774594,-0.241407375,0.229632781,LLG
56.69834062,-387.5529086,333.5107145,0.330922703,0.038164689,-0.369087392,LL
74.80497168,51.8966667,-49.56651417,-0.38182871,0.54858028,-0.166751571,LG
52.426091,-111.6452532,61.81996616,0.44684064,0.042259442,-0.489100083,LL
-527.3150529,-349.0224596,878.3479215,-0.041847174,0.026714122,0.015133052,LLL
-51.72327556,-737.0862176,-56.90163169,-0.038622915,0.252073036,-0.213450121,LLG
43.66505576,-22.46311426,-24.50363975,0.426111032,0.161192808,-0.587303841,Normal
50.61103399,23.84201936,-77.61136399,-0.110486278,0.586136328,-0.47565005,Normal
136.0541121,688.9160443,-822.8467544,0.040081248,-0.008176779,-0.031904469,LLL
-339.1254001,105.4293167,-0.267241225,0.27782054,0.021756839,-0.299577378,LLG
49.01753635,-13.96486349,-32.44306961,0.471943623,0.042310284,-0.514253907,LL
868.5350863,-587.798556,-278.5920056,0.011967238,-0.041252204,0.029284966,LLL
3.327893931,609.8515655,-610.5826662,0.422537879,0.024156264,-0.446694143,LL
-68.69516929,250.6251321,-179.4804528,-0.407923898,-0.041147407,0.449071305,LL
50.40131076,-50.71192085,2.917205074,0.463389883,0.042369571,-0.505759454,LL
641.3129132,53.61137662,35.06166547,0.137276481,-0.458933193,0.321656712,LLG
-60.39642415,26.67351117,30.74557374,0.212706909,-0.581274405,0.368567496,Normal
778.1274403,-751.2392885,-24.89817208,-5.86e-05,-0.04748005,0.047538644,LLL
-762.0866436,768.0140638,-5.929683863,0.002006599,0.03566544,-0.037672039,LLLG
48.23698206,-676.8084046,631.0479317,0.091886037,0.023486574,-0.115372612,LL
594.6635084,249.3429174,50.24704482,0.040880526,-0.372543863,0.331663337,LLG
-11.9181495,91.87961985,-83.34637378,-0.611592405,0.407840977,0.203751428,Normal
-141.2725226,825.7709296,-684.5006708,0.033866462,0.005094309,-0.038960772,LLLG
23.70308092,407.2477899,-428.2373386,0.489093443,0.034515155,-0.523608598,LL
806.0888995,-710.5574732,-8.921234531,0.003942584,-0.182984491,0.179041907,LLG
859.4703852,-249.6793538,-609.7891748,0.028055974,-0.041562084,0.01350611,LLLG
41.15909689,41.17445719,-85.25252952,-0.289537452,0.623332028,-0.333794576,Normal
-39.79445061,3.541396499,32.79326661,0.441467869,-0.552003704,0.110535836,Normal
54.50748206,-595.0528801,543.2624676,0.228694366,0.027381041,-0.256075407,LL
-678.7836592,-150.6667296,829.4481253,-0.039143123,0.033670186,0.005472937,LLLG
169.3331591,-834.9489313,667.6159676,-0.033099048,-0.00633904,0.039438088,LLL
336.2353011,540.5391568,-874.6479927,0.042175539,-0.017657169,-0.024518369,LLL
26.47782343,-27.15443771,-2.76195692,0.547961405,-0.064791437,-0.483169968,Normal
873.5628235,-461.2936526,-22.78881921,0.019166977,-0.269743036,0.250576059,LLLG
-2.403551972,-693.9649148,698.7732609,-0.360166198,-0.015952016,0.376118213,LL
-36.83738483,-761.3736832,798.2681915,-0.037941908,0.003256876,0.034685032,LLLG
42.23243269,-28.20053998,-10.89643202,0.527122974,-0.0071106,-0.520012375,Normal
-55.56045594,-111.9051199,169.7047562,-0.501039253,-0.041261565,0.542300818,LL
-19.42468453,744.9754779,-722.9922606,0.299161366,0.010296327,-0.309457693,LL
410.7244439,471.9389999,-882.6657076,0.042327549,-0.021166542,-0.021161007,LLLG
57.68842116,-793.7717612,-55.19304207,-0.036138453,0.215027295,-0.178888842,LLG
596.552915,0.681900905,37.80603608,0.237386538,-0.559496025,0.322109486,LG
607.8496351,-858.9889025,253.2106692,-0.013775916,-0.027784519,0.041560434,LLL
-592.3153991,-271.8459465,864.159082,-0.041041718,0.029706057,0.011335661,LLLG
34.51939752,-29.8352654,-7.745910678,0.512199782,0.018234157,-0.530433939,Normal
222.7923351,-852.1015881,629.3069896,-0.031380158,-0.008940719,0.040320877,LLLG
-505.3405892,-386.3862459,893.8983203,-0.032364441,0.023083337,0.009281104,LLL
-23.69109727,-11.04686651,31.41174243,0.531135894,-0.48092588,-0.050210014,Normal
-398.103931,888.118335,43.85953957,0.024387892,-0.074575429,0.050187538,LLG
562.7687648,-887.0583075,-34.59757801,-0.015602865,-0.008126731,0.023729596,LLG
813.9790182,-151.2084053,32.577382,0.031740336,-0.358661848,0.326921512,LLG
-112.9833636,816.1179879,-701.0148922,0.034666324,0.003746752,-0.038413076,LLL
-340.3003608,876.9400844,-534.603258,0.027007836,0.014756775,-0.041764612,LLL
-66.66293129,593.7344755,-524.5649844,-0.197565631,-0.03015151,0.227717141,LL
40.97348083,-22.70899612,-21.69662301,0.450844719,0.124720344,-0.575565063,Normal
866.3834028,-275.4997825,-588.7444473,0.027057889,-0.041824191,0.014766301,LLL
595.1794472,70.51439733,-35.47987571,-0.317939619,0.275772737,0.042166882,LG
-353.7425092,877.8419784,-524.1017328,0.026484974,0.015393725,-0.0418787,LLLG
199.3320327,-34.47727098,49.00041462,0.354968908,-0.601235629,0.246266721,LG
349.2801075,-888.8457174,539.5943057,-0.026186653,-0.015347892,0.041534545,LLLG
-803.7781199,123.5303549,-34.06033173,-0.03261512,0.36209611,-0.32948099,LLG
-52.5412047,-171.9469139,226.8218978,-0.506397407,-0.040389491,0.546786898,LL
50.58515417,-62.77772683,14.89398295,0.460172263,0.042367427,-0.502539689,LL
-34.68548384,783.1786226,-745.8716697,0.188972465,-0.000255564,-0.188716901,LL
-866.2844132,532.7811453,-7.360879849,-0.015559141,0.267539754,-0.251980614,LLG
-5.230139427,-24.05291372,26.20830022,0.584318936,-0.36773243,-0.216586507,Normal
705.5446007,70.43346139,-28.26858273,-0.272377889,0.169791636,0.102586253,LG
31.60329596,-779.6429226,750.1202056,-0.036829644,0.000289693,0.036539951,LLL
885.4778489,-464.6397543,-418.6958357,0.018731609,-0.04234497,0.023613361,LLL
825.1900652,-694.4357865,-130.7466676,0.004814326,-0.038915552,0.034101226,LLLG
341.7140073,-875.9191018,536.2027925,-0.027047663,-0.014698093,0.041745756,LLL
-16.74148439,732.6056713,-713.2032107,0.317737992,0.012213576,-0.329951568,LL
-69.70576504,364.2105217,-292.1393824,-0.355496245,-0.038958423,0.394454667,LL
-71.36275429,73.09509692,-4.962172364,-0.22557064,-0.365572328,0.591142968,Normal
-646.3848477,849.9860885,27.73232504,0.010565803,0.060703826,-0.07126963,LLG
-475.2804258,883.1226092,-405.7281475,0.021004672,0.021360337,-0.042365009,LLL
737.6028975,19.08264853,41.35071491,0.047255566,-0.382160219,0.334904653,LLG
305.7992637,-333.8441382,30.18545032,0.037700902,-0.536490552,0.49878965,LLL
-808.7168815,-29.75086181,-21.03548372,-0.092795411,0.414211605,-0.321416194,LG
-64.91539153,108.2540599,-40.99831606,-0.457378854,-0.042271187,0.499650041,LL
-59.02320272,94.10171131,-38.44557366,-0.479552123,-0.082503044,0.562055167,Normal
147.053596,677.5680164,57.65880849,0.040306843,-0.281246784,0.240939941,LLG
867.8213669,-588.5520025,-279.26391,0.01195856,-0.041234392,0.029275832,LLLG
53.20997914,-5.552432197,-51.07994448,0.223988431,0.384432819,-0.60842125,Normal
-72.28278207,74.20938114,-5.39867858,-0.208722443,-0.378464647,0.58718709,Normal
870.4455748,-487.0589577,10.94467411,0.017993919,-0.283639417,0.265645498,LLG
392.2491961,-416.6169961,26.5092834,0.034989152,-0.528771935,0.493782783,LLL
-850.8993106,607.8016786,-1.026998005,-0.011143837,0.236849447,-0.225705609,LLG
36.43693411,47.954209,-87.30815555,-0.346978158,0.622882267,-0.275904109,Normal
740.9101942,-787.4560836,48.53630552,-0.004044358,-0.034472802,0.03851716,LLL
-850.6921893,221.7183245,631.0715087,-0.028984657,0.041273169,-0.012288512,LLL
-69.81306858,50.33421023,16.13115092,0.026301979,-0.523001671,0.496699692,Normal
719.5568214,-669.8802153,-47.60842766,0.016152819,-0.31783387,0.301681051,LLL
-5.968540354,-47.95938551,49.88520283,0.378578373,-0.567075307,0.188496934,LG
27.83562532,60.99511738,-92.10117686,-0.423366012,0.611799489,-0.188433477,Normal
55.37528803,4.308415915,-62.61335871,0.061194425,0.502266599,-0.563461024,Normal
-71.71473433,60.3193182,8.170238985,-0.087181551,-0.464049756,0.551231307,Normal
569.6106903,70.08666159,-37.15119086,-0.327387951,0.300881536,0.026506415,LG
-729.7819615,798.2598988,19.46018765,0.00402279,0.118087683,-0.122110473,LLG
0.30942549,-717.9629438,720.163391,-0.342739873,-0.014735775,0.357475648,LL
690.2644415,-826.7551198,-23.66951508,-0.007324954,-0.08966252,0.096987474,LLG
-48.50616887,-245.0342554,295.9739718,-0.508612271,-0.03921439,0.547826661,LL
-22.82860694,-543.4821295,568.5809584,-0.456636672,-0.027798244,0.484434915,LL
-69.07259151,47.25972214,18.94174695,0.009303285,-0.517295956,0.507992671,Normal
-1.412496936,-699.3582238,703.1777493,-0.354505385,-0.015333854,0.36983924,LL
-791.7360727,-26.69200772,-23.14523453,-0.110184452,0.43458344,-0.324398988,LG
713.0245024,95.22746507,-808.2542311,0.037991516,-0.035132213,-0.002859302,LLLG
-49.90160935,764.9051165,-712.5231926,0.043307647,-0.01268713,-0.030620517,LL
20.8404243,-28.61366803,4.461694353,0.569823164,-0.130876635,-0.438946529,Normal
-53.47226988,-161.9040287,217.8078024,-0.505656242,-0.040747717,0.546403959,LL
10.98194469,73.67936044,-87.56991973,-0.539782176,0.539993978,-0.000211802,Normal
366.6552681,65.13683853,-44.5994082,-0.368228565,0.428997029,-0.060768464,LG
713.6613738,70.31340959,-27.61863323,-0.268120654,0.160634656,0.107485998,LG
-66.62005712,88.80309602,-25.65200171,-0.384228048,-0.209460397,0.593688445,Normal
-68.28495504,534.275438,-463.5954469,-0.247446912,-0.0332016,0.280648512,LL
-53.75716477,96.66295801,-46.27544753,-0.524531602,-0.006844209,0.531375811,Normal
-410.6595339,-472.4108986,883.0681691,-0.04238199,0.021255224,0.021126766,LLLG
762.5018979,-768.0635065,7.551451043,-0.002053734,-0.036304677,0.038358411,LLL
727.1510797,42.77891567,42.19873231,0.037152341,-0.375068145,0.337915803,LLG
46.63872565,-21.44760857,-28.36677607,0.392606472,0.206217289,-0.598823761,Normal
-873.1355698,553.3645693,319.7688178,-0.013708408,0.041597999,-0.027889591,LLLG
-61.65877995,9.118475089,54.97373653,-0.481646439,-0.042360643,0.524007081,LL
-578.3348643,873.6840086,33.12674719,0.015007426,0.019555303,-0.034562729,LLG
-37.04628218,96.16628413,-62.24630263,-0.599480206,0.180046421,0.419433785,Normal
-766.37483,-22.52276231,-25.87772074,-0.132982935,0.460237495,-0.32725456,LG
-554.0959722,873.4026351,-317.1940486,0.016841752,0.025247212,-0.042088963,LLL
833.6162962,-204.4637854,16.59249317,0.029894772,-0.348165892,0.31827112,LLLG
-578.8486891,212.641243,366.9992503,0.125936409,-0.005004253,-0.120932156,LLLG
-39.20809641,-366.5390423,407.9955108,-0.50080093,-0.035605513,0.536406443,LL
-24.73853332,-525.7390421,552.7447701,-0.463411426,-0.028787855,0.492199281,LL
-366.3431715,879.1714188,-512.8301769,0.025970194,0.016006111,-0.041976304,LLLG
-828.5682049,-33.72569908,-18.15092118,-0.069296712,0.385626647,-0.316329935,LG
691.8085178,51.36868493,38.80474967,0.084734017,-0.414901506,0.330167489,LLG
-645.5238177,845.4762173,-197.9212113,0.011193678,0.029793968,-0.040987646,LLL
790.9071117,-718.6957885,-70.21115178,0.005250171,-0.115033957,0.109783785,LLL
-33.5384657,-49.57120691,49.79445115,0.3801621,-0.560090893,0.179928793,LG
55.72238655,5.303727282,-62.88986756,0.114653502,0.469695212,-0.584348714,Normal
-516.7908423,-362.4750092,879.2636042,-0.041953672,0.026208938,0.015744733,LLLG
-791.7440161,-26.69224657,-23.14546822,-0.110184777,0.434583449,-0.324398672,LG
41.45145532,45.58695763,-89.97398532,-0.275065999,0.625957062,-0.350891063,Normal
821.0977746,-125.4634376,-693.578009,0.03216179,-0.039908938,0.007747147,LLL
-70.86705183,66.18221285,1.807916314,-0.188020579,-0.396347357,0.584367935,Normal
46.90406205,33.05142371,-83.23504727,-0.185190836,0.609356051,-0.424165215,Normal
720.3316034,-811.5328882,91.21316124,-0.005652403,-0.033553928,0.039206331,LLLG
864.6160208,-274.7079059,-589.9103783,0.026940928,-0.041723749,0.014782821,LLLG
-391.4902188,881.5050397,-490.0170847,0.02489958,0.017236242,-0.042135822,LLLG
-187.1402042,-650.0034453,-57.77358938,-0.040868498,0.292727485,-0.251858987,LLG
55.27535102,5.214236792,-63.41896105,0.051739619,0.507929284,-0.559668903,Normal
47.09567428,35.65053171,-85.51795474,-0.186252764,0.610985856,-0.424733093,Normal
-16.28520814,774.0798586,-755.7534826,0.037114489,-0.000896342,-0.036218146,LLL
-798.392343,109.6606596,-34.78947503,-0.033034896,0.363673579,-0.330638683,LLG
19.88999743,-772.3568177,754.8337952,-0.210611297,-0.001054466,0.211665763,LL
25.99650781,61.12786953,-90.15192184,-0.442921271,0.603444915,-0.160523643,Normal
-581.9442846,-285.0191272,866.9611483,-0.041202695,0.029227498,0.011975197,LLLG
-76.68513857,42.84648697,-49.86223356,-0.371588494,0.584646008,-0.213057514,LG
-62.83874783,88.00122441,-28.27797992,-0.426183396,-0.158076101,0.584259498,Normal
1.39103903,-25.66846399,21.08432221,0.591384902,-0.313485035,-0.277899867,Normal
25.43433646,386.0422794,-408.7621478,0.492333321,0.035269913,-0.527603234,LL
-38.47122944,-745.4601687,783.9291347,-0.038367432,0.003627042,0.03474039,LLLG
-53.48461535,15.83210775,34.67831416,0.306072465,-0.587173698,0.281101233,Normal
37.692744,-30.09153961,-10.54638543,0.49267497,0.055557886,-0.548232857,Normal
-26.57535593,-12.00217886,35.61247389,0.514981501,-0.503521937,-0.011459564,Normal
-448.9757265,-450.1283008,901.2742607,-0.041337638,0.022444294,0.018893344,LLL
572.6000444,297.8431999,-868.3126881,0.041345813,-0.028699641,-0.012646172,LLL
613.9896264,223.0688151,49.33013018,0.040466157,-0.374055604,0.333589447,LLG
870.4374666,-578.0194802,-292.4127029,0.012592171,-0.041384987,0.028792816,LLLG
-58.5942995,713.2354197,-652.0944648,-0.059768032,-0.020639291,0.080407323,LL
32.98778756,-28.78369962,4.512624458,0.585344929,-0.165381329,-0.4199636,Normal
871.7260847,-301.8167931,-567.7697074,0.026016971,-0.042026515,0.016009544,LLL
-239.1901009,31.52854997,-48.49220312,-0.34781554,0.604109299,-0.256293759,LG
-774.9257151,54.00503987,-37.61756086,-0.034635166,0.369085046,-0.33444988,LLG
-870.922032,564.1377859,306.7819825,-0.013078778,0.041465515,-0.028386738,LLLG
-57.11643458,92.21541873,-38.217483,-0.490463128,-0.065241462,0.55570459,Normal
-680.176786,-70.68934716,30.17562573,0.28474742,-0.197002075,-0.087745346,LG
368.2950748,501.6955832,56.60622119,0.042304709,-0.337333113,0.295028404,LLG
40.85555345,42.37496854,-86.26389119,-0.29002019,0.624041947,-0.334021756,Normal
562.8164807,63.02176078,6.86307101,0.1922293,-0.492558199,0.300328899,LLLG
851.7102845,62.35886218,-10.36677014,-0.148741624,-0.065717211,0.214458834,LG
-845.4000937,644.8953642,200.5024659,-0.007925718,0.040030464,-0.032104746,LLLG
-282.5483952,-582.6857114,867.2406553,-0.041859276,0.015244045,0.026615232,LLL
176.1531933,661.5514529,-837.70691,0.040656588,-0.010096252,-0.030560336,LLLG
-469.3281593,889.3717559,40.1258752,0.021013772,-0.03950646,0.018492688,LLG
-57.72929759,793.1731434,-733.3232987,0.036126125,0.001089372,-0.037215496,LLL
128.2888755,-820.4720501,694.1839467,-0.034308377,-0.004359469,0.038667846,LLL
559.1247111,69.93066161,-37.66892688,-0.330438407,0.309105476,0.021332931,LG
527.589501,-887.1386593,359.5690269,-0.018256983,-0.023966968,0.042223951,LLLG
-832.3635494,672.6199274,159.7413583,-0.005956766,0.039328205,-0.033371439,LLLG
54.90100559,-219.110493,166.8932826,0.410000255,0.041405621,-0.451405876,LL
-102.1302463,-53.38174412,49.35451647,0.382483092,-0.540228,0.157744908,LG
-730.869016,265.4583251,467.5953568,-0.029463972,0.034575425,-0.005111452,LLL
231.0878213,623.9596641,-852.9226544,0.041343978,-0.012689846,-0.028654132,LLL
865.6857416,-364.5510659,19.68550469,0.023770065,-0.318887191,0.295117126,LLG
-875.5083463,340.0326211,537.4960117,-0.024342482,0.042219869,-0.017877388,LLL
54.99752907,-534.3319124,481.9563149,0.233359705,0.032815539,-0.266175244,LL
-62.62008803,33.7077332,31.34670748,-0.476297047,-0.042422719,0.518719766,LL
-61.4858994,87.72353177,-29.23622082,-0.439411567,-0.140516005,0.579927573,Normal
-38.57292876,1.319384739,33.92220417,0.44822957,-0.549673897,0.101444327,Normal
5.860014667,81.57401141,-90.82478558,-0.55949524,0.522631326,0.036863914,Normal
35.97469867,-29.38812382,-9.64776496,0.502448147,0.037263174,-0.53971132,Normal
8.631243666,80.83799868,-92.76637176,-0.54700653,0.538918742,0.008087788,Normal
54.06237712,-0.873753904,-56.60906561,0.17051743,0.428452089,-0.598969519,Normal
368.541131,501.2707441,56.60330687,0.042331429,-0.337350552,0.295019123,LLG
27.49540374,-775.6340948,750.6254361,-0.143785569,0.004922029,0.13886354,LL
-33.73925307,93.51783992,-62.6743717,-0.605064084,0.205958817,0.399105267,Normal
54.31953669,2.429479831,-60.16815476,0.133928085,0.455813079,-0.589741164,Normal
3.518901588,-723.6948449,722.5945308,-0.324931151,-0.012189323,0.337120474,LL
820.7706433,-684.5291743,-6.222031155,0.005924679,-0.198283302,0.192358623,LLG
-43.98759112,787.2964849,55.45491715,0.036471356,-0.219845274,0.183373918,LLG
-16.96761473,773.3254039,-756.3600529,0.03710718,-0.000881342,-0.036225839,LLLG
678.1161243,127.187543,45.73037435,0.038851062,-0.376528997,0.337677935,LLG
276.0411285,-865.1515265,589.1081345,-0.029530225,-0.011521938,0.041052163,LLLG
45.46959268,-786.0618208,742.6726071,-0.036496015,-0.000375604,0.036871619,LLL
-29.77771524,-5.341354643,31.66236663,0.503274402,-0.509869055,0.006594653,Normal
-62.48724829,-747.7834941,-57.12625356,-0.037184455,0.259498618,-0.222314163,LLG
0.565569725,-709.622591,711.4685976,-0.342925409,-0.014086324,0.357011733,LL
-71.72626131,58.40115612,9.853653863,-0.040847401,-0.489560987,0.530408388,Normal
1.106043323,625.15118,-623.5666514,0.413673939,0.023046703,-0.436720642,LL
31.573798,-770.8152266,741.7422827,-0.105288637,0.008207634,0.097081003,LL
37.09130621,-29.54313239,-1.174516609,0.569934902,-0.110507709,-0.459427193,Normal
-31.58528048,-6.985671609,35.48821041,0.489468276,-0.525329832,0.035861556,Normal
51.80464294,-9.862848684,-45.36614526,0.275343032,0.337189921,-0.612532952,Normal
55.52839469,2.516579603,-60.97519222,0.080047257,0.49058434,-0.570631597,Normal
-559.2632009,-308.5976038,-49.57001192,-0.036438556,0.370635835,-0.334197279,LLG
-5.674203966,46.10747639,-50.11971397,-0.375857749,0.573500135,-0.197642386,LG
-62.36565518,34.9777871,29.72446877,-0.47621554,-0.04230933,0.51852487,LL
-17.16424186,-17.55727236,31.64321329,0.554646034,-0.448247893,-0.106398141,Normal
39.24911731,-747.0664632,710.2515569,-0.026520239,0.014607537,0.011912702,LL
-837.2580039,-35.66375868,-16.68065508,-0.057438349,0.370756187,-0.313317837,LG
-2.242677233,767.0976144,-762.7335747,0.037443725,-0.001572402,-0.035871324,LLL
-315.8697134,-63.2679518,45.92055281,0.374063394,-0.455018328,0.080954933,LG
53.09865845,-629.9405108,579.5470196,0.191315302,0.027920534,-0.219235835,LL
-31.91131511,93.29292645,-64.27795282,-0.608707058,0.22396275,0.384744307,Normal
740.9364936,-787.430542,48.56246631,-0.00404433,-0.034472823,0.038517153,LLL
598.5977751,-868.0924092,-31.6241349,-0.013760866,-0.031349495,0.045110361,LLG
-710.0412498,-2.065162811,-31.12087982,0.001939282,0.340588286,-0.342527568,LLG
-613.9510126,-223.1262321,-49.33011137,-0.040475884,0.374066334,-0.33359045,LLG
50.83470023,-62.93780358,14.70861729,0.460307288,0.042368437,-0.502675725,LL
48.76789444,-13.80595768,-32.25640032,0.471808595,0.042309175,-0.51411777,LL
139.2453607,-828.1144563,-53.33841452,-0.033898549,0.184983502,-0.151084953,LLG
769.7715753,-760.7725197,-6.931432662,-0.001388945,-0.035947304,0.037336249,LLL
-481.7597782,-399.2662509,883.1144205,-0.042182766,0.024595949,0.017586817,LLL
-59.55827024,90.7004772,-34.25950726,-0.466079024,-0.102755058,0.568834082,Normal
-869.1366235,301.2395759,569.9959013,-0.025947857,0.041996664,-0.016048807,LLL
65.41770688,729.1028145,57.05248523,0.038881783,-0.256424956,0.217543173,LLG
-591.8704788,226.3122396,367.7443701,0.104304309,-0.00245383,-0.101850478,LLL
-651.5545989,-168.5931948,-47.34343518,-0.039611708,0.376036092,-0.336424383,LLG
786.4490541,25.66035618,23.83853431,0.115967815,-0.441161711,0.325193897,LG
53.53608336,-159.7328949,108.8881226,0.431461823,0.041982893,-0.473444717,LL
-544.2070279,4.873902125,-40.24869871,-0.260206459,0.57602034,-0.315813881,LG
878.7373958,-534.4939864,-344.2387734,0.015064832,-0.041879052,0.02681422,LLLG
55.59035983,-242.6593679,189.6537896,0.400828668,0.041103714,-0.441932381,LL
428.4335398,-883.6822788,455.2464756,-0.023313285,-0.018951906,0.042265191,LLLG
15.31473102,74.20573221,-92.91447952,-0.511433582,0.569653461,-0.058219879,Normal
-61.91577152,31.49039998,27.08377115,0.202306928,-0.577586821,0.375279893,Normal
-41.71477407,97.50518166,-59.03766631,-0.586178746,0.134463254,0.451715492,Normal
-834.8934744,166.8081577,668.0830531,-0.030876041,0.040602568,-0.009726527,LLLG
-37.9188026,-1.26766137,36.10164775,0.449269851,-0.551203741,0.10193389,Normal
-71.83146853,59.81507459,8.665467844,-0.068784374,-0.474477437,0.543261811,Normal
-782.2738688,746.5598966,35.71183835,1.42e-05,0.036703146,-0.036717338,LLLG
48.0196004,29.51173232,-80.56849399,-0.17501795,0.605545476,-0.430527526,Normal
51.58913061,20.40788136,-74.92188432,-0.100095009,0.581242202,-0.481147193,Normal
46.92873783,-17.76060308,-32.59671035,0.377210601,0.225804367,-0.603014968,Normal
-67.23336338,192.532902,-122.9530782,-0.430325076,-0.041752507,0.472077583,LL
405.3453877,466.0609839,55.99386966,0.042378426,-0.344857441,0.302479015,LLG
-14.0594831,-616.3963874,632.7414358,-0.420722131,-0.023020035,0.443742166,LL
865.700757,-598.184764,-265.3712623,0.011322415,-0.041089286,0.029766871,LLL
603.2909011,258.8914979,-860.1315967,0.040823489,-0.030103616,-0.010719873,LLL
-47.17147483,-50.35717541,49.73232905,0.380819438,-0.556390926,0.175571488,LG
-162.4663897,-671.1375403,833.6016665,-0.040520987,0.009537753,0.030983235,LLLG
-710.6057992,141.1985984,571.5893563,0.037208301,0.019572507,-0.056780808,LLL
-574.6366708,-70.28389209,36.56553365,0.32448135,-0.292583359,-0.031897991,LG
5.28904942,594.0718476,-596.7615278,0.430847267,0.025237498,-0.456084766,LL
878.7385813,54.26566498,-0.250291131,-0.07406291,-0.186499106,0.260562016,LG
864.8859027,43.04544828,10.64946662,0.009614145,-0.307767323,0.298153179,LG
-574.5829729,-70.28292012,36.56650039,0.324483653,-0.292583344,-0.031900308,LG
197.2965475,58.1625185,-48.22479268,-0.381752023,0.506855903,-0.12510388,LG
729.8495436,-798.3691349,-19.46078546,-0.004029281,-0.118079088,0.122108368,LLG
849.6427674,-273.2654866,25.52804992,0.027472944,-0.338932632,0.311459688,LLG
-259.0016994,865.7121267,49.67509684,0.029971831,-0.136915945,0.106944114,LLG
-93.82149128,-714.18427,808.0035052,-0.039421781,0.006269804,0.033151976,LLLG
335.5248921,539.7608223,-875.2869049,0.042168063,-0.017641825,-0.024526238,LLLG
48.47733696,28.5194874,-80.03427752,-0.165829166,0.603096224,-0.437267058,Normal
2.343590674,617.5182947,-617.2664299,0.418224993,0.023606645,-0.441831637,LL
-415.4970743,883.6122964,-466.0799305,0.02381899,0.018428629,-0.04224762,LLL
-175.3900008,-661.2573839,838.7309649,-0.040703549,0.010169798,0.030533752,LLL
-636.8109899,-209.1215789,848.107187,-0.031120262,0.029608139,0.001512123,LLL
-67.90055924,83.07818923,-18.41180819,-0.344312493,-0.254306383,0.598618877,Normal
-52.10844728,-185.895956,240.4362854,-0.507123219,-0.040357575,0.547480794,LL
232.7837113,-858.8748095,-50.57772431,-0.030906554,0.147876755,-0.116970201,LLG
-21.78532832,95.71054246,-77.30686786,-0.620152168,0.330101858,0.29005031,Normal
55.91267287,-394.3612007,341.2164103,0.382515518,0.026268213,-0.408783731,LL
698.8359283,-658.8169569,-37.93783403,0.017978871,-0.349414182,0.331435311,LLL
46.24497909,-24.88455105,-24.30164914,0.407522844,0.186562058,-0.594084902,Normal
-69.66501172,438.0641093,-366.0224536,-0.313625015,-0.036903467,0.350528482,LL
31.60855917,-27.82267824,-7.093295621,0.524819857,-0.008783196,-0.516036661,Normal
706.6558867,13.93382386,31.02512623,0.176921923,-0.506002392,0.329080469,LG
47.37557434,32.05883597,-82.71428701,-0.17604217,0.6070517,-0.43100953,Normal
24.68904094,-791.6456001,769.533224,-0.166046472,0.001780379,0.164266093,LL
561.0683207,-880.5045479,321.5898391,-0.016264442,-0.025645657,0.041910099,LLL
664.4539697,-841.3500395,-26.12633138,-0.009281985,-0.072335853,0.081617839,LLG
-276.8414361,-61.70051241,46.79437465,0.377472007,-0.473361294,0.095889287,LG
-30.81086835,778.1431356,-744.7987472,0.218039565,0.002415079,-0.220454645,LL
-688.4110343,-130.4615087,821.0484156,-0.043967976,0.034984901,0.008983075,LLL
-112.0175503,817.2282437,54.00851029,0.034681532,-0.195190887,0.160509354,LLG
-728.9948367,-68.06898393,797.0615841,-0.037440269,0.035944122,0.001496147,LLLG
-71.54051355,78.11908189,-10.0503558,-0.253168617,-0.341520487,0.594689104,Normal
-755.4231699,70.67114673,-29.08621344,-0.047045439,0.356941114,-0.309895675,LLG
759.5365735,21.46572964,26.54489834,0.138609025,-0.466370916,0.327761891,LG
37.75737482,-27.34510294,-13.59251207,0.486364094,0.066511328,-0.552875421,Normal
494.7780853,387.8909181,-880.620171,0.042074831,-0.025076415,-0.016998415,LLL
-797.6017345,-27.7187921,-22.44770315,-0.104413724,0.427897855,-0.323484131,LG
42.9299267,-723.6088518,683.2254482,0.020923499,0.018284505,-0.039208003,LL
11.705793,-31.01323101,16.35346954,0.59052477,-0.231709222,-0.358815548,Normal
21.43875527,-774.29946,755.3280775,-0.196176797,0.000275934,0.195900863,LL
786.5937813,-44.40904912,-742.1840522,0.034674878,-0.038445654,0.003770776,LLLG
-9.53741662,-20.834525,27.17546152,0.57623366,-0.395497388,-0.180736273,Normal
37.1307632,-756.2203779,721.5152701,-0.050258922,0.012718299,0.037540622,LL
-829.5740219,153.9057387,677.6858534,-0.031320785,0.040390859,-0.009070074,LLL
-68.25596489,78.61249309,-13.35050943,-0.31901396,-0.280940612,0.599954572,Normal
-705.5245164,-70.4327779,28.26903521,0.272384679,-0.169791515,-0.102593163,LG
54.69465559,-7.167546588,-50.57596797,0.199060845,0.404557813,-0.603618657,Normal
49.24299891,-26.0632201,-20.47521501,0.46907374,0.042339409,-0.511413149,LL
574.6174683,70.28377187,-36.56587491,-0.324476253,0.292583458,0.031892795,LG
341.0468133,-876.6601502,535.6110767,-0.027054902,-0.014683146,0.041738048,LLLG
302.9475167,62.76129822,-46.22310023,-0.375285817,0.461247036,-0.085961219,LG
24.51041551,64.543327,-92.32291974,-0.450590966,0.602372708,-0.151781742,Normal
544.7417702,-874.4478342,331.7786605,-0.017484716,-0.024655037,0.042139753,LLL
681.3388592,10.64894688,32.83351118,0.192713743,-0.521141774,0.328428031,LG
53.00602249,-11.12824935,-45.0482481,0.259557713,0.351698091,-0.611255804,Normal
24.08024276,-776.0267439,754.4221107,-0.17397193,0.002270784,0.171701146,LL
-873.1782755,-57.01611685,3.381153744,0.097571961,0.149932444,-0.247504405,LG
-857.7504291,312.7999065,-23.05780253,-0.025933838,0.330840717,-0.304906879,LLG
428.4341537,-883.6832053,455.2467908,-0.023313227,-0.01895195,0.042265177,LLLG
862.1627462,-338.8712682,21.38220928,0.02485935,-0.325018962,0.300159612,LLG
-723.6805857,77.00219969,648.8588652,0.02085151,0.022888852,-0.043740362,LLL
-93.15304606,-713.4399855,808.5968825,-0.039414621,0.00625492,0.033159701,LLL
732.5750157,-794.3766003,61.79932231,-0.004713412,-0.034067686,0.038781098,LLLG
-71.36229605,63.14059425,5.233469656,-0.142455158,-0.429076341,0.571531499,Normal
-553.4518854,-69.98292927,37.61642245,0.330700146,-0.309105329,-0.021594816,LG
51.1544839,-18.89153188,-35.20106546,0.326186142,0.284112193,-0.610298335,Normal
-683.8609637,-105.8711037,-39.60922196,-0.034108244,0.371100605,-0.336992361,LLG
-785.1141699,43.65168035,743.5575144,-0.034649556,0.03846274,-0.003813185,LLL
-22.06678535,-14.31381633,33.30082121,0.536261793,-0.477053905,-0.059207888,Normal
-49.12690734,93.92134551,-47.79850688,-0.547047297,0.038462387,0.50858491,Normal
59.29752669,-792.3110115,735.0152186,-0.036153501,-0.00104071,0.037194211,LLL
-60.51866278,691.4170923,-628.4581812,-0.091047175,-0.022898721,0.113945896,LL
-864.5510421,274.2359007,590.3128779,-0.026995363,0.041812427,-0.014817063,LLLG
769.2631061,-41.20615368,38.29686363,0.035076561,-0.370246796,0.335170234,LLG
-70.12023744,52.01356105,15.23417402,-0.038278526,-0.493338679,0.531617205,Normal
263.7992051,61.14913638,-47.06115173,-0.378411781,0.479244076,-0.100832294,LG
374.4920642,-891.4887923,517.0240619,-0.024998924,-0.016601413,0.041600337,LLLG
135.170573,688.3952523,-823.568089,0.040056535,-0.008147839,-0.031908696,LLLG
-57.745353,91.85847031,-37.23131648,-0.484540062,-0.074656973,0.559197035,Normal
49.43568506,-16.32754715,-36.4060307,0.34028426,0.269111452,-0.609395712,Normal
-71.49542745,72.30351798,-4.037609879,-0.216627031,-0.37286768,0.589494711,Normal
41.66760064,-732.101064,692.9742917,0.005067417,0.017075226,-0.022142643,LL
50.89831774,-11.86780796,-42.45583675,0.300083367,0.312489668,-0.612573035,Normal
53.95908974,-1.677375099,-55.70248299,0.179556294,0.421356373,-0.600912667,Normal
-460.9640823,198.0082319,265.1436653,0.191880204,-0.027499338,-0.164380867,LLL
54.07887974,10.80160833,-68.16730664,0.031274138,0.521112501,-0.552386639,Normal
-68.90989063,85.14862288,-19.70913288,-0.337385908,-0.261156236,0.598542145,Normal
-12.79479681,713.4929057,-698.0297858,0.34156728,0.014736764,-0.356304044,LL
658.6921589,79.79889691,15.81988162,0.103712964,-0.420881497,0.317168533,LLLG
-70.00052396,374.4887104,-302.0237941,-0.349871995,-0.038752091,0.388624086,LL
-58.83037784,-14.73544113,34.41964913,0.451224414,-0.486585408,0.035360994,Normal
-69.1682499,487.6594912,-416.1057138,-0.281392541,-0.035160971,0.316553512,LL
50.89256034,-15.80634222,-38.25882665,0.317262141,0.294086815,-0.611348956,Normal
-65.3778433,-729.1625924,-57.05250491,-0.038891366,0.256435587,-0.217544221,LLG
744.05557,9.87697338,41.37145367,0.042873666,-0.378520045,0.33564638,LLG
37.91747375,49.19060278,-90.51122268,-0.316653164,0.627046104,-0.310392939,Normal
50.07964641,-682.233418,634.8377354,0.131515153,0.023607676,-0.155122829,LL
-653.7305571,-177.1317143,831.0757428,-0.022897916,0.028343242,-0.005445326,LLLG
-596.5720773,-0.682017219,-37.80637578,-0.237381465,0.559496102,-0.322114637,LG
52.7227686,21.85591684,-77.04048946,-0.05537535,0.565813267,-0.510437916,Normal
872.3482166,-477.6724015,11.82799898,0.018748754,-0.287594036,0.268845282,LLG
53.05898694,15.88037026,-72.35360137,-0.007292996,0.542340926,-0.53504793,Normal
429.3880802,442.0057356,55.51840989,0.042358295,-0.349438042,0.307079747,LLG
-706.6750343,-13.9339392,-31.02546527,-0.17691685,0.50600247,-0.32908562,LG
469.3667443,-889.429114,-40.12585853,-0.021023502,0.039517193,-0.018493691,LLG
42.25317812,-24.99480785,-20.43647175,0.445764914,0.132507154,-0.578272068,Normal
-21.36552829,752.3689276,-728.4488388,0.286312217,0.009000645,-0.295312862,LL
512.403486,-525.6045524,15.33739614,0.02990208,-0.497923857,0.468021777,LLL
-44.64655743,-302.6806713,349.7634695,-0.506988461,-0.037828951,0.544817413,LL
-57.13679328,95.17322284,-41.40446536,-0.497320163,-0.054258388,0.551578551,Normal
-338.4982688,21.21674502,-46.04304407,-0.316783969,0.603987305,-0.287203336,LG
42.64849876,40.98378565,-86.90932548,-0.256670905,0.622518919,-0.365848014,Normal
200.7040932,640.0012961,57.78017987,0.041048755,-0.296413919,0.255365163,LLG
28.45450323,-28.34666993,-3.416519646,0.54115764,-0.046718703,-0.494438936,Normal
417.9758446,-16.94113488,44.73124585,0.304609635,-0.599761752,0.295152117,LG
6.696687908,-736.3203857,731.9546686,-0.306089368,-0.010265157,0.316354526,LL
-712.9595677,-95.69940294,808.6567071,-0.038045955,0.035220894,0.002825061,LLLG
14.63265214,506.9077502,-518.8338785,0.465681058,0.030246595,-0.495927653,LL
-36.25204441,-412.1228982,450.8195914,-0.494449431,-0.034391008,0.528840439,LL
15.05881948,72.35305076,-90.5544371,-0.51575282,0.563984061,-0.048231241,Normal
393.5030644,-19.09169933,45.40609213,0.311738956,-0.602171648,0.290432691,LG
603.1215169,-875.6052342,-31.62525433,-0.013362794,-0.031618924,0.044981718,LLG
-307.0158893,-581.0094794,888.1176899,-0.037154894,0.0150164,0.022138494,LLLG
-53.1816573,91.35543226,-41.06288851,-0.517309457,-0.019330243,0.5366397,Normal
-59.70905641,702.6036752,-640.3526043,-0.075505522,-0.021792166,0.097297688,LL
-239.18781,31.52863768,-48.49212054,-0.347815454,0.604109292,-0.256293838,LG
48.6860763,-22.35665851,-29.26922591,0.371964259,0.2317035,-0.60366776,Normal
-59.56012285,25.90690013,30.55979709,0.229773821,-0.582963886,0.353190064,Normal
-857.9847981,-61.27581627,8.827166254,0.137595852,0.084604886,-0.222200738,LG
-69.56780846,49.76151515,16.33592248,0.044721052,-0.530318323,0.485597272,Normal
189.9226247,651.9909121,-841.9149619,0.040855441,-0.010755932,-0.030099509,LLLG
760.407893,-691.0879046,-67.28355821,0.011759546,-0.235773375,0.22401383,LLL
885.5469758,-428.5157886,-454.8895459,0.020481101,-0.04242443,0.021943329,LLL
-252.4273647,30.52912241,-48.29937204,-0.345263406,0.604769329,-0.259505924,LG
-295.6312311,-572.1645742,869.8811884,-0.041957374,0.015862872,0.026094502,LLL
471.6796764,-892.464535,422.9401269,-0.020808392,-0.02129239,0.042100782,LLL
876.2152745,-327.8423853,-546.2328938,0.024953646,-0.042188215,0.017234568,LLL
797.8378776,-731.2641784,-10.71622027,0.002875424,-0.172726833,0.169851409,LLG
-71.98817491,64.77712586,3.984321792,-0.134149308,-0.433955373,0.568104681,Normal
-51.66346557,14.16451851,34.40908685,0.329508044,-0.5849236,0.255415556,Normal
55.53835325,-254.0984964,201.2390033,0.395890194,0.040936467,-0.436826661,LL
626.2261987,4.015621959,36.22773449,0.22297965,-0.547918316,0.324938665,LG
53.92050432,-9.543814988,-45.26205038,0.282438873,0.32984878,-0.612287653,Normal
7.420781753,-739.9381468,734.9456331,-0.299836029,-0.009618574,0.309454602,LL
-195.6607858,843.6931018,-648.0341324,0.032214511,0.007717055,-0.039931565,LLLG
-654.1055685,-44.78447582,14.16385325,0.122624806,0.159135256,-0.281760062,LG
-627.6785366,857.7733431,29.31017552,0.011853133,0.048998395,-0.060851528,LLG
565.5550249,-2.653346458,39.30039636,0.251266396,-0.569831495,0.318565099,LG
259.4658079,-873.5638399,614.1320354,-0.029154723,-0.011089958,0.040244681,LLLG
-529.1084611,307.0602821,-0.853868048,-0.046974881,0.164405534,-0.117430653,LLG
55.21050294,-3.148558414,-55.10933881,0.153876921,0.440028751,-0.593905671,Normal
-68.54246356,76.06661866,-10.40467425,-0.3019639,-0.298041092,0.600004993,Normal
-261.961903,862.382656,-598.3032604,0.029965655,0.010947114,-0.040912769,LLL
-813.2592615,-66.45698976,17.14547947,0.196954777,-0.019809072,-0.177145705,LG
-0.678831733,-712.7553927,715.9417919,-0.348553435,-0.015399345,0.36395278,LL
-54.45588578,96.39497904,-45.3084238,-0.519335916,-0.016350119,0.535686035,Normal
19.38615173,-785.553797,768.7279081,-0.210406869,-0.0020112,0.212418069,LL
-67.82488182,560.3977541,-490.0745338,-0.226462429,-0.031964874,0.258427303,LL
45.06679118,37.37859016,-85.85244387,-0.212916381,0.616192393,-0.403276011,Normal
18.98221742,-771.0130008,754.3950749,-0.217819866,-0.001719402,0.219539268,LL
-871.0685295,439.2531019,-14.48588237,-0.020374215,0.298639201,-0.278264985,LLG
-69.36795887,75.84493541,-9.469807072,-0.285580607,-0.313428647,0.599009254,Normal
-490.2499876,-393.7210724,-52.48763032,-0.032881091,0.360784493,-0.327903402,LLG
-59.62749477,93.71543099,-37.45467777,-0.473397836,-0.091869991,0.565267828,Normal
547.0809587,-880.7880665,-35.32097368,-0.016861472,-0.001812523,0.018673995,LLG
-806.5451792,715.4788364,91.06407913,-0.002648095,0.037964808,-0.035316713,LLLG
-50.19158282,94.96528476,-47.89519919,-0.542990255,0.029676447,0.513313808,Normal
405.0813942,466.5163614,55.99691644,0.042349906,-0.344838815,0.302488909,LLG
51.75284543,24.77116376,-79.06256802,-0.083795328,0.577792365,-0.493997037,Normal
-37.94565018,785.0592936,-744.5980901,0.159408238,-0.002903779,-0.156504459,LL
79.05616851,720.9992313,57.1892807,0.039140643,-0.260724239,0.221583596,LLG
55.47405021,8.808190158,-66.30292641,0.077317677,0.494446,-0.571763677,Normal
873.2174571,-553.8616422,-319.358078,0.013655645,-0.041510646,0.027855001,LLLG
-302.8746068,-62.76002852,46.224138,0.375294808,-0.461246975,0.085952167,LG
876.4484992,54.97631026,-1.031118868,-0.080024264,-0.17742086,0.257445124,LG
758.9477948,-779.2756506,22.47691926,-0.002429845,-0.035475965,0.037905811,LLL
-63.38183909,653.4748611,-587.6663875,-0.137468868,-0.026149268,0.163618136,LL
55.25989518,10.6013878,-67.9581443,0.058497432,0.506127773,-0.564625205,Normal
637.3895131,-848.4127048,213.0159046,-0.011873662,-0.029258305,0.041131967,LLL
428.1040438,67.11086448,-42.70068096,-0.358901012,0.394102086,-0.035201075,LG
361.258792,-884.7559436,-45.58399419,-0.025994897,0.091884827,-0.065889931,LLG
873.3210595,-473.1357188,-25.94828223,0.018571565,-0.263536225,0.24496466,LLLG
-875.4709137,340.0424073,537.5279653,-0.02434138,0.042218987,-0.017877607,LLL
-691.4516973,821.7949607,-130.3453569,0.007950871,0.032078559,-0.04002943,LLLG
-289.0420093,867.285512,-578.2453841,0.029003164,0.012242557,-0.04124572,LLLG
-69.41356268,468.1621384,-396.3666802,-0.294502487,-0.035884627,0.330387114,LL
52.27047049,18.68322551,-73.99406965,-0.072243302,0.570792645,-0.498549343,Normal
622.7356049,50.21679603,34.05122722,0.155280031,-0.474242956,0.318962925,LLG
-59.28973661,26.18575003,29.88963948,0.237953152,-0.583195703,0.345242551,Normal
-703.0902022,-85.62290411,-44.01587492,-0.038023069,0.376207006,-0.338183937,LLG
885.1414252,-416.2663995,-466.7335901,0.021062168,-0.04243221,0.021370042,LLL
-113.6917543,815.3394526,-701.6494503,0.034658939,0.003761911,-0.03842085,LLLG
787.7659621,-737.0069504,-48.76738302,0.001936632,-0.067013868,0.065077236,LLL
52.74902214,-11.83079346,-44.08900835,0.268019768,0.343697676,-0.611717444,Normal
337.1956727,-886.5189013,551.4807765,-0.026855354,-0.014712855,0.041568209,LLL
106.271228,704.2603997,57.42050957,0.039629325,-0.269128767,0.229499443,LLG
865.6856509,-364.5508838,19.68550065,0.023770054,-0.318887182,0.295117127,LLG
-72.20641335,63.4501952,5.404003726,-0.106572826,-0.451575658,0.558148484,Normal
53.9834387,10.32397162,-67.72361263,0.049684936,0.510950914,-0.56063585,Normal
6.199295175,80.23213608,-89.69433098,-0.558955656,0.521837811,0.037117846,Normal
-32.85074308,97.00834468,-67.40798251,-0.610201069,0.226159854,0.384041216,Normal
45.93912346,-23.67489579,-25.32071433,0.407036428,0.187277385,-0.594313812,Normal
605.2411474,70.60361193,-34.92368857,-0.314553263,0.267264246,0.047289017,LG
772.0971164,68.73180522,-22.18754408,-0.231772589,0.086143848,0.145628741,LG
-24.35662095,95.23626004,-74.13283255,-0.619272981,0.304412366,0.314860615,Normal
-71.38688497,75.97759849,-7.947763497,-0.243833012,-0.349912374,0.593745386,Normal
-42.89743539,98.8041929,-59.28094747,-0.583525354,0.125890403,0.45763495,Normal
423.9638372,460.496926,-882.332867,0.042358053,-0.021778042,-0.020580011,LLL
870.9363833,-475.3003345,11.83450818,0.018593933,-0.287494242,0.268900309,LLG
605.2406471,70.60358589,-34.9237095,-0.314553275,0.267264251,0.047289024,LG
-71.92568173,63.01535124,5.684223367,-0.115435244,-0.446339793,0.561775038,Normal
-6.915643152,-24.32068221,28.27695809,0.581313063,-0.38290669,-0.198406373,Normal
38.92123268,46.87184394,-89.06822864,-0.307827301,0.626164681,-0.31833738,Normal
-11.53061466,-19.77658102,28.11010112,0.571570264,-0.409145853,-0.162424411,Normal
20.46435025,-24.39616471,21.50150279,0.369086343,-0.557915929,0.188829586,Normal
-64.30182504,34.88969752,26.31602513,0.149121825,-0.567462459,0.418340634,Normal
54.4158291,10.10261138,-67.56144497,0.013301328,0.530070316,-0.543371644,Normal
-15.75793114,728.0942025,-709.6734213,0.32381797,0.012849298,-0.336667268,LL
18.49460969,-29.73210131,8.049907757,0.577338569,-0.159114539,-0.418224031,Normal
-32.42339229,-449.5490458,484.3234745,-0.486044295,-0.032452732,0.518497027,LL
721.0445421,-810.8085753,91.91412953,-0.00564256,-0.033574133,0.039216693,LLL
46.24809823,33.73973928,-83.14311439,-0.202837297,0.612760889,-0.409923591,Normal
651.5932159,168.5357712,47.34345399,0.039601982,-0.376025362,0.33642338,LLG
-6.834353568,679.6024658,-670.089556,0.374728951,0.018409447,-0.393138399,LL
36.03705961,-26.57475344,-12.76781427,0.496348759,0.048290088,-0.544638847,Normal
31.39345408,-28.14064425,6.624332606,0.589024524,-0.183321164,-0.405703359,Normal
-882.4879295,463.4692458,421.1201611,-0.018617307,0.042282282,-0.023664976,LLL
18.81357744,-30.99361019,9.112658361,0.577845837,-0.159860529,-0.417985308,Normal
-711.1845619,-38.96511537,1.567214312,0.042108627,0.265868263,-0.30797689,LG
791.6147723,-743.8340296,-47.77170514,0.000918615,-0.037180108,0.036261493,LLLG
-98.53771226,811.7869583,54.32605465,0.035047684,-0.200216938,0.165169254,LLG
780.2428416,-749.1959311,-28.3182884,-6.59e-05,-0.043378207,0.043444109,LLLG
-64.34052906,36.86176308,24.01060117,0.165785317,-0.569585331,0.403800013,Normal
34.20101139,-28.57605657,-8.806723543,0.51169344,0.018978787,-0.530672227,Normal
-41.9222432,94.94733005,-56.03175496,-0.581974465,0.123609656,0.458364809,Normal
-418.5368051,-49.02235371,35.68936732,0.274573699,-0.029318913,-0.245254786,LG
88.91583634,-48.56683077,50.84711416,0.372352658,-0.591343496,0.218990837,LLG
-680.1351034,-70.68852649,30.17644121,0.284749183,-0.197002085,-0.087747097,LG
-635.9792259,849.4303383,-211.4197289,0.011833835,0.029316988,-0.041150823,LLL
-405.040442,-466.5781475,-55.99696778,-0.042359365,0.344849364,-0.302489999,LLG
-601.8677561,-257.8610997,861.7406177,-0.040863313,0.030162297,0.010701017,LLL
53.56509372,-11.66936657,-44.94634466,0.251532811,0.358874669,-0.61040748,Normal
-47.59170134,8.217570541,36.40222312,0.36816301,-0.580124206,0.211961196,Normal
843.1626626,-246.5284599,27.14371773,0.028471815,-0.34391737,0.315445555,LLG
680.0691612,150.2161682,-828.1525198,0.039145535,-0.033636933,-0.005508602,LLL
-715.8905908,806.4061995,-88.40644299,0.005989609,0.033333211,-0.03932282,LLL
-452.6784118,-418.0706468,-54.99136731,-0.042273628,0.353663516,-0.311389888,LLG
55.61577952,-507.1196062,454.13305,0.254104792,0.0340414,-0.288146192,LL
465.3164238,-12.59418054,43.24764244,0.289441707,-0.59316923,0.303727523,LG
698.5301064,-821.4805314,-22.83862519,-0.006668783,-0.095395723,0.102064506,LLG
474.5042501,4.700265052,33.33232946,0.267460947,-0.566014466,0.298553519,LLG
34.60799842,55.3093717,-92.97875956,-0.35747228,0.626056977,-0.268584697,Normal
13.1970669,73.8897746,-90.22880441,-0.526137753,0.555360526,-0.029222772,Normal
4.498701345,-728.0277766,725.9500484,-0.318772486,-0.011550758,0.330323244,LL
28.07180863,-792.1275056,766.6436435,-0.135574997,0.004156461,0.131418536,LL
38.23213947,744.5305942,56.73473557,0.038350224,-0.247647394,0.209297171,LLG
236.196097,-855.6827996,619.4844432,-0.030928914,-0.009589813,0.040518727,LLLG
870.7498864,-427.1217095,15.3624482,0.020946585,-0.302194892,0.281248307,LLG
691.5529744,-822.3207519,130.7655142,-0.008001709,-0.031992736,0.039994445,LLLG
-254.9325635,27.91061726,-48.47532015,-0.339233566,0.605641632,-0.266408065,LG
-36.72559837,-3.331816216,37.08921754,0.455857295,-0.548644711,0.092787417,Normal
465.6633468,-12.59191706,43.24990069,0.289456721,-0.593169245,0.303712524,LG
28.89647498,-791.8815905,765.5758339,-0.127793133,0.004592422,0.123200711,LL
-62.45634444,32.48891465,26.62550825,0.193389319,-0.576010119,0.3826208,Normal
-172.1843834,36.40413614,-49.27604033,-0.359277025,0.598577917,-0.239300892,LG
189.8112374,-859.3878457,-52.20749481,-0.03193515,0.168798956,-0.136863806,LLG
-1.978770168,86.66148045,-88.07086607,-0.588325115,0.476055215,0.1122699,Normal
-308.6692598,-561.5251714,872.2800148,-0.042045332,0.016477959,0.025567373,LLL
-17.86279419,94.35152685,-79.87168595,-0.618514892,0.362222744,0.256292148,Normal
-66.05200108,84.23378775,-21.29519485,-0.37503169,-0.220593204,0.595624894,Normal
-70.66967818,81.06375859,-13.865451,-0.287679983,-0.310341566,0.59802155,Normal
779.4248949,24.61953835,24.52335703,0.121648954,-0.447631274,0.325982319,LG
-52.79603762,-173.9202585,229.1479681,-0.506452447,-0.04055627,0.547008716,LL
-48.43302067,770.0690495,-719.1509566,0.059080266,-0.011411709,-0.047668558,LL
40.32462846,168.7488479,-206.4542483,0.498582149,0.040615188,-0.539197337,LL
854.9435158,61.82491276,-9.598318516,-0.143183842,-0.075170265,0.218354107,LG
-75.10533606,-739.8832963,817.1526176,-0.03677687,0.004637148,0.032139722,LLL
-791.3614372,57.5083281,735.9483353,-0.03426223,0.038737541,-0.004475311,LLL
26.65369703,-776.0211516,751.8514012,-0.151388731,0.004260626,0.147128106,LL
-883.4686983,450.8171565,432.6493441,-0.019220067,0.042337971,-0.023117904,LLLG
-728.1534189,148.7368324,-19.11378255,0.007562299,0.299381914,-0.306944213,LLG
34.82578245,-31.0470138,-6.725082068,0.51268704,0.017517593,-0.530204632,Normal
-45.67493714,99.98211064,-57.75591231,-0.573672829,0.098477068,0.475195761,Normal
-27.53706204,-8.198658508,32.4082203,0.513452062,-0.501272734,-0.012179328,Normal
44.54115957,38.37094052,-86.31883621,-0.221882451,0.617912312,-0.396029861,Normal
-3.976127061,-15.13529147,30.27699112,0.571457246,-0.356533887,-0.214923359,Normal
40.38009096,-28.8952519,-14.42888814,0.470669458,0.093451095,-0.564120553,Normal
-18.18313355,92.08641627,-77.03559807,-0.618091894,0.352760518,0.265331376,Normal
-751.0340148,-25.74026732,778.7893334,-0.036456753,0.03694839,-0.000491636,LLL
43.59562838,37.23791018,-83.75363631,-0.255164646,0.620303805,-0.365139158,Normal
19.92281191,67.10045001,-90.04877043,-0.487144244,0.58243898,-0.095294736,Normal
34.51716065,-29.16575062,2.57534564,0.580912968,-0.147254408,-0.43365856,Normal
10.8664092,759.4717642,56.36302279,0.037765422,-0.238615333,0.200849911,LLG
435.3592267,67.0306503,-42.78090044,-0.358573119,0.394102065,-0.035528946,LG
46.90776159,-23.48768811,-22.41339105,0.456778029,0.116118618,-0.572896647,Normal
52.93332478,-601.06198,550.6347972,0.175730977,0.029198742,-0.204929719,LL
-798.3988344,109.6725688,-34.78929835,-0.03303563,0.363674069,-0.330638439,LLG
53.15746322,15.54392008,-71.62766143,-0.052791903,0.561957933,-0.50916603,Normal
16.64447638,-780.0843926,765.9921669,-0.231857393,-0.00403374,0.235891133,LL
-752.4786567,304.1763656,-11.92634447,-0.081875974,0.296344023,-0.214468049,LLG
-63.66371972,34.16439323,26.28250715,0.166870136,-0.571180612,0.404310476,Normal
-39.67542531,96.24549704,-59.69547119,-0.591618073,0.15234123,0.439276843,Normal
-5.947478387,88.90765699,-86.34703313,-0.599368234,0.450025737,0.149342498,Normal
-13.78434403,718.5366376,-702.0857696,0.335734085,0.014111045,-0.34984513,LL
16.49603459,487.891115,-501.6789195,0.471310641,0.031163525,-0.502474166,LL
40.7164851,-27.34838961,-16.42722695,0.46437978,0.10359981,-0.56797959,Normal
211.2830712,-13.52211128,17.04953153,0.347384812,-0.586802311,0.239417498,LLLG
6.193572211,-745.8634324,742.1939749,-0.305919465,-0.011151675,0.31707114,LL
315.8514051,63.26787305,-45.92085829,-0.374058251,0.455018437,-0.080960186,LG
805.5092597,-85.23523258,-718.1377302,0.033496238,-0.039260278,0.00576404,LLL
28.37877241,62.76905952,-94.29067078,-0.41740932,0.615415047,-0.198005727,Normal
862.9992824,-554.9890911,5.556707189,0.014305907,-0.259075324,0.244769417,LLG
-64.45127799,34.66268598,26.80896282,0.140423318,-0.565734211,0.425310893,Normal
42.04824037,-755.0254847,715.6192401,0.01426487,0.014866862,-0.029131732,LL
755.7646786,-12.73246618,39.79686394,0.036483145,-0.372726683,0.336243538,LLG
403.8207166,66.37029544,-43.49244303,-0.362901088,0.408364029,-0.045462941,LG
-31.33713163,98.05907807,-70.10035322,-0.613793297,0.244751559,0.369041739,Normal
49.84646775,29.68911718,-82.1893748,-0.130801731,0.595003446,-0.464201715,Normal
774.9642957,-54.06238835,37.61757381,0.034625436,-0.369074312,0.334448876,LLG
30.77614616,-772.1627646,743.8846372,-0.113045852,0.00755391,0.105491942,LL
-158.6405118,37.35333718,-49.39640009,-0.361305473,0.597027278,-0.235721805,LG
797.5826081,27.71867805,22.44736504,0.104418828,-0.427897752,0.323478923,LG
-881.994807,486.126606,395.8659373,-0.017421563,0.042185849,-0.024764285,LLLG
55.45964292,3.409122647,-61.79870189,0.070631081,0.496484475,-0.567115556,Normal
-72.63731565,66.60480333,2.560452785,-0.125894118,-0.438604312,0.56449843,Normal
856.3970283,-587.1432752,2.84121884,0.012412191,-0.245916486,0.233504295,LLG
50.50337826,-17.80006008,-32.69661208,0.383279555,0.217612874,-0.600892429,Normal
-125.9510154,37.97163403,-49.82626008,-0.362654604,0.5953294,-0.232674796,LG
-32.50919788,-6.196370064,35.62252998,0.484086665,-0.529436901,0.045350235,Normal
51.23903473,-15.17311703,-39.23822136,0.30924739,0.302536606,-0.611783997,Normal
-397.6490569,-483.3399558,882.9972976,-0.042370065,0.020661762,0.021708303,LLL
-28.74783408,-488.5318675,519.6357944,-0.475726395,-0.030680882,0.506407276,LL
-511.4322718,-369.2855585,-51.81905368,-0.034323555,0.364185068,-0.329861514,LLG
-68.25462792,44.80717314,20.34837551,0.055785201,-0.53653077,0.480745568,Normal
-71.06326725,61.95793672,6.229789942,-0.141979599,-0.429775702,0.5717553,Normal
54.22219197,0.760519188,-58.40250154,0.152305036,0.442340375,-0.59464541,Normal
21.05057738,438.3042326,-456.6429764,0.483323049,0.03331941,-0.516642459,LL
-632.3132828,-218.5158124,850.8268316,-0.040297048,0.031545951,0.008751096,LLLG
-486.9311148,-68.67118014,40.53840857,0.347365822,-0.356777301,0.009411479,LG
-49.76391949,96.44071176,-49.92093179,-0.548060363,0.039952208,0.508108155,Normal
-40.33815017,98.86655857,-61.90357105,-0.592672032,0.153891189,0.438780843,Normal
817.9924505,-695.4647993,-69.64319634,0.004582103,-0.084744377,0.080162273,LLLG
-565.5847404,870.4446436,-304.8621669,0.016216983,0.025797604,-0.042014587,LLLG
-328.5515025,-556.7943108,-56.66244541,-0.038740746,0.332560381,-0.293819635,LLG
28.80019063,342.5227254,-368.6070541,0.497342047,0.036674314,-0.534016361,LL
-854.9411304,-61.82450954,9.598491403,0.143189874,0.075170384,-0.218360258,LG
836.981018,-664.0135992,-172.9696816,0.006560338,-0.039483393,0.032923055,LLLG
-41.7023803,3.456098279,35.03934023,0.423248046,-0.562162024,0.138913979,Normal
-62.53163932,30.66689503,28.88626029,0.176939079,-0.574674793,0.397735714,Normal
416.012963,66.74877929,-43.10190956,-0.360945593,0.401282576,-0.040336983,LG
-854.9625086,-61.82501984,9.597986306,0.143188954,0.075170371,-0.218359324,LG
25.35452,63.66691268,-92.29092408,-0.443942249,0.604946372,-0.161004123,Normal
848.8268314,-624.0079196,-69.54233739,0.009822692,-0.153372186,0.143549494,LLLG
46.56383472,32.49100882,-82.09112929,-0.202335169,0.612022455,-0.409687286,Normal
-655.1951435,445.7798529,16.36527331,-0.189950024,0.283259516,-0.093309492,LLG
847.6528155,-207.9664522,-639.6886268,0.029420233,-0.041043791,0.011623558,LLLG
35.38886929,-45.45341943,49.92900781,0.37550287,-0.576500596,0.200997726,LG
498.8847003,367.3121312,53.76540512,0.042045221,-0.361093347,0.319048126,LLG
-38.0559401,-744.8279868,-56.73671887,-0.038344936,0.247648291,-0.209303355,LLG
-800.0492702,724.2669259,77.88907918,-0.001973901,0.037646729,-0.035672828,LLL
494.7190319,-890.7213441,398.1571663,-0.019758891,-0.022393801,0.042152692,LLL
-62.45847353,91.57003598,-32.47668685,-0.440958291,-0.138241383,0.579199674,Normal
53.5907701,13.07687772,-70.08287112,0.021235552,0.527207645,-0.548443197,Normal
861.1413219,42.15871624,11.41565424,0.015571934,-0.315927562,0.300355628,LG
-51.66495673,94.53620597,-45.99214657,-0.533491553,0.010638091,0.522853462,Normal
823.2444184,65.65878531,-15.66379139,-0.186542715,0.000777282,0.185765433,LG
-64.59840133,34.48079878,27.25006492,0.131668579,-0.563834635,0.432166056,Normal
54.66277731,-6.69144747,-49.11485745,0.248823161,0.362012828,-0.610835989,Normal
35.65637369,-28.12915686,-10.70837406,0.501941902,0.038007661,-0.539949563,Normal
-19.78648349,-13.71363988,30.17518041,0.54666815,-0.458599522,-0.088068628,Normal
700.0470415,48.72938235,39.79681487,0.077062559,-0.408455731,0.331393172,LLG
-664.9200258,-17.58814757,-29.54848005,-0.157050828,0.489739676,-0.332688848,LG
49.26011547,-20.04382587,-32.27072078,0.356578403,0.250121782,-0.606700186,Normal
-56.42262748,-99.59544281,158.351503,-0.499757855,-0.041405601,0.541163456,LL
-713.4200403,-6.329035183,-32.09341702,-0.009200043,0.347892613,-0.338692571,LLG
-814.4151604,112.7449559,703.6871932,-0.032630168,0.039741187,-0.007111019,LLL
42.28730666,132.6135672,-172.2828381,0.495448641,0.041138527,-0.536587167,LL
869.367324,-402.3879725,17.10454023,0.02209246,-0.309101409,0.287008949,LLG
-737.4921748,79.2506664,-25.65962189,-0.013317014,0.333391265,-0.320074251,LLG
-68.81301277,75.36910559,-9.436335161,-0.293568824,-0.30612506,0.599693885,Normal
-69.64914432,353.2837432,-281.2707152,-0.361142,-0.03921407,0.40035607,LL
-69.30877245,73.94085306,-7.511769409,-0.276572462,-0.322051188,0.59862365,Normal
-721.7560987,-11.61402924,735.5485115,-0.009490458,0.029635531,-0.020145073,LLL
848.4000935,-647.9086314,-198.3457006,0.008102949,-0.04013475,0.032031801,LLL
38.09574445,744.7683189,56.73670099,0.038335346,-0.247637655,0.209302309,LLG
19.4983311,458.3401953,-475.2243309,0.479009277,0.032483876,-0.511493154,LL
595.1789351,70.51437083,-35.47989709,-0.317939649,0.275772728,0.04216692,LG
-243.4771827,-614.0523329,857.5272618,-0.041509629,0.013379993,0.028129636,LLLG
386.2190255,494.7630353,-880.9831505,0.042334482,-0.020025794,-0.022308688,LLLG
-2.981605405,83.93826509,-83.97519803,-0.592575778,0.460968941,0.131606837,Normal
883.547363,-451.3094544,-432.2401718,0.019166988,-0.042250365,0.023083378,LLLG
532.0140423,328.6932528,52.70879039,0.041750323,-0.365725443,0.32397512,LLG
725.4159054,-799.5995143,76.25242436,-0.00536672,-0.033684136,0.039050856,LLL
-659.3695577,260.9939644,-2.634382762,0.016479435,0.237169892,-0.253649327,LLG
179.6061341,-842.5476143,-52.2323908,-0.032664336,0.16932857,-0.136664234,LLG
582.7334574,38.92919674,32.03653977,0.190617805,-0.504184539,0.313566733,LLG
29.99326606,60.93819335,-94.05526251,-0.402985336,0.61896206,-0.215976724,Normal
-457.740565,889.7300872,40.77400811,0.021588761,-0.045383347,0.023794586,LLG
-385.8809934,887.1574208,44.4449797,0.024929029,-0.080363603,0.055434575,LLG
23.45191086,-28.6654205,1.902914885,0.561538701,-0.103077708,-0.458460992,Normal
721.6016891,70.17598823,-26.96188499,-0.263797239,0.151438074,0.112359166,LG
871.5242156,-507.72952,-35.84967855,0.016758387,-0.243313945,0.226555558,LLLG
-510.5818333,879.5632896,-368.98372,0.019235906,0.023079962,-0.042315868,LLLG
-64.12206922,83.89903532,-17.43801941,-0.464114351,-0.042325691,0.506440042,LL
-23.39029236,94.96324138,-74.82645513,-0.619536146,0.312784608,0.306751538,Normal
-726.8981429,28.64751119,-29.78259788,-0.01208612,0.343628743,-0.331542623,LLG
807.9766221,66.83226842,-17.87968317,-0.202079183,0.02931897,0.172760213,LG
-768.2309182,239.443298,530.9710315,-0.05730647,0.045165778,0.012140693,LLL
14.44515066,71.88277976,-89.35169488,-0.520507866,0.55900355,-0.038495683,Normal
871.1189314,-439.3319318,14.48560692,0.020365816,-0.298629352,0.278263536,LLG
33.1090167,57.20616878,-93.39932629,-0.37300203,0.624285645,-0.251283615,Normal
53.25717335,737.9944483,-789.1294436,0.038613247,-0.004227883,-0.034385364,LLL
8.768019096,76.30890618,-88.09894669,-0.549364751,0.530773023,0.018591727,Normal
63.09232516,-43.72450589,49.89846672,0.372996169,-0.582074192,0.209078022,LG
725.6086596,-809.9461406,-20.31815405,-0.004291333,-0.112699626,0.116990959,LLG
664.8765444,-836.6649809,171.7861745,-0.009952324,-0.030652122,0.040604446,LLLG
-213.7774235,-630.5873483,-57.77729364,-0.041198398,0.300022619,-0.258824221,LLG
-758.9083285,-12.6102264,771.5162914,-0.036120388,0.037284894,-0.001164506,LLLG
19.80482799,71.50319631,-94.53201224,-0.483295949,0.588984762,-0.105688814,Normal
41.6472171,-25.37448735,-19.45113667,0.451916546,0.123144111,-0.575060657,Normal
-396.4345894,-494.2270529,-55.44520357,-0.036270618,0.345919777,-0.309649159,LLG
45.44223811,-786.0861529,742.645841,-0.036496133,-0.00037551,0.036871644,LLL
-863.7180076,-43.04652083,-10.65077412,-0.009557432,0.307767461,-0.298210029,LG
-27.1317629,-511.5788849,541.1676267,-0.469817948,-0.030122435,0.499940383,LL
530.8466188,-893.1946456,-36.73892965,-0.017594152,0.009691735,0.007902417,LLG
7.248671803,-27.56911344,17.12917958,0.592063674,-0.264398175,-0.327665499,Normal
47.22322834,-716.1280929,671.5724,0.085646551,0.019257379,-0.10490393,LL
517.9207092,362.2562599,-878.0474363,0.041941548,-0.026163481,-0.015778067,LLL
38.00817004,204.6710584,-239.9630785,0.500465992,0.040000019,-0.540466011,LL
-726.8332469,-8.655963542,-33.4654116,-0.040840145,0.366164444,-0.325324299,LLG
-63.16322883,33.16481676,26.78190187,0.175934637,-0.573197654,0.397263017,Normal
-681.789592,831.7677986,24.49457649,0.007969623,0.083917902,-0.091887525,LLG
-869.1733018,301.2286749,569.9643311,-0.025948887,0.041997487,-0.0160486,LLL
-13.12714167,93.70218291,-83.95923399,-0.613678353,0.401289192,0.212389161,Normal
36.09273632,239.8449198,-273.3171524,0.501500604,0.039299448,-0.540800052,LL
-71.47790011,59.9483185,8.425733365,-0.096107407,-0.459018817,0.555126224,Normal
853.5610826,-288.2099491,24.70470042,0.027074437,-0.336385938,0.309311501,LLG
-827.6057914,681.5324144,146.0711134,-0.005297306,0.039074653,-0.033777347,LLLG
-698.4912428,821.4226299,22.83863726,0.006659085,0.095406432,-0.102065517,LLG
38.58567474,46.54780014,-88.28481222,-0.315590463,0.625483288,-0.309892825,Normal
-846.4685632,259.8716873,-26.33911966,-0.027985562,0.341477861,-0.3134923,LLG
846.5071441,-259.9290365,26.33913322,0.027975831,-0.341467128,0.313491296,LLG
-673.870562,831.6161926,-157.7478943,0.009249934,0.031195382,-0.040445316,LLLG
-70.80406835,54.18471314,13.27036069,-0.011744248,-0.505138985,0.516883232,Normal
705.9986436,108.9779854,-812.8432044,0.038342959,-0.03481632,-0.003526639,LLL
521.8769453,-533.6700515,13.92843185,0.029427535,-0.494062573,0.464635038,LLL
-460.8711056,-438.0596167,901.1011642,-0.042881497,0.023419832,0.019461665,LLL
562.321807,32.54905683,31.82050825,0.207612737,-0.518306629,0.310693892,LLG
4.653502274,-27.94895164,20.22364998,0.592904883,-0.290031817,-0.302873066,Normal
41.92270184,-23.68778704,-21.5375651,0.445239346,0.133280059,-0.578519404,Normal
-58.68628527,92.76921221,-37.32301598,-0.479016309,-0.083291015,0.562307324,Normal
47.72695198,-682.717922,637.4647096,0.084084569,0.022929889,-0.107014458,LL
54.0457154,11.9776706,-69.06580566,-0.005723676,0.540033074,-0.534309398,Normal
-63.84010458,35.86193808,24.51019773,0.174849924,-0.571602526,0.396752603,Normal
112.4516239,-828.9753982,716.5679502,-0.033987859,-0.003975326,0.037963185,LLLG
51.38859203,-16.04658833,-35.58819419,0.361258677,0.244410916,-0.605669593,Normal
44.17345631,36.24910828,-83.34294297,-0.246416315,0.619174747,-0.372758433,Normal
-754.9398628,774.7303119,-19.79257064,0.002673853,0.035298752,-0.037972604,LLLG
-44.71316982,5.760784715,35.86519627,0.396523127,-0.57232416,0.175801033,Normal
38.95828327,192.6411645,-228.9796301,0.500052209,0.040216137,-0.540268346,LL
-70.0356814,395.9208603,-323.4176716,-0.338152984,-0.038190856,0.37634384,LL
-9.928198492,90.94330489,-84.40066009,-0.608102356,0.422303206,0.18579915,Normal
-248.7936606,859.3318062,-608.5003097,0.030423079,0.010310084,-0.040733162,LLL
24.32749907,-776.1965307,754.2496248,-0.173837696,0.00227089,0.171566806,LL
-68.57689095,46.08171361,19.2746461,0.055272694,-0.535777073,0.480504379,Normal
-839.5715672,233.0097141,-27.94159146,-0.028970503,0.346293488,-0.317322986,LLG
-46.99190496,-268.2853417,317.7117473,-0.50834111,-0.038678938,0.547020048,LL
641.2009005,-855.7836311,214.5977572,-0.011423001,-0.029600463,0.041023464,LLLG
-24.99357229,94.20687332,-72.34350992,-0.618342756,0.295208735,0.32313402,Normal
-39.45376706,-366.3692913,408.1658372,-0.500934345,-0.035605534,0.53653988,LL
-717.1577527,79.37101702,-24.16142574,0.021429787,0.312671521,-0.334101308,LLG
-671.4912391,-57.20307281,11.56257908,0.116329729,0.094018582,-0.210348312,LG
-230.1059845,-623.9596146,854.0633451,-0.0413702,0.012746908,0.028623292,LLLG
852.1611243,39.43313317,13.69269088,0.03356969,-0.339932494,0.306362804,LG
170.3301031,56.86629146,-48.60740011,-0.382429813,0.51703456,-0.134604747,LG
-737.9811504,-18.26439124,-28.50784639,-0.15525626,0.484075194,-0.328818934,LG
-15.59657576,88.91485991,-76.21936137,-0.615697669,0.367054934,0.248642735,Normal
870.4456895,-487.0591864,10.94467711,0.017993932,-0.283639428,0.265645496,LLG
49.76568552,-17.63268626,-35.30652263,0.340809071,0.268339661,-0.609148732,Normal
-18.23274112,-585.267947,605.8737102,-0.437892397,-0.025206366,0.463098763,LL
-612.6125916,-245.3078276,857.9181758,-0.040689047,0.030640787,0.01004826,LLLG
-59.57461358,-40.05868934,102.0653743,-0.490928499,-0.042104757,0.533033256,LL
354.5020504,-877.5489222,525.1226576,-0.026532041,-0.015320096,0.041852137,LLL
-62.16360892,-747.0215415,811.3489276,-0.037225599,0.004194072,0.033031527,LLL
-526.696029,347.1973453,181.6894938,-0.13109417,0.056790013,0.074304157,LLL
53.87036233,-12.87670035,-43.92923526,0.252018293,0.358160716,-0.610179009,Normal
41.41094879,-758.3902836,719.6183699,0.00616769,0.014594166,-0.020761856,LL
380.8247112,-20.16223454,45.72457504,0.315176011,-0.603153847,0.287977836,LG
-47.29132939,93.06884191,-48.66884812,-0.555280093,0.056775122,0.49850497,Normal
-8.116308567,-658.2057684,668.6193409,-0.392102173,-0.019572933,0.411675106,LL
-182.100632,839.4820194,-657.3831937,0.032642391,0.007061667,-0.039704058,LLLG
837.6319344,-217.9871056,15.70338628,0.029420228,-0.345988786,0.316568558,LLLG
56.63778775,-418.9216469,364.9336386,0.312729375,0.037255649,-0.349985025,LL
-729.3472362,-70.02064732,26.29886831,0.259415352,-0.142204039,-0.117211313,LG
-834.1843594,167.5689063,668.7122908,-0.030867918,0.040586916,-0.009718999,LLL
-596.9334522,862.3918187,-265.4606303,0.014356339,0.027353009,-0.041709348,LLLG
-385.9451237,887.270544,44.44611653,0.024921937,-0.08035895,0.055437013,LLG
0.980444392,84.84402344,-89.21359982,-0.578553388,0.494404219,0.084149169,Normal
-232.6592148,858.6665089,50.57631823,0.030906345,-0.147872256,0.116965912,LLG
-785.8145161,42.87939201,742.932893,-0.034656869,0.038477751,-0.003820882,LLLG
871.2729389,-451.4335492,13.6051882,0.019780009,-0.294990119,0.27521011,LLG
48.70663653,29.08557971,-81.0730387,-0.148365136,0.599272565,-0.45090743,Normal
49.94137388,26.49066721,-79.8426945,-0.11155133,0.5877026,-0.47615127,Normal
856.7646296,-235.5228136,-619.1032597,0.028554219,-0.041439686,0.012885467,LLL
862.6771629,-263.0059383,-599.6692745,0.027557296,-0.041690262,0.014132966,LLLG
-71.67303792,64.36957281,4.198125067,-0.142949344,-0.428349587,0.571298931,Normal
-368.2542849,-501.7570712,-56.60626796,-0.042314187,0.337343674,-0.295029487,LLG
-29.7395154,95.26906579,-68.65825554,-0.614043873,0.252018852,0.362025021,Normal
-50.93163892,13.20962566,34.63244999,0.337317421,-0.584116365,0.246798944,Normal
-33.16294716,-3.610814416,33.44434208,0.483046984,-0.527907938,0.044860954,Normal
-23.00332481,97.39123311,-77.79744629,-0.62074797,0.322698514,0.298049457,Normal
-3.672588619,83.29927567,-82.53111179,-0.594785182,0.45370005,0.141085132,Normal
48.73354725,-670.730832,624.4765529,0.099663984,0.024037468,-0.123701452,LL
851.5540241,-639.0105996,-212.537054,0.008726993,-0.040323368,0.031596374,LLLG
-42.53524187,-322.6703548,367.4508287,-0.505314356,-0.036974024,0.542288381,LL
-70.89136497,72.59866759,-4.815628422,-0.233947923,-0.358937771,0.592885694,Normal
-674.9605892,-20.79158583,-31.03505144,-0.152956968,0.484075161,-0.331118193,LG
5.148248891,-781.9004887,778.9149776,-0.03607029,0.001008996,0.035061294,LLL
-61.58139984,30.16797351,28.19784334,0.202838691,-0.578368836,0.375530144,Normal
-8.909758265,-23.31690044,29.26672256,0.577231851,-0.396965334,-0.180266517,Normal
-42.21711886,-336.4090777,381.0645357,-0.504520341,-0.036890964,0.541411305,LL
510.6467221,-880.0351508,369.3861653,-0.019290349,-0.02299128,0.042281628,LLLG
-72.38814764,63.02324418,5.893049906,-0.088269243,-0.462450323,0.550719566,Normal
-76.68687623,42.84641692,-49.86229847,-0.371588557,0.584646015,-0.213057458,LG
-43.89325362,4.856902444,35.94945901,0.403487785,-0.570188806,0.166701021,Normal
764.9350046,-765.0611254,-15.13207373,-0.000708795,-0.145767626,0.14647642,LLG
-9.787316135,-776.2624674,-56.50457898,-0.036912795,0.242368758,-0.205455963,LLG
-660.6776827,-177.9480054,838.6234471,-0.039633616,0.03284431,0.006789306,LLLG
709.1801349,-810.978859,103.8679373,-0.006683833,-0.032862178,0.039546011,LLL
-29.46346002,97.71131799,-71.62691391,-0.616256348,0.262331953,0.353924395,Normal
-17.17323493,-14.2213782,27.94172132,0.556318491,-0.439800079,-0.116518411,Normal
-63.19206416,660.0352941,-594.317151,-0.129927011,-0.025650584,0.155577595,LL
-816.0390301,693.3195828,7.123612278,-0.005274949,0.193241685,-0.187966735,LLG
-18.50885102,93.37461778,-78.12083659,-0.618609894,0.353522293,0.265087601,Normal
39.05954854,-29.52322151,-12.48094203,0.481916146,0.074532245,-0.556448391,Normal
721.6020597,70.17600901,-26.96186932,-0.263797216,0.151438082,0.112359134,LG
453.9061472,-13.68454754,43.63648621,0.293354472,-0.595037964,0.301683492,LG
607.1567279,-859.7527858,252.5937945,-0.013783264,-0.027769488,0.041552752,LLLG
-22.75144189,92.43660524,-72.6979055,-0.618520157,0.311290488,0.307229669,Normal
94.75955154,714.2483316,-806.8850931,0.039391121,-0.006209255,-0.033181866,LLL
-10.53426823,-20.31220006,27.64968098,0.573974437,-0.402373709,-0.171600728,Normal
-57.61117316,-14.1165427,34.99417124,0.458601122,-0.48106458,0.022463458,Normal
-49.9610833,-754.4486491,804.468246,-0.037741911,0.00378788,0.03395403,LLLG
-56.79776125,22.23338761,31.35126194,0.272074959,-0.585642194,0.313567235,Normal
